drug_name,num_ind_dc,drugbank,drug_mesh,disease_name,disease_mesh,disease_umls,cui_semantic_type,snomed_conceptid,in_dmdb
urokinase,1,DB00013,MESH:D014568,Pulmonary embolism,MESH:D011655,C0034065,T047,59282003.0,False
carbidopa,3,DB00190,MESH:D002230,Parkinson's disease,MESH:D010300,C0030567,T047,49049000.0,False
carbidopa,3,DB00190,MESH:D002230,Parkinsonism,MESH:D020734,C0242422,T047,32798002.0,False
carbidopa,3,DB00190,MESH:D002230,Postencephalitic parkinsonism,MESH:D010301,C0030568,T047,19972008.0,False
famciclovir,1,"DB00299,DB00426",MESH:C060590,Herpes zoster,MESH:D006562,C0019360,T047,4740000.0,False
beclometasone dipropionate,5,DB00394,MESH:D001507,Allergic rhinitis,MESH:D065631,C2607914,T047,61582004.0,False
beclometasone dipropionate,5,DB00394,MESH:D001507,Asthma,MESH:D001249,C0004096,T047,195967001.0,False
beclometasone dipropionate,5,DB00394,MESH:D001507,Nasal polyp,MESH:D009298,C0027430,T190,52756005.0,False
beclometasone dipropionate,5,DB00394,MESH:D001507,Vasomotor rhinitis,MESH:D012223,C0035460,T047,8229003.0,False
beclometasone dipropionate,5,DB00394,MESH:D001507,Rhinitis,MESH:D012220,C0035455,T047,70076002.0,False
warfarin,5,DB00682,MESH:D014859,Thromboembolic disorder,MESH:D013923,C0040038,T047,371039008.0,False
warfarin,5,DB00682,MESH:D014859,Cerebral embolism,MESH:D020766,C0007780,T047,75543006.0,False
warfarin,5,DB00682,MESH:D014859,Deep venous thrombosis,MESH:D020246,C0149871,T047,128053003.0,False
warfarin,5,DB00682,MESH:D014859,Thrombosis,MESH:D013927,C0040053,T046,439127006.0,False
warfarin,5,DB00682,MESH:D014859,Pulmonary thromboembolism,MESH:D011655,C0524702,T047,233935004.0,False
sulconazole,2,DB06820,MESH:C033308,Tinea pedis,MESH:D014008,C0040259,T047,6020002.0,False
sulconazole,2,DB06820,MESH:C033308,Pityriasis versicolor,MESH:D014010,C0040262,T047,56454009.0,False
fasudil,1,DB08162,MESH:C049347,Spasm of cerebral arteries,MESH:D020301,C0265110,T047,73173006.0,False
tipiracil,1,DB09343,MESH:C000613754,Malignant tumor of colon,MESH:D003110,C0007102,T191,363406005.0,False
ferrous gluconate,1,DB09517,MESH:C011819,Iron deficiency anemia,MESH:D018798,C0162316,T047,87522002.0,False
