drug_name,num_ind_dc,drugbank,drug_mesh,disease_name,disease_mesh,disease_umls,cui_semantic_type,snomed_conceptid,in_dmdb
cisplatin,1,DB00515,MESH:D002945,Malignant tumor of ovary,MESH:D010051,C1140680,T191,363443007.0,False
mebendazole,3,DB00643,MESH:D008463,Trichuriasis,MESH:D014257,C0040954,T047,3752003.0,False
mebendazole,3,DB00643,MESH:D008463,Ascariasis,MESH:D001196,C0003950,T047,2435008.0,False
mebendazole,3,DB00643,MESH:D008463,Enterobiasis,MESH:D017229,C0086227,T047,266162007.0,False
levamisole,2,DB00848,"MESH:D007978,MESH:D013773",Ascariasis,MESH:D001196,C0003950,T047,2435008.0,False
levamisole,2,DB00848,"MESH:D007978,MESH:D013773",Ancylostomiasis,MESH:D000724,C0002831,T047,63479002.0,False
prednicarbate,9,DB01130,MESH:C035287,Lichen simplex chronicus,MESH:D009450,C0149922,T047,53891004.0,False
prednicarbate,9,DB01130,MESH:C035287,Pruritus ani,MESH:D011538,C0033775,T184,90446007.0,False
prednicarbate,9,DB01130,MESH:C035287,Primary cutaneous T-cell lymphoma,MESH:D016410,C0079773,T191,400122007.0,False
prednicarbate,9,DB01130,MESH:C035287,Contact dermatitis,MESH:D003877,C0011616,T047,40275004.0,False
prednicarbate,9,DB01130,MESH:C035287,Atopic dermatitis,MESH:D003876,C0011615,T047,24079001.0,False
prednicarbate,9,DB01130,MESH:C035287,Granuloma annulare,MESH:D016460,C0085074,T047,65508009.0,False
prednicarbate,9,DB01130,MESH:C035287,Eruption of skin,MESH:D005076,C0015230,T047,271807003.0,False
prednicarbate,9,DB01130,MESH:C035287,Seborrheic dermatitis,MESH:D012628,C0036508,T047,50563003.0,False
prednicarbate,9,DB01130,MESH:C035287,Discoid lupus erythematosus,MESH:D008179,C0024138,T047,200938002.0,False
metoclopramide,1,DB01233,MESH:D008787,Gastroesophageal reflux disease,MESH:D005764,C0017168,T047,235595009.0,False
methamphetamine,2,DB01577,MESH:D008694,Attention deficit hyperactivity disorder,MESH:D001289,C1263846,T048,406506008.0,False
methamphetamine,2,DB01577,MESH:D008694,Obesity,MESH:D009765,C0028754,T047,414916001.0,False
ibudilast,1,DB05266,MESH:C038366,Asthma,MESH:D001249,C0004096,T047,195967001.0,False
fesoterodine,1,DB06702,MESH:C526675,Urge incontinence of urine,MESH:D053202,C0150045,T184,87557004.0,False
necitumumab,1,DB09559,MESH:C527969,Non-small cell lung cancer,MESH:D002289,C0007131,T191,254637007.0,False
