drug_name,num_ind_dc,drugbank,drug_mesh,disease_name,disease_mesh,disease_umls,cui_semantic_type,snomed_conceptid,in_dmdb
alteplase,1,DB00009,MESH:D010959,Pulmonary embolism,MESH:D011655,C0034065,T047,59282003.0,False
insulin human,2,DB00030,MESH:D007328,Diabetes mellitus type 1,MESH:D003922,C0011854,T047,46635009.0,False
insulin human,2,DB00030,MESH:D007328,Diabetes mellitus type 2,MESH:D003924,C0011860,T047,44054006.0,False
methylergometrine,1,DB00353,MESH:D008755,Postpartum hemorrhage,MESH:D006473,C0032797,T046,47821001.0,False
vincristine,8,DB00541,MESH:D014750,Rhabdomyosarcoma,MESH:D012208,C0035412,T191,302847003.0,False
vincristine,8,DB00541,MESH:D014750,Non-Hodgkin's lymphoma,MESH:D008228,C0024305,T191,118601006.0,False
vincristine,8,DB00541,MESH:D014750,Neuroblastoma,MESH:D009447,C0027819,T191,432328008.0,False
vincristine,8,DB00541,MESH:D014750,Burkitt's lymphoma,MESH:D002051,C0006413,T191,118617000.0,False
vincristine,8,DB00541,MESH:D014750,Hodgkin's disease,MESH:D006689,C0019829,T191,118599009.0,False
vincristine,8,DB00541,MESH:D014750,Follicular non-Hodgkin's lymphoma,MESH:D008224,C0024301,T191,308121000.0,False
vincristine,8,DB00541,MESH:D014750,Nephroblastoma,MESH:D009396,C0027708,T191,302849000.0,False
vincristine,8,DB00541,MESH:D014750,"Diffuse non-Hodgkin's lymphoma, large cell",MESH:D016403,C0079744,T191,109969005.0,False
fludroxycortide,9,DB00846,MESH:D005478,Granuloma annulare,MESH:D016460,C0085074,T047,65508009.0,False
fludroxycortide,9,DB00846,MESH:D005478,Contact dermatitis,MESH:D003877,C0011616,T047,40275004.0,False
fludroxycortide,9,DB00846,MESH:D005478,Discoid lupus erythematosus,MESH:D008179,C0024138,T047,200938002.0,False
fludroxycortide,9,DB00846,MESH:D005478,Eruption of skin,MESH:D005076,C0015230,T047,271807003.0,False
fludroxycortide,9,DB00846,MESH:D005478,Seborrheic dermatitis,MESH:D012628,C0036508,T047,50563003.0,False
fludroxycortide,9,DB00846,MESH:D005478,Pruritus ani,MESH:D011538,C0033775,T184,90446007.0,False
fludroxycortide,9,DB00846,MESH:D005478,Primary cutaneous T-cell lymphoma,MESH:D016410,C0079773,T191,400122007.0,False
fludroxycortide,9,DB00846,MESH:D005478,Atopic dermatitis,MESH:D003876,C0011615,T047,24079001.0,False
fludroxycortide,9,DB00846,MESH:D005478,Lichen simplex chronicus,MESH:D009450,C0149922,T047,53891004.0,False
rifaximin,1,DB01220,MESH:C042734,Hepatic encephalopathy,MESH:D006501,C0019151,T047,13920009.0,False
deferasirox,1,DB01609,MESH:C415250,beta Thalassemia,MESH:D017086,C0005283,T047,65959000.0,False
iloperidone,1,DB04946,MESH:C081732,Schizophrenia,MESH:D012559,C0036341,T048,58214004.0,False
ramatroban,1,DB13036,MESH:C063119,Allergic rhinitis,MESH:D065631,C2607914,T047,61582004.0,False
