drug_name,num_ind_dc,drugbank,drug_mesh,disease_name,disease_mesh,disease_umls,cui_semantic_type,snomed_conceptid,in_dmdb
adalimumab,7,DB00051,MESH:D000068879,Hidradenitis suppurativa,MESH:D017497,C0162836,T047,59393003.0,False
adalimumab,7,DB00051,MESH:D000068879,Rheumatoid arthritis,MESH:D001172,C0003873,T047,69896004.0,False
adalimumab,7,DB00051,MESH:D000068879,Juvenile idiopathic arthritis,MESH:D001171,C3495559,T047,410502007.0,False
adalimumab,7,DB00051,MESH:D000068879,Psoriasis with arthropathy,MESH:D015535,C0003872,T047,33339001.0,False
adalimumab,7,DB00051,MESH:D000068879,Ankylosing spondylitis,MESH:D013167,C0038013,T047,9631008.0,False
adalimumab,7,DB00051,MESH:D000068879,Crohn's disease,MESH:D003424,C0010346,T047,34000006.0,False
adalimumab,7,DB00051,MESH:D000068879,Ulcerative colitis,MESH:D003093,C0009324,T047,64766004.0,False
oxytocin,1,DB00107,MESH:D010121,Postpartum hemorrhage,MESH:D006473,C0032797,T046,47821001.0,False
ribavirin,2,DB00811,MESH:D012254,Chronic hepatitis C,MESH:D019698,C0524910,T047,128302006.0,False
ribavirin,2,DB00811,MESH:D012254,Respiratory syncytial virus infection,MESH:D018357,C0035235,T047,55735004.0,False
butenafine,2,DB01091,MESH:C067594,Tinea pedis,MESH:D014008,C0040259,T047,6020002.0,False
butenafine,2,DB01091,MESH:C067594,Pityriasis versicolor,MESH:D014010,C0040262,T047,56454009.0,False
ciclopirox,5,DB01188,MESH:C011585,Pityriasis versicolor,MESH:D014010,C0040262,T047,56454009.0,False
ciclopirox,5,DB01188,MESH:C011585,Candidiasis of skin,MESH:D002179,C0006846,T047,49883006.0,False
ciclopirox,5,DB01188,MESH:C011585,Tinea pedis,MESH:D014008,C0040259,T047,6020002.0,False
ciclopirox,5,DB01188,MESH:C011585,Onychomycosis due to dermatophyte,MESH:D014009,C0040261,T047,402134005.0,False
ciclopirox,5,DB01188,MESH:C011585,Seborrheic dermatitis,MESH:D012628,C0036508,T047,50563003.0,False
mibefradil,2,DB01388,MESH:D020748,Hypertensive disorder,MESH:D006973,C0020538,T047,38341003.0,False
mibefradil,2,DB01388,MESH:D020748,Angina pectoris,MESH:D000787,C0002962,T033,194828000.0,False
diloxanide furoate,1,DB08792,MESH:C004932,Amebic infection,MESH:D000562,C0002438,T047,111910009.0,False
regorafenib,2,DB08896,MESH:C559147,Gastrointestinal stromal tumor,MESH:D046152,C0238198,T191,420120006.0,False
regorafenib,2,DB08896,MESH:C559147,Liver cell carcinoma,MESH:D006528,C2239176,T191,109841003.0,False
selexipag,1,DB11362,MESH:C523468,Pulmonary arterial hypertension,MESH:D000081029,C2973725,T047,11399002.0,False
delafloxacin,1,DB11943,MESH:C477891,Bacterial infection of skin,MESH:D017192,C0162627,T047,128936008.0,False
