drug_name,num_ind_dc,drugbank,drug_mesh,disease_name,disease_mesh,disease_umls,cui_semantic_type,snomed_conceptid,in_dmdb
meclocycline,23,DB13092,MESH:C100122,Bronchitis,MESH:D001991,C0006277,T047,32398004.0,False
meclocycline,23,DB13092,MESH:C100122,Pharyngitis,MESH:D010612,C0031350,T047,405737000.0,False
meclocycline,23,DB13092,MESH:C100122,Sinusitis,MESH:D012852,C0037199,T047,36971009.0,False
meclocycline,23,DB13092,MESH:C100122,Syphilis,MESH:D013587,C0039128,T047,76272004.0,False
meclocycline,23,DB13092,MESH:C100122,Pneumonia,MESH:D011014,C0032285,T047,233604007.0,False
meclocycline,23,DB13092,MESH:C100122,Rickettsialpox,MESH:D000073605,C0035597,T047,75096007.0,False
meclocycline,23,DB13092,MESH:C100122,Q fever,MESH:D011778,C0034362,T047,186788009.0,False
meclocycline,23,DB13092,MESH:C100122,Ornithosis,MESH:D009956,C0029291,T047,75116005.0,False
meclocycline,23,DB13092,MESH:C100122,Gonorrhea,MESH:D006069,C0018081,T047,15628003.0,False
meclocycline,23,DB13092,MESH:C100122,Lymphogranuloma venereum,MESH:D008219,C0024286,T047,186946009.0,False
meclocycline,23,DB13092,MESH:C100122,Granuloma inguinale,MESH:D006100,C0018190,T047,28867007.0,False
meclocycline,23,DB13092,MESH:C100122,Infection due to Staphylococcus aureus,MESH:D013203,C1318973,T047,406602003.0,False
meclocycline,23,DB13092,MESH:C100122,Actinomycotic infection,"MESH:D000196,MESH:D000193",C0001261,T047,11817007.0,False
meclocycline,23,DB13092,MESH:C100122,Urinary tract infectious disease,MESH:D014552,C0042029,T047,68566005.0,False
meclocycline,23,DB13092,MESH:C100122,Acne vulgaris,MESH:D000152,C0001144,T047,88616000.0,False
meclocycline,23,DB13092,MESH:C100122,Anthrax,MESH:D000881,C0003175,T047,409498004.0,False
meclocycline,23,DB13092,MESH:C100122,Chancroid,MESH:D002602,C0007947,T047,266143009.0,False
meclocycline,23,DB13092,MESH:C100122,Yaws,MESH:D015001,C0043388,T047,70647001.0,False
meclocycline,23,DB13092,MESH:C100122,Inclusion conjunctivitis,MESH:D003235,C0009770,T047,266109000.0,False
meclocycline,23,DB13092,MESH:C100122,Brucellosis,MESH:D002006,C0006309,T047,75702008.0,False
meclocycline,23,DB13092,MESH:C100122,Relapsing fever,MESH:D012061,C0035021,T047,420079008.0,False
meclocycline,23,DB13092,MESH:C100122,Trachoma,MESH:D014141,C0040592,T047,2576002.0,False
meclocycline,23,DB13092,MESH:C100122,Rocky Mountain spotted fever,MESH:D012373,C0035793,T047,186772009.0,False
