drug_name,num_ind_dc,drugbank,drug_mesh,disease_name,disease_mesh,disease_umls,cui_semantic_type,snomed_conceptid,in_dmdb
thiamine,5,DB00152,MESH:D013831,Thiamin deficiency,MESH:D013832,C0039841,T047,399357009.0,False
thiamine,5,DB00152,MESH:D013831,Cobalamin deficiency,MESH:D014806,C0042847,T047,190634004.0,False
thiamine,5,DB00152,MESH:D013831,Korsakoff's psychosis,MESH:D020915,C0349464,T048,69482004.0,False
thiamine,5,DB00152,MESH:D013831,Vitamin deficiency,MESH:D001361,C1510471,T047,85670002.0,False
thiamine,5,DB00152,MESH:D013831,Pernicious anemia,MESH:D000752,C0002892,T047,84027009.0,False
midodrine,1,DB00211,MESH:D008879,Orthostatic hypotension,MESH:D007024,C0020651,T033,28651003.0,False
benzatropine,4,DB00245,MESH:D001590,Postencephalitic parkinsonism,MESH:D010301,C0030568,T047,19972008.0,False
benzatropine,4,DB00245,MESH:D001590,Parkinsonism,MESH:D020734,C0242422,T047,32798002.0,False
benzatropine,4,DB00245,MESH:D001590,Extrapyramidal disease,MESH:D001480,C0015371,T047,76349003.0,False
benzatropine,4,DB00245,MESH:D001590,Parkinson's disease,MESH:D010300,C0030567,T047,49049000.0,False
imipramine,2,DB00458,MESH:D007099,Nocturnal enuresis,MESH:D053206,C0270327,T184,8009008.0,False
imipramine,2,DB00458,MESH:D007099,Depressive disorder,MESH:D003866,C0011581,T048,35489007.0,False
porfimer,2,DB00707,MESH:D017323,Non-small cell lung cancer,MESH:D002289,C0007131,T191,254637007.0,False
porfimer,2,DB00707,MESH:D017323,Malignant tumor of esophagus,MESH:D004938,C0546837,T191,363402007.0,False
trimipramine,1,DB00726,MESH:D014299,Depressive disorder,MESH:D003866,C0011581,T048,35489007.0,False
nifedipine,3,DB01115,MESH:D009543,Hypertensive disorder,MESH:D006973,C0020538,T047,38341003.0,False
nifedipine,3,DB01115,MESH:D009543,Prinzmetal angina,MESH:D000788,C0002963,T047,87343002.0,False
nifedipine,3,DB01115,MESH:D009543,Angina pectoris,MESH:D000787,C0002962,T033,194828000.0,False
chlormezanone,1,DB01178,MESH:D002720,Anxiety,MESH:D001007,C0003467,T041,48694002.0,False
elvitegravir,1,DB09101,MESH:C509700,Human immunodeficiency virus infection,MESH:D015658,C0019693,T047,86406008.0,False
