drug_name,num_ind_dc,drugbank,drug_mesh,disease_name,disease_mesh,disease_umls,cui_semantic_type,snomed_conceptid,in_dmdb
mazindol,1,DB00579,MESH:D008454,Obesity,MESH:D009765,C0028754,T047,414916001.0,False
tamsulosin,1,DB00706,MESH:C088482,Benign prostatic hyperplasia,MESH:D011470,C1739363,T047,266569009.0,False
cefaclor,8,DB00833,MESH:D002433,Pharyngitis,MESH:D010612,C0031350,T047,405737000.0,False
cefaclor,8,DB00833,MESH:D002433,Tonsillitis,MESH:D014069,C0040425,T047,90176007.0,False
cefaclor,8,DB00833,MESH:D002433,Upper respiratory infection,MESH:D012141,C0041912,T047,54150009.0,False
cefaclor,8,DB00833,MESH:D002433,Pneumonia,MESH:D011014,C0032285,T047,233604007.0,False
cefaclor,8,DB00833,MESH:D002433,Streptococcus pyogenes infection,MESH:D013290,C0554628,T047,302809008.0,False
cefaclor,8,DB00833,MESH:D002433,Urinary tract infectious disease,MESH:D014552,C0042029,T047,68566005.0,False
cefaclor,8,DB00833,MESH:D002433,Infection due to Staphylococcus aureus,MESH:D013203,C1318973,T047,406602003.0,False
cefaclor,8,DB00833,MESH:D002433,Pneumonia due to Streptococcus,MESH:D011018,C0155862,T047,34020007.0,False
captopril,2,DB01197,MESH:D002216,Diabetic renal disease,MESH:D003928,C0011881,T047,127013003.0,False
captopril,2,DB01197,MESH:D002216,Hypertensive disorder,MESH:D006973,C0020538,T047,38341003.0,False
carbamide,5,DB03904,MESH:D014508,Contact dermatitis,MESH:D003877,C0011616,T047,40275004.0,False
carbamide,5,DB03904,MESH:D014508,Seborrheic dermatitis,MESH:D012628,C0036508,T047,50563003.0,False
carbamide,5,DB03904,MESH:D014508,Eruption of skin,MESH:D005076,C0015230,T047,271807003.0,False
carbamide,5,DB03904,MESH:D014508,Pityriasis versicolor,MESH:D014010,C0040262,T047,56454009.0,False
carbamide,5,DB03904,MESH:D014508,Atopic dermatitis,MESH:D003876,C0011615,T047,24079001.0,False
sofalcone,1,DB05197,MESH:C035032,Gastric ulcer,MESH:D013276,C0038358,T047,397825006.0,False
vortioxetine,1,DB09068,MESH:C557874,Major depressive disorder,MESH:D003865,C1269683,T048,370143000.0,False
turoctocog alfa,1,DB09109,MESH:C577506,Hereditary factor VIII deficiency disease,MESH:D006467,C0019069,T047,28293008.0,False
