drug_name,num_ind_dc,drugbank,drug_mesh,disease_name,disease_mesh,disease_umls,cui_semantic_type,snomed_conceptid,in_dmdb
succinic acid,1,DB00139,MESH:D019802,Iron deficiency anemia,MESH:D018798,C0162316,T047,87522002.0,False
fluorometholone,6,DB00324,MESH:D005469,Uveitis,MESH:D014605,C0042164,T047,128473001.0,False
fluorometholone,6,DB00324,MESH:D005469,Iridocyclitis,MESH:D015863,C0022073,T047,77971008.0,False
fluorometholone acetate,6,DB00324,,Rosacea,MESH:D012393,C0035854,T047,398909004.0,False
fluorometholone,6,DB00324,MESH:D005469,Corneal ulcer,MESH:D003320,C0010043,T020,91514001.0,False
fluorometholone,6,DB00324,MESH:D005469,Allergic conjunctivitis,MESH:D003233,C0009766,T047,473460002.0,False
fluorometholone acetate,6,DB00324,,Iritis,MESH:D007500,C0022081,T047,65074000.0,False
tolnaftate,3,DB00525,MESH:D014047,Tinea pedis,MESH:D014008,C0040259,T047,6020002.0,False
tolnaftate,3,DB00525,MESH:D014047,Pityriasis versicolor,MESH:D014010,C0040262,T047,56454009.0,False
tolnaftate,3,DB00525,MESH:D014047,Tinea capitis,MESH:D014006,C0040250,T047,5441008.0,False
chlorpropamide,1,DB00672,MESH:D002747,Diabetes mellitus type 2,MESH:D003924,C0011860,T047,44054006.0,False
pentoxifylline,1,DB00806,MESH:D010431,Peripheral vascular disease,MESH:D016491,C0085096,T047,400047006.0,False
famotidine,7,DB00927,MESH:D015738,Gastric ulcer,MESH:D013276,C0038358,T047,397825006.0,False
famotidine,7,DB00927,MESH:D015738,Heartburn,MESH:D006356,C0018834,T184,16331000.0,False
famotidine,7,DB00927,MESH:D015738,Indigestion,MESH:D004415,C0013395,T184,162031009.0,False
famotidine,7,DB00927,MESH:D015738,Zollinger-Ellison syndrome,MESH:D015043,C0043515,T047,53132006.0,False
famotidine,7,DB00927,MESH:D015738,Duodenal ulcer disease,MESH:D004381,C0013295,T047,51868009.0,False
famotidine,7,DB00927,MESH:D015738,Peptic reflux disease,MESH:D004942,C0014869,T047,57643001.0,False
famotidine,7,DB00927,MESH:D015738,Gastroesophageal reflux disease,MESH:D005764,C0017168,T047,235595009.0,False
pemoline,1,DB01230,MESH:D010389,Attention deficit hyperactivity disorder,MESH:D001289,C1263846,T048,406506008.0,False
