drug_name,num_ind_dc,drugbank,drug_mesh,disease_name,disease_mesh,disease_umls,cui_semantic_type,snomed_conceptid,in_dmdb
azithromycin,8,DB00207,MESH:D017963,Chlamydial pneumonia,MESH:D061387,C0339959,T047,233609002.0,False
azithromycin,8,DB00207,MESH:D017963,Streptococcus pyogenes infection,MESH:D013290,C0554628,T047,302809008.0,False
azithromycin,8,DB00207,MESH:D017963,Chancroid,MESH:D002602,C0007947,T047,266143009.0,False
azithromycin,8,DB00207,MESH:D017963,Bacterial conjunctivitis,MESH:D003234,C0009768,T047,128350005.0,False
azithromycin,8,DB00207,MESH:D017963,Bacterial pneumonia,MESH:D018410,C0004626,T047,53084003.0,False
azithromycin,8,DB00207,MESH:D017963,Pneumococcal pneumonia,MESH:D011018,C0155862,T047,233607000.0,False
azithromycin,8,DB00207,MESH:D017963,Pneumonia due to Mycoplasma pneumoniae,MESH:D011019,C0032302,T047,46970008.0,False
azithromycin,8,DB00207,MESH:D017963,Infection due to Staphylococcus aureus,MESH:D013203,C1318973,T047,406602003.0,False
fosamprenavir,1,"DB00701,DB01319",MESH:C426859,Human immunodeficiency virus infection,MESH:D015658,C0019693,T047,86406008.0,False
procarbazine,1,DB01168,MESH:D011344,Hodgkin's disease,MESH:D006689,C0019829,T191,118599009.0,False
chloroxine,1,DB01243,MESH:C004357,Seborrheic dermatitis,MESH:D012628,C0036508,T047,50563003.0,False
alglucosidase alfa,1,DB01272,MESH:C509951,"Lysosomal alpha-1,4-glucosidase deficiency - infantile onset",MESH:D006009,C0342751,T047,237968007.0,False
clioquinol,1,DB04815,MESH:D007464,Tinea pedis,MESH:D014008,C0040259,T047,6020002.0,False
lasofoxifene,1,DB06202,MESH:C111332,Postmenopausal osteoporosis,MESH:D015663,C0029458,T047,102447009.0,False
rilonacept,1,DB06372,MESH:C531377,Cryopyrin associated periodic syndrome,MESH:D056587,C2316212,T047,430079001.0,False
beractant,1,DB06761,MESH:C072197,Respiratory distress syndrome in the newborn,MESH:D012127,C0035220,T047,46775006.0,False
ilaprazole,2,DB11964,MESH:C119615,Peptic ulcer,MESH:D010437,C0030920,T047,13200003.0,False
ilaprazole,2,DB11964,MESH:C119615,Gastroesophageal reflux disease,MESH:D005764,C0017168,T047,235595009.0,False
brigatinib,1,DB12267,MESH:C000598580,Non-small cell lung cancer,MESH:D002289,C0007131,T191,254637007.0,False
evogliptin,1,DB12625,MESH:C557982,Diabetes mellitus type 2,MESH:D003924,C0011860,T047,44054006.0,False
