drug_name,num_ind_dc,drugbank,drug_mesh,disease_name,disease_mesh,disease_umls,cui_semantic_type,snomed_conceptid,in_dmdb
calcitriol,4,DB00136,MESH:D002117,Hypoparathyroidism,MESH:D007011,C0020626,T047,36976004.0,False
calcitriol,4,DB00136,MESH:D002117,Hypocalcemia,MESH:D006996,C0020598,T046,5291005.0,False
calcitriol,4,DB00136,MESH:D002117,Renal osteodystrophy,MESH:D012080,C0035086,T047,16726004.0,False
calcitriol,4,DB00136,MESH:D002117,Hypophosphatemia,MESH:D017674,C0085682,T046,4996001.0,False
pyridoxine,1,DB00165,MESH:D011736,Vitamin B6 deficiency,MESH:D026681,C0936215,T047,386080007.0,False
carbachol,1,DB00411,MESH:D002217,Open-angle glaucoma,MESH:D005902,C0017612,T047,84494001.0,False
entacapone,1,DB00494,MESH:C071192,Parkinson's disease,MESH:D010300,C0030567,T047,49049000.0,False
Polymyxin B,5,DB00781,MESH:D011112,Uveitis,MESH:D014605,C0042164,T047,128473001.0,False
Polymyxin B,5,DB00781,MESH:D011112,Bacterial conjunctivitis,MESH:D003234,C0009768,T047,128350005.0,False
Polymyxin B,5,DB00781,MESH:D011112,Urinary tract infectious disease,MESH:D014552,C0042029,T047,68566005.0,False
Polymyxin B,5,DB00781,MESH:D011112,Otitis externa,MESH:D010032,C0029878,T047,3135009.0,False
Polymyxin B,5,DB00781,MESH:D011112,Keratitis,MESH:D007634,C0022568,T047,5888003.0,False
tazarotene,2,DB00799,MESH:C086827,Acne vulgaris,MESH:D000152,C0001144,T047,88616000.0,False
tazarotene,2,DB00799,MESH:C086827,Psoriasis,MESH:D011565,C0033860,T047,9014002.0,False
fosfomycin,1,DB00828,MESH:D005578,Urinary tract infectious disease,MESH:D014552,C0042029,T047,68566005.0,False
perphenazine,1,DB00850,MESH:D010546,Schizophrenia,MESH:D012559,C0036341,T048,58214004.0,False
iloprost,1,DB01088,MESH:D016285,Pulmonary arterial hypertension,MESH:D000081029,C2973725,T047,11399002.0,False
tilactase,1,DB13761,,Lactose intolerance,MESH:D007787,C0022951,T047,267425008.0,False
permethrin,1,DB04930,MESH:D026023,Infestation by Sarcoptes scabiei var hominis,MESH:D012532,C0036262,T047,128869009.0,False
setiptiline,1,DB09304,MESH:C050605,Depressive disorder,MESH:D003866,C0011581,T048,35489007.0,False
