drug_name,num_ind_dc,drugbank,drug_mesh,disease_name,disease_mesh,disease_umls,cui_semantic_type,snomed_conceptid,in_dmdb
sparfloxacin,4,DB01208,MESH:C061363,Pneumonia due to Mycoplasma pneumoniae,MESH:D011019,C0032302,T047,46970008.0,False
sparfloxacin,4,DB01208,MESH:C061363,Pneumonia due to Streptococcus,MESH:D011018,C0155862,T047,34020007.0,False
sparfloxacin,4,DB01208,MESH:C061363,Chlamydial pneumonia,MESH:D061387,C0339959,T047,233609002.0,False
sparfloxacin,4,DB01208,MESH:C061363,Pneumonia,MESH:D011014,C0032285,T047,233604007.0,False
dantrolene,2,DB01219,MESH:D003620,Spasticity,MESH:D009128,C0026838,T184,221360009.0,False
dantrolene,2,DB01219,MESH:D003620,Malignant hyperthermia,MESH:C535694,C0024591,T047,405501007.0,False
alimemazine,6,DB01246,"MESH:D014291,MESH:C031242",Urticaria,MESH:D014581,C0042109,T047,126485001.0,False
alimemazine,6,DB01246,"MESH:D014291,MESH:C031242",Sneezing,MESH:D012912,C0037383,T033,76067001.0,False
alimemazine,6,DB01246,"MESH:D014291,MESH:C031242",Angioedema,MESH:D000799,C0002994,T046,41291007.0,False
alimemazine,6,DB01246,"MESH:D014291,MESH:C031242",Allergic conjunctivitis,MESH:D003233,C0009766,T047,473460002.0,False
alimemazine,6,DB01246,"MESH:D014291,MESH:C031242",Itching of skin,MESH:D011537,C0033774,T184,418363000.0,False
alimemazine,6,DB01246,"MESH:D014291,MESH:C031242",Allergic rhinitis,MESH:D065631,C2607914,T047,61582004.0,False
cefepime,5,DB01413,MESH:C043266,Streptococcus pyogenes infection,MESH:D013290,C0554628,T047,302809008.0,False
cefepime,5,DB01413,MESH:C043266,Infectious disease of abdomen,MESH:D059413,C1112209,T047,128070006.0,False
cefepime,5,DB01413,MESH:C043266,Pneumonia due to Streptococcus,MESH:D011018,C0155862,T047,34020007.0,False
cefepime,5,DB01413,MESH:C043266,Infection due to Staphylococcus aureus,MESH:D013203,C1318973,T047,406602003.0,False
cefepime,5,DB01413,MESH:C043266,Bacterial pneumonia,MESH:D018410,C0004626,T047,53084003.0,False
dapoxetine,1,DB04884,MESH:C080598,Premature ejaculation,MESH:D061686,C0033038,T048,44001008.0,False
histrelin,1,DB06788,MESH:C029256,Precocious puberty,MESH:D011629,C0034013,T033,400179000.0,False
befunolol,2,DB09013,MESH:C006034,Open-angle glaucoma,MESH:D005902,C0017612,T047,84494001.0,False
befunolol,2,DB09013,MESH:C006034,Ocular hypertension,MESH:D009798,C0028840,T047,4210003.0,False
