drug_name,num_ind_dc,drugbank,drug_mesh,disease_name,disease_mesh,disease_umls,cui_semantic_type,snomed_conceptid,in_dmdb
aldesleukin,1,DB00041,MESH:C082598,"Acute myeloid leukemia, disease",MESH:D015470,C0023467,T191,91861009.0,False
alfuzosin,1,DB00346,MESH:C047638,Benign prostatic hyperplasia,MESH:D011470,C1739363,T047,266569009.0,False
astemizole,4,DB00637,MESH:D016589,Sneezing,MESH:D012912,C0037383,T033,76067001.0,False
astemizole,4,DB00637,MESH:D016589,Allergic conjunctivitis,MESH:D003233,C0009766,T047,473460002.0,False
astemizole,4,DB00637,MESH:D016589,Chronic idiopathic urticaria,MESH:D000080223,C0578870,T047,302162004.0,False
astemizole,4,DB00637,MESH:D016589,Allergic rhinitis,MESH:D065631,C2607914,T047,61582004.0,False
fluocinonide,9,"DB01047,DB12553",MESH:D005447,Primary cutaneous T-cell lymphoma,MESH:D016410,C0079773,T191,400122007.0,False
fluocinonide,9,"DB01047,DB12553",MESH:D005447,Discoid lupus erythematosus,MESH:D008179,C0024138,T047,200938002.0,False
fluocinonide,9,"DB01047,DB12553",MESH:D005447,Pruritus ani,MESH:D011538,C0033775,T184,90446007.0,False
fluocinonide,9,"DB01047,DB12553",MESH:D005447,Granuloma annulare,MESH:D016460,C0085074,T047,65508009.0,False
fluocinonide,9,"DB01047,DB12553",MESH:D005447,Eruption of skin,MESH:D005076,C0015230,T047,271807003.0,False
fluocinonide,9,"DB01047,DB12553",MESH:D005447,Contact dermatitis,MESH:D003877,C0011616,T047,40275004.0,False
fluocinonide,9,"DB01047,DB12553",MESH:D005447,Seborrheic dermatitis,MESH:D012628,C0036508,T047,50563003.0,False
fluocinonide,9,"DB01047,DB12553",MESH:D005447,Lichen simplex chronicus,MESH:D009450,C0149922,T047,53891004.0,False
fluocinonide,9,"DB01047,DB12553",MESH:D005447,Atopic dermatitis,MESH:D003876,C0011615,T047,24079001.0,False
lithium carbonate,8,DB01356,MESH:D016651,Bipolar disorder,MESH:D001714,C0005586,T048,13746004.0,False
lithium carbonate,8,DB01356,MESH:D016651,Headache disorder,MESH:D020773,C0393735,T047,230461009.0,False
lithium carbonate,8,DB01356,MESH:D016651,Pain,MESH:D010146,C0030193,T184,22253000.0,False
lithium carbonate,8,DB01356,MESH:D016651,Fever,MESH:D005334,C0015967,T033,386661006.0,False
lithium carbonate,8,DB01356,MESH:D016651,Osteoarthritis,MESH:D010003,C0029408,T047,396275006.0,False
lithium carbonate,8,DB01356,MESH:D016651,Juvenile rheumatoid arthritis,MESH:D001171,C3495559,T047,410795001.0,False
lithium carbonate,8,DB01356,MESH:D016651,Rheumatoid arthritis,MESH:D001172,C0003873,T047,69896004.0,False
lithium carbonate,8,DB01356,MESH:D016651,Dysmenorrhea,MESH:D004412,C0013390,T046,266599000.0,False
lifitegrast,1,DB11611,MESH:C575157,Tear film insufficiency,MESH:D015352,C0013238,T047,46152009.0,False
menatetrenone,1,DB12148,MESH:C030814,Hemorrhagic disease of the newborn due to vitamin K deficiency,MESH:D006475,C0019088,T047,12546009.0,False
