drug_name,num_ind_dc,drugbank,drug_mesh,disease_name,disease_mesh,disease_umls,cui_semantic_type,snomed_conceptid,in_dmdb
atorvastatin,8,DB01076,MESH:D000069059,Angina pectoris,MESH:D000787,C0002962,T033,194828000.0,False
atorvastatin,8,DB01076,MESH:D000069059,Hypercholesterolemia,MESH:D006937,C0020443,T047,13644009.0,False
atorvastatin,8,DB01076,MESH:D000069059,Cerebrovascular accident,MESH:D020521,C0038454,T047,230690007.0,False
atorvastatin,8,DB01076,MESH:D000069059,Mixed hyperlipidemia,MESH:D006950,C0020474,T047,267434003.0,False
atorvastatin,8,DB01076,MESH:D000069059,Arteriosclerotic vascular disease,MESH:D001161,C0003850,T047,72092001.0,False
atorvastatin,8,DB01076,MESH:D000069059,Familial type 3 hyperlipoproteinemia,MESH:D006952,C0020479,T047,398796005.0,False
atorvastatin,8,DB01076,MESH:D000069059,Prinzmetal angina,MESH:D000788,C0002963,T047,87343002.0,False
atorvastatin,8,DB01076,MESH:D000069059,Hypertriglyceridemia,MESH:D015228,C0020557,T033,302870006.0,False
hydroquinone,1,DB09526,MESH:C031927,Chloasma,MESH:D008548,C0025218,T047,36209000.0,False
