drug_name,num_ind_dc,drugbank,drug_mesh,disease_name,disease_mesh,disease_umls,cui_semantic_type,snomed_conceptid,in_dmdb
chlortalidone,2,DB00310,MESH:D002752,Hypertensive disorder,MESH:D006973,C0020538,T047,38341003.0,False
chlortalidone,2,DB00310,MESH:D002752,Edema,MESH:D004487,C0013604,T046,267038008.0,False
methoxsalen,2,DB00553,MESH:D008730,Primary cutaneous T-cell lymphoma,MESH:D016410,C0079773,T191,400122007.0,False
methoxsalen,2,DB00553,MESH:D008730,Vitiligo,MESH:D014820,C0042900,T047,56727007.0,False
nicardipine,2,DB00622,MESH:D009529,Angina pectoris,MESH:D000787,C0002962,T033,194828000.0,False
nicardipine,2,DB00622,MESH:D009529,Hypertensive disorder,MESH:D006973,C0020538,T047,38341003.0,False
scopolamine,10,DB00747,MESH:D012601,Irritable bowel syndrome,MESH:D043183,C0022104,T047,10743008.0,False
scopolamine,10,DB00747,MESH:D012601,Dilated pupil,MESH:D015878,C0026961,T184,37125009.0,False
scopolamine,10,DB00747,MESH:D012601,Iridocyclitis,MESH:D015863,C0022073,T047,77971008.0,False
scopolamine,10,DB00747,MESH:D012601,Uveitis,MESH:D014605,C0042164,T047,128473001.0,False
scopolamine,10,DB00747,MESH:D012601,Peptic ulcer,MESH:D010437,C0030920,T047,13200003.0,False
scopolamine,10,DB00747,MESH:D012601,Vasomotor rhinitis,MESH:D012223,C0035460,T047,8229003.0,False
scopolamine,10,DB00747,MESH:D012601,Motion sickness,MESH:D009041,C0026603,T047,37031009.0,False
scopolamine,10,DB00747,MESH:D012601,Common cold,MESH:D003139,C0009443,T047,82272006.0,False
scopolamine,10,DB00747,MESH:D012601,Allergic rhinitis,MESH:D065631,C2607914,T047,61582004.0,False
scopolamine,10,DB00747,MESH:D012601,Cough,MESH:D003371,C0010200,T184,49727002.0,False
benzphetamine,1,DB00865,MESH:D001589,Obesity,MESH:D009765,C0028754,T047,414916001.0,False
posaconazole,6,DB01263,MESH:C101425,Mycetoma,MESH:D008271,C0024449,T047,410039003.0,False
posaconazole,6,DB01263,MESH:C101425,Aspergillosis,MESH:D001228,C0004030,T047,65553006.0,False
posaconazole,6,DB01263,MESH:C101425,Chromoblastomycosis,MESH:D002862,C0008582,T047,187079000.0,False
posaconazole,6,DB01263,MESH:C101425,Fusarium infection,MESH:D060585,C0276758,T047,64250002.0,False
posaconazole,6,DB01263,MESH:C101425,Coccidioidomycosis,MESH:D003047,C0009186,T047,60826002.0,False
posaconazole,6,DB01263,MESH:C101425,Candidiasis,MESH:D002177,C0006840,T047,78048006.0,False
faropenem medoxil,2,DB05659,MESH:C528565,Bacterial infection of skin,MESH:D017192,C0162627,T047,128936008.0,False
faropenem medoxil,2,DB05659,MESH:C528565,Respiratory tract infection,MESH:D012141,C0035243,T047,275498002.0,False
