drug_name,num_ind_dc,drugbank,drug_mesh,disease_name,disease_mesh,disease_umls,cui_semantic_type,snomed_conceptid,in_dmdb
dornase alfa,1,DB00003,MESH:C568813,Cystic fibrosis,MESH:D003550,C0010674,T047,190905008.0,False
bexarotene,1,DB00307,MESH:C095105,Primary cutaneous T-cell lymphoma,MESH:D016410,C0079773,T191,400122007.0,False
probenecid,2,DB01032,MESH:D011339,Hyperuricemia,MESH:D033461,C0740394,T047,35885006.0,False
probenecid,2,DB01032,MESH:D011339,Articular gout,MESH:D015210,C0003868,T047,48440001.0,False
rosuvastatin,6,DB01098,MESH:D000068718,Mixed hyperlipidemia,MESH:D006950,C0020474,T047,267434003.0,False
rosuvastatin,6,DB01098,MESH:D000068718,Familial type 3 hyperlipoproteinemia,MESH:D006952,C0020479,T047,398796005.0,False
rosuvastatin,6,DB01098,MESH:D000068718,Cerebrovascular accident,MESH:D020521,C0038454,T047,230690007.0,False
rosuvastatin,6,DB01098,MESH:D000068718,Hypertriglyceridemia,MESH:D015228,C0020557,T033,302870006.0,False
rosuvastatin,6,DB01098,MESH:D000068718,Arteriosclerotic vascular disease,MESH:D001161,C0003850,T047,72092001.0,False
rosuvastatin,6,DB01098,MESH:D000068718,Hypercholesterolemia,MESH:D006937,C0020443,T047,13644009.0,False
glisoxepide,1,DB01289,MESH:C100171,Diabetes mellitus type 2,MESH:D003924,C0011860,T047,44054006.0,False
vildagliptin,1,DB04876,MESH:C502012,Diabetes mellitus type 2,MESH:D003924,C0011860,T047,44054006.0,False
pimavanserin,1,DB05316,MESH:C510793,Parkinson's disease,MESH:D010300,C0030567,T047,49049000.0,False
eteplirsen,1,DB06014,MESH:C000611335,Duchenne muscular dystrophy,MESH:D020388,C0013264,T047,76670001.0,False
rimonabant,1,DB06155,MESH:C089032,Obesity,MESH:D009765,C0028754,T047,414916001.0,False
aclidinium bromide,1,DB08897,MESH:C542859,Chronic obstructive lung disease,MESH:D029424,C0024117,T047,13645005.0,False
bemiparin,2,DB09258,"MESH:C093450,MESH:C081247,MESH:D017985,MESH:C411345",Deep venous thrombosis,MESH:D020246,C0149871,T047,128053003.0,False
bemiparin,2,DB09258,"MESH:C093450,MESH:C081247,MESH:D017985,MESH:C411345",Pulmonary embolism,MESH:D011655,C0034065,T047,59282003.0,False
alectinib,1,DB11363,MESH:C582670,Non-small cell lung cancer,MESH:D002289,C0007131,T191,254637007.0,False
telotristat ethyl,1,DB12095,"MESH:C000621725,MESH:C000592493",Diarrhea,MESH:D003967,C0011991,T184,62315008.0,False
