drug_name,num_ind_dc,drugbank,drug_mesh,disease_name,disease_mesh,disease_umls,cui_semantic_type,snomed_conceptid,in_dmdb
timolol,3,DB00373,MESH:D013999,Hypertensive disorder,MESH:D006973,C0020538,T047,38341003.0,False
timolol,3,DB00373,MESH:D013999,Open-angle glaucoma,MESH:D005902,C0017612,T047,84494001.0,False
timolol,3,DB00373,MESH:D013999,Ocular hypertension,MESH:D009798,C0028840,T047,4210003.0,False
metaraminol,1,DB00610,MESH:D008680,Low blood pressure,MESH:D007022,C0020649,T033,45007003.0,False
sulfacetamide,8,DB00634,MESH:D013409,Iridocyclitis,MESH:D015863,C0022073,T047,77971008.0,False
sulfacetamide,8,DB00634,MESH:D013409,Amebic infection,MESH:D000562,C0002438,T047,111910009.0,False
sulfacetamide,8,DB00634,MESH:D013409,Seborrheic dermatitis,MESH:D012628,C0036508,T047,50563003.0,False
sulfacetamide,8,DB00634,MESH:D013409,Vulvovaginitis,MESH:D014848,C0042998,T047,53277000.0,False
sulfacetamide,8,DB00634,MESH:D013409,Chlamydial conjunctivitis,MESH:D003235,C0009770,T047,231861005.0,False
sulfacetamide,8,DB00634,MESH:D013409,Acne vulgaris,MESH:D000152,C0001144,T047,88616000.0,False
sulfacetamide,8,DB00634,MESH:D013409,Uveitis,MESH:D014605,C0042164,T047,128473001.0,False
sulfacetamide,8,DB00634,MESH:D013409,Trachoma,MESH:D014141,C0040592,T047,2576002.0,False
ibandronic acid,2,DB00710,MESH:C073007,Postmenopausal osteoporosis,MESH:D015663,C0029458,T047,102447009.0,False
ibandronic acid,2,DB00710,MESH:C073007,Hypercalcemia,MESH:D006934,C0020437,T047,66931009.0,False
ethotoin,1,DB00754,MESH:C084606,Tonic-clonic epilepsy,MESH:D004830,C0014549,T047,352818000.0,False
cinoxacin,1,DB00827,MESH:D002937,Urinary tract infectious disease,MESH:D014552,C0042029,T047,68566005.0,False
ritodrine,1,DB00867,MESH:D012312,Premature labor,MESH:D007752,C0022876,T046,6383007.0,False
clevidipine,1,DB04920,MESH:C118563,Hypertensive disorder,MESH:D006973,C0020538,T047,38341003.0,False
isavuconazonium,2,DB06636,MESH:C508735,Aspergillosis,MESH:D001228,C0004030,T047,65553006.0,False
isavuconazonium,2,DB06636,MESH:C508735,Mucormycosis,MESH:D009091,C0026718,T047,76627001.0,False
perospirone,1,DB08922,MESH:C065533,Schizophrenia,MESH:D012559,C0036341,T048,58214004.0,False
lixisenatide,1,DB09265,MESH:C479460,Diabetes mellitus type 2,MESH:D003924,C0011860,T047,44054006.0,False
