drug_name,num_ind_dc,drugbank,drug_mesh,disease_name,disease_mesh,disease_umls,cui_semantic_type,snomed_conceptid,in_dmdb
aspartic acid,1,DB00128,MESH:D001224,Hypokalemia,MESH:D007008,C0020621,T033,43339004.0,False
tramadol,3,DB00193,MESH:D014147,Pain,MESH:D010146,C0030193,T184,22253000.0,False
tramadol,3,DB00193,MESH:D014147,Osteoarthritis,MESH:D010003,C0029408,T047,396275006.0,False
tramadol,3,DB00193,MESH:D014147,Chronic pain,MESH:D059350,C0150055,T047,82423001.0,False
isradipine,1,DB00270,MESH:D017275,Hypertensive disorder,MESH:D006973,C0020538,T047,38341003.0,False
levonorgestrel,3,"DB00367,DB09389","MESH:D009644,MESH:D016912",Menorrhagia,MESH:D008595,C0025323,T046,386692008.0,False
levonorgestrel,3,"DB00367,DB09389","MESH:D009644,MESH:D016912",Postmenopausal osteoporosis,MESH:D015663,C0029458,T047,102447009.0,False
levonorgestrel,3,"DB00367,DB09389","MESH:D009644,MESH:D016912",Menopausal flushing,MESH:D019584,C0600142,T184,198436008.0,False
montelukast,1,DB00471,MESH:C093875,Allergic rhinitis,MESH:D065631,C2607914,T047,61582004.0,False
felbamate,3,DB00949,MESH:C047360,Epilepsy,MESH:D004827,C0014544,T047,84757009.0,False
felbamate,3,DB00949,MESH:C047360,Simple partial seizure,MESH:D004828,C0234974,T047,117891000119100.0,False
felbamate,3,DB00949,MESH:C047360,Lennox-Gastaut syndrome,MESH:D065768,C0238111,T047,230418006.0,False
tiludronic acid,1,DB01133,MESH:C058651,Osteitis deformans,MESH:D010001,C0029401,T047,2089002.0,False
clofedanol,5,DB04837,MESH:C010432,Common cold,MESH:D003139,C0009443,T047,82272006.0,False
clofedanol,5,DB04837,MESH:C010432,Allergic rhinitis,MESH:D065631,C2607914,T047,61582004.0,False
clofedanol,5,DB04837,MESH:C010432,Rhinitis,MESH:D012220,C0035455,T047,70076002.0,False
clofedanol,5,DB04837,MESH:C010432,Cough,MESH:D003371,C0010200,T184,49727002.0,False
clofedanol,5,DB04837,MESH:C010432,Vasomotor rhinitis,MESH:D012223,C0035460,T047,8229003.0,False
brivaracetam,1,DB05541,MESH:C482793,Partial seizure,MESH:D004828,C0014547,T047,29753000.0,False
moxisylyte,2,DB09205,MESH:D013948,Impotence,MESH:D007172,C0242350,T047,397803000.0,False
moxisylyte,2,DB09205,MESH:D013948,Raynaud's disease,MESH:D011928,C0034734,T047,195295006.0,False
