drug_name,num_ind_dc,drugbank,drug_mesh,disease_name,disease_mesh,disease_umls,cui_semantic_type,snomed_conceptid,in_dmdb
diflorasone diacetate,9,DB00223,MESH:C014477,Discoid lupus erythematosus,MESH:D008179,C0024138,T047,200938002.0,False
diflorasone diacetate,9,DB00223,MESH:C014477,Seborrheic dermatitis,MESH:D012628,C0036508,T047,50563003.0,False
diflorasone diacetate,9,DB00223,MESH:C014477,Contact dermatitis,MESH:D003877,C0011616,T047,40275004.0,False
diflorasone diacetate,9,DB00223,MESH:C014477,Lichen simplex chronicus,MESH:D009450,C0149922,T047,53891004.0,False
diflorasone diacetate,9,DB00223,MESH:C014477,Primary cutaneous T-cell lymphoma,MESH:D016410,C0079773,T191,400122007.0,False
diflorasone diacetate,9,DB00223,MESH:C014477,Eruption of skin,MESH:D005076,C0015230,T047,271807003.0,False
diflorasone diacetate,9,DB00223,MESH:C014477,Atopic dermatitis,MESH:D003876,C0011615,T047,24079001.0,False
diflorasone diacetate,9,DB00223,MESH:C014477,Pruritus ani,MESH:D011538,C0033775,T184,90446007.0,False
diflorasone diacetate,9,DB00223,MESH:C014477,Granuloma annulare,MESH:D016460,C0085074,T047,65508009.0,False
carmustine,6,DB00262,MESH:D002330,"Diffuse non-Hodgkin's lymphoma, large cell",MESH:D016403,C0079744,T191,109969005.0,False
carmustine,6,DB00262,MESH:D002330,Multiple myeloma,MESH:D009101,C0026764,T191,109989006.0,False
carmustine,6,DB00262,MESH:D002330,"Glioma, malignant",MESH:D005910,C0555198,T191,74532006.0,False
carmustine,6,DB00262,MESH:D002330,Hodgkin's disease,MESH:D006689,C0019829,T191,118599009.0,False
carmustine,6,DB00262,MESH:D002330,Malignant neoplasm of brain,MESH:D001932,C0153633,T191,428061005.0,False
carmustine,6,DB00262,MESH:D002330,Non-Hodgkin's lymphoma,MESH:D008228,C0024305,T191,118601006.0,False
haloprogin,1,DB00793,MESH:C100276,Tinea pedis,MESH:D014008,C0040259,T047,6020002.0,False
colistin,2,DB00803,MESH:D003091,Infection due to Escherichia coli,MESH:D004927,C0014836,T047,71057007.0,False
colistin,2,DB00803,MESH:D003091,Otitis externa,MESH:D010032,C0029878,T047,3135009.0,False
spectinomycin,1,DB00919,MESH:D000198,Gonorrhea,MESH:D006069,C0018081,T047,15628003.0,False
mesoridazine,1,DB00933,"MESH:D008653,MESH:C529599",Schizophrenia,MESH:D012559,C0036341,T048,58214004.0,False
selenium sulfide,2,DB00971,MESH:C025698,Pityriasis versicolor,MESH:D014010,C0040262,T047,56454009.0,False
selenium sulfide,2,DB00971,MESH:C025698,Seborrheic dermatitis,MESH:D012628,C0036508,T047,50563003.0,False
aripiprazole,2,DB01238,MESH:D000068180,Schizophrenia,MESH:D012559,C0036341,T048,58214004.0,False
aripiprazole,2,DB01238,MESH:D000068180,Infantile autism,MESH:D001321,C0004352,T048,408857007.0,False
