drug_name,num_ind_dc,drugbank,drug_mesh,disease_name,disease_mesh,disease_umls,cui_semantic_type,snomed_conceptid,in_dmdb
bortezomib,2,DB00188,MESH:D000069286,Mantle cell lymphoma,MESH:D020522,C0334634,T191,443487006.0,False
bortezomib,2,DB00188,MESH:D000069286,Multiple myeloma,MESH:D009101,C0026764,T191,109989006.0,False
cyproheptadine,5,DB00434,MESH:D003533,Allergic conjunctivitis,MESH:D003233,C0009766,T047,473460002.0,False
cyproheptadine,5,DB00434,MESH:D003533,Itching of skin,MESH:D011537,C0033774,T184,418363000.0,False
cyproheptadine,5,DB00434,MESH:D003533,Urticaria,MESH:D014581,C0042109,T047,126485001.0,False
cyproheptadine,5,DB00434,MESH:D003533,Sneezing,MESH:D012912,C0037383,T033,76067001.0,False
cyproheptadine,5,DB00434,MESH:D003533,Allergic rhinitis,MESH:D065631,C2607914,T047,61582004.0,False
pindolol,1,DB00960,MESH:D010869,Hypertensive disorder,MESH:D006973,C0020538,T047,38341003.0,False
melphalan,2,DB01042,MESH:D008558,Malignant tumor of ovary,MESH:D010051,C1140680,T191,363443007.0,False
melphalan,2,DB01042,MESH:D008558,Multiple myeloma,MESH:D009101,C0026764,T191,109989006.0,False
sulfinpyrazone,1,DB01138,MESH:D013442,Hyperuricemia,MESH:D033461,C0740394,T047,35885006.0,False
magnesium salicylate,10,DB01397,MESH:C496892,Backache,MESH:D001416,C0004604,T184,161891005.0,False
magnesium salicylate,10,DB01397,MESH:C496892,Bursitis,MESH:D002062,C0006444,T047,84017003.0,False
magnesium salicylate,10,DB01397,MESH:C496892,Joint pain,MESH:D018771,C0003862,T184,57676002.0,False
magnesium salicylate,10,DB01397,MESH:C496892,Synovitis,MESH:D013585,C0039103,T047,416209007.0,False
magnesium salicylate,10,DB01397,MESH:C496892,Dysmenorrhea,MESH:D004412,C0013390,T046,266599000.0,False
magnesium salicylate,10,DB01397,MESH:C496892,Osteoarthritis,MESH:D010003,C0029408,T047,396275006.0,False
magnesium salicylate,10,DB01397,MESH:C496892,Pain,MESH:D010146,C0030193,T184,22253000.0,False
magnesium salicylate,10,DB01397,MESH:C496892,Fever,MESH:D005334,C0015967,T033,386661006.0,False
magnesium salicylate,10,DB01397,MESH:C496892,Rheumatoid arthritis,MESH:D001172,C0003873,T047,69896004.0,False
magnesium salicylate,10,DB01397,MESH:C496892,Headache disorder,MESH:D020773,C0393735,T047,230461009.0,False
lodoxamide,1,DB06794,"MESH:C021702,MESH:C022028",Vernal conjunctivitis,MESH:D003233,C0009773,T047,318316003.0,False
sodium phosphate,1,DB09449,MESH:C018279,Constipation,MESH:D003248,C0009806,T184,14760008.0,False
