drug_name,num_ind_dc,drugbank,drug_mesh,disease_name,disease_mesh,disease_umls,cui_semantic_type,snomed_conceptid,in_dmdb
desmopressin,4,DB00035,MESH:D003894,Polyuria,MESH:D011141,C0032617,T184,28442001.0,False
desmopressin,4,DB00035,MESH:D003894,Hereditary factor VIII deficiency disease,MESH:D006467,C0019069,T047,28293008.0,False
desmopressin,4,DB00035,MESH:D003894,von Willebrand disorder,MESH:D014842,C0042974,T047,128105004.0,False
desmopressin,4,DB00035,MESH:D003894,Nocturnal enuresis,MESH:D053206,C0270327,T184,8009008.0,False
alglucerase,1,DB00088,MESH:C070292,Chronic non-neuropathic Gaucher's disease,MESH:D005776,C1961835,T047,62201009.0,False
ulobetasol propionate,9,DB00596,MESH:C064466,Pruritus ani,MESH:D011538,C0033775,T184,90446007.0,False
ulobetasol propionate,9,DB00596,MESH:C064466,Granuloma annulare,MESH:D016460,C0085074,T047,65508009.0,False
ulobetasol propionate,9,DB00596,MESH:C064466,Eruption of skin,MESH:D005076,C0015230,T047,271807003.0,False
ulobetasol propionate,9,DB00596,MESH:C064466,Seborrheic dermatitis,MESH:D012628,C0036508,T047,50563003.0,False
ulobetasol propionate,9,DB00596,MESH:C064466,Lichen simplex chronicus,MESH:D009450,C0149922,T047,53891004.0,False
ulobetasol propionate,9,DB00596,MESH:C064466,Contact dermatitis,MESH:D003877,C0011616,T047,40275004.0,False
ulobetasol propionate,9,DB00596,MESH:C064466,Discoid lupus erythematosus,MESH:D008179,C0024138,T047,200938002.0,False
ulobetasol propionate,9,DB00596,MESH:C064466,Atopic dermatitis,MESH:D003876,C0011615,T047,24079001.0,False
ulobetasol propionate,9,DB00596,MESH:C064466,Primary cutaneous T-cell lymphoma,MESH:D016410,C0079773,T191,400122007.0,False
sulindac,6,DB00605,MESH:D013467,Tendinitis,MESH:D052256,C0039503,T047,34840004.0,False
sulindac,6,DB00605,MESH:D013467,Osteoarthritis,MESH:D010003,C0029408,T047,396275006.0,False
sulindac,6,DB00605,MESH:D013467,Articular gout,MESH:D015210,C0003868,T047,48440001.0,False
sulindac,6,DB00605,MESH:D013467,Rheumatoid arthritis,MESH:D001172,C0003873,T047,69896004.0,False
sulindac,6,DB00605,MESH:D013467,Ankylosing spondylitis,MESH:D013167,C0038013,T047,9631008.0,False
sulindac,6,DB00605,MESH:D013467,Bursitis,MESH:D002062,C0006444,T047,84017003.0,False
trometamol,1,DB03754,MESH:D014325,Allergic conjunctivitis,MESH:D003233,C0009766,T047,473460002.0,False
silodosin,1,DB06207,MESH:C095285,Benign prostatic hyperplasia,MESH:D011470,C1739363,T047,266569009.0,False
tedizolid phosphate,2,DB09042,MESH:C515040,Bacterial infection of skin,MESH:D017192,C0162627,T047,128936008.0,False
tedizolid phosphate,2,DB09042,MESH:C515040,Staphylococcal infection of skin,MESH:D013207,C0038166,T047,402938009.0,False
toloxatone,1,DB09245,MESH:C010798,Depressive disorder,MESH:D003866,C0011581,T048,35489007.0,False
