drug_name,num_ind_dc,drugbank,drug_mesh,disease_name,disease_mesh,disease_umls,cui_semantic_type,snomed_conceptid,in_dmdb
procaine benzylpenicillin,20,"DB01053,DB09320",MESH:D010402,Late syphilis,MESH:C536774,C0153188,T047,72083004.0,False
procaine benzylpenicillin,20,"DB01053,DB09320",MESH:D010402,Erysipelas,MESH:D004886,C0014733,T047,44653001.0,False
procaine benzylpenicillin,20,"DB01053,DB09320",MESH:D010402,Yaws,MESH:D015001,C0043388,T047,70647001.0,False
procaine benzylpenicillin,20,"DB01053,DB09320",MESH:D010402,Pinta,MESH:D010874,C0031946,T047,22064009.0,False
procaine benzylpenicillin,20,"DB01053,DB09320",MESH:D010402,Congenital syphilis,MESH:D013590,C0039131,T047,35742006.0,False
procaine benzylpenicillin,20,"DB01053,DB09320",MESH:D010402,Erysipeloid,MESH:D004887,C1276801,T047,400105005.0,False
procaine benzylpenicillin,20,"DB01053,DB09320",MESH:D010402,Anthrax,MESH:D000881,C0003175,T047,409498004.0,False
procaine benzylpenicillin,20,"DB01053,DB09320",MESH:D010402,Rat bite fever,MESH:D011906,C0034686,T047,1685005.0,False
procaine benzylpenicillin,20,"DB01053,DB09320",MESH:D010402,Bacterial endocarditis,MESH:D004697,C0014121,T047,301183007.0,False
procaine benzylpenicillin,20,"DB01053,DB09320",MESH:D010402,Bejel,MESH:D014211,C0004945,T047,240686008.0,False
procaine benzylpenicillin,20,"DB01053,DB09320",MESH:D010402,Neurosyphilis,MESH:D009494,C0027927,T047,26039008.0,False
procaine benzylpenicillin,20,"DB01053,DB09320",MESH:D010402,Scarlet fever,MESH:D012541,C0036285,T047,30242009.0,False
procaine benzylpenicillin,20,"DB01053,DB09320",MESH:D010402,Latent syphilis,MESH:D013592,C0039133,T047,444150000.0,False
procaine benzylpenicillin,20,"DB01053,DB09320",MESH:D010402,Pneumonia due to Streptococcus,MESH:D011018,C0155862,T047,34020007.0,False
procaine benzylpenicillin,20,"DB01053,DB09320",MESH:D010402,Secondary syphilis,MESH:C536773,C0149985,T047,240557004.0,False
procaine benzylpenicillin,20,"DB01053,DB09320",MESH:D010402,Diphtheria,MESH:D004165,C0012546,T047,397428000.0,False
procaine benzylpenicillin,20,"DB01053,DB09320",MESH:D010402,Streptococcus pyogenes infection,MESH:D013290,C0554628,T047,302809008.0,False
procaine benzylpenicillin,20,"DB01053,DB09320",MESH:D010402,Pharyngitis,MESH:D010612,C0031350,T047,405737000.0,False
procaine benzylpenicillin,20,"DB01053,DB09320",MESH:D010402,Syphilis,MESH:D013587,C0039128,T047,76272004.0,False
procaine benzylpenicillin,20,"DB01053,DB09320",MESH:D010402,Infection due to Staphylococcus aureus,MESH:D013203,C1318973,T047,406602003.0,False
