drug_name,num_ind_dc,drugbank,drug_mesh,disease_name,disease_mesh,disease_umls,cui_semantic_type,snomed_conceptid,in_dmdb
natalizumab,2,DB00108,MESH:D000069442,Crohn's disease,MESH:D003424,C0010346,T047,34000006.0,False
natalizumab,2,DB00108,MESH:D000069442,Multiple sclerosis,MESH:D009103,C0026769,T047,24700007.0,False
donepezil,1,DB00843,MESH:C076946,Alzheimer's disease,"MESH:D000544,MESH:C566998",C0002395,T047,26929004.0,False
salmeterol,1,DB00938,MESH:D000068299,Pulmonary emphysema,MESH:D011656,C0034067,T047,87433001.0,False
azelastine,4,DB00972,MESH:C020976,Vasomotor rhinitis,MESH:D012223,C0035460,T047,8229003.0,False
azelastine,4,DB00972,MESH:C020976,Seasonal allergic rhinitis,MESH:D006255,C0018621,T047,367498001.0,False
azelastine,4,DB00972,MESH:C020976,Allergic rhinitis,MESH:D065631,C2607914,T047,61582004.0,False
azelastine,4,DB00972,MESH:C020976,Allergic conjunctivitis,MESH:D003233,C0009766,T047,473460002.0,False
ergometrine,1,DB01253,MESH:D004874,Postpartum hemorrhage,MESH:D006473,C0032797,T046,47821001.0,False
almitrine,1,DB01430,"MESH:D015765,MESH:C037558",Chronic obstructive lung disease,MESH:D029424,C0024117,T047,13645005.0,False
acetylmethadol,1,DB01433,MESH:D008692,Opioid dependence,MESH:D009293,C0524662,T048,75544000.0,False
pargyline,1,DB01626,MESH:D010293,Hypertensive disorder,MESH:D006973,C0020538,T047,38341003.0,False
teduglutide,1,DB08900,"MESH:C438272,MESH:C494910",Short bowel syndrome,MESH:D012778,C0036992,T047,26629001.0,False
chlorcyclizine,7,DB08936,MESH:C084597,Allergic conjunctivitis,MESH:D003233,C0009766,T047,473460002.0,False
chlorcyclizine,7,DB08936,MESH:C084597,Allergic rhinitis,MESH:D065631,C2607914,T047,61582004.0,False
chlorcyclizine,7,DB08936,MESH:C084597,Seasonal allergic rhinitis,MESH:D006255,C0018621,T047,367498001.0,False
chlorcyclizine,7,DB08936,MESH:C084597,Sneezing,MESH:D012912,C0037383,T033,76067001.0,False
chlorcyclizine,7,DB08936,MESH:C084597,Cough,MESH:D003371,C0010200,T184,49727002.0,False
chlorcyclizine,7,DB08936,MESH:C084597,Vasomotor rhinitis,MESH:D012223,C0035460,T047,8229003.0,False
chlorcyclizine,7,DB08936,MESH:C084597,Common cold,MESH:D003139,C0009443,T047,82272006.0,False
