drug_name,num_ind_dc,drugbank,drug_mesh,disease_name,disease_mesh,disease_umls,cui_semantic_type,snomed_conceptid,in_dmdb
ascorbic acid,1,DB00126,"MESH:D001205,MESH:C069207",Ascorbic acid deficiency,MESH:D001206,C0003969,T047,76169001.0,False
ramipril,2,DB00178,"MESH:D017257,MESH:C052549",Hypertensive disorder,MESH:D006973,C0020538,T047,38341003.0,False
ramipril,2,DB00178,"MESH:D017257,MESH:C052549",Cerebrovascular accident,MESH:D020521,C0038454,T047,230690007.0,False
dicoumarol,4,DB00266,MESH:D001728,Cerebral embolism,MESH:D020766,C0007780,T047,75543006.0,False
dicoumarol,4,DB00266,MESH:D001728,Thromboembolic disorder,MESH:D013923,C0040038,T047,371039008.0,False
dicoumarol,4,DB00266,MESH:D001728,Myocardial infarction,MESH:D009203,C0027051,T047,22298006.0,False
dicoumarol,4,DB00266,MESH:D001728,Thrombosis,MESH:D013927,C0040053,T046,439127006.0,False
conjugated estrogens,2,DB00286,MESH:D004966,Menopausal flushing,MESH:D019584,C0600142,T184,198436008.0,False
conjugated estrogens,2,DB00286,MESH:D004966,Dyspareunia,MESH:D004414,C1384606,T033,71315007.0,False
sucralfate,1,DB00364,MESH:D013392,Duodenal ulcer disease,MESH:D004381,C0013295,T047,51868009.0,False
conivaptan,1,DB00872,MESH:C106389,Hyponatremia,MESH:D007010,C0020625,T033,89627008.0,False
colistimethate sodium,1,DB01111,MESH:C004691,Infection due to Escherichia coli,MESH:D004927,C0014836,T047,71057007.0,False
dihydrocodeine,5,DB01551,MESH:C014481,Rhinitis,MESH:D012220,C0035455,T047,70076002.0,False
dihydrocodeine,5,DB01551,MESH:C014481,Pain,MESH:D010146,C0030193,T184,22253000.0,False
dihydrocodeine,5,DB01551,MESH:C014481,Cough,MESH:D003371,C0010200,T184,49727002.0,False
dihydrocodeine,5,DB01551,MESH:C014481,Allergic rhinitis,MESH:D065631,C2607914,T047,61582004.0,False
dihydrocodeine,5,DB01551,MESH:C014481,Common cold,MESH:D003139,C0009443,T047,82272006.0,False
glucose,1,DB01914,MESH:D005947,Hypoglycemia,MESH:D007003,C0020615,T047,302866003.0,False
tetracaine,1,DB09085,MESH:D013748,Itching of skin,MESH:D011537,C0033774,T184,418363000.0,False
levofolinic acid,2,DB11596,MESH:D058766,Megaloblastic anemia,MESH:D000749,C0002888,T047,53165003.0,False
levofolinic acid,2,DB11596,MESH:D058766,Folic acid deficiency,MESH:D005494,C0016412,T047,190633005.0,False
teneligliptin,1,DB11950,MESH:C579035,Diabetes mellitus type 2,MESH:D003924,C0011860,T047,44054006.0,False
