drug_name,num_ind_dc,drugbank,drug_mesh,disease_name,disease_mesh,disease_umls,cui_semantic_type,snomed_conceptid,in_dmdb
glutamine,1,DB00130,MESH:D005973,Short bowel syndrome,MESH:D012778,C0036992,T047,26629001.0,False
sulpiride,1,DB00391,MESH:D013469,Schizophrenia,MESH:D012559,C0036341,T048,58214004.0,False
lercanidipine,1,DB00528,MESH:C060343,Hypertensive disorder,MESH:D006973,C0020538,T047,38341003.0,False
cisapride,1,DB00604,MESH:D020117,Gastroesophageal reflux disease,MESH:D005764,C0017168,T047,235595009.0,False
pirenzepine,1,DB00670,MESH:D010890,Peptic ulcer,MESH:D010437,C0030920,T047,13200003.0,False
lamivudine,2,DB00709,MESH:D019259,Human immunodeficiency virus infection,MESH:D015658,C0019693,T047,86406008.0,False
lamivudine,2,DB00709,MESH:D019259,Chronic type B viral hepatitis,MESH:D019694,C0524909,T047,61977001.0,False
promethazine,4,DB01069,MESH:D011398,Allergic conjunctivitis,MESH:D003233,C0009766,T047,473460002.0,False
promethazine,4,DB01069,MESH:D011398,Seasonal allergic rhinitis,MESH:D006255,C0018621,T047,367498001.0,False
promethazine,4,DB01069,MESH:D011398,Vasomotor rhinitis,MESH:D012223,C0035460,T047,8229003.0,False
promethazine,4,DB01069,MESH:D011398,Urticaria,MESH:D014581,C0042109,T047,126485001.0,False
sertraline,6,DB01104,MESH:D020280,Depressive disorder,MESH:D003866,C0011581,T048,35489007.0,False
sertraline,6,DB01104,MESH:D020280,Social phobia,MESH:D000072861,C0031572,T048,25501002.0,False
sertraline,6,DB01104,MESH:D020280,Premenstrual dysphoric disorder,MESH:D065446,C0520676,T048,596004.0,False
sertraline,6,DB01104,MESH:D020280,Obsessive-compulsive disorder,MESH:D009771,C0028768,T048,191736004.0,False
sertraline,6,DB01104,MESH:D020280,Posttraumatic stress disorder,MESH:D013313,C0038436,T048,47505003.0,False
sertraline,6,DB01104,MESH:D020280,Panic disorder,MESH:D016584,C0030319,T048,371631005.0,False
penbutolol,1,DB01359,MESH:D010394,Hypertensive disorder,MESH:D006973,C0020538,T047,38341003.0,False
vorinostat,1,DB02546,MESH:C111237,Primary cutaneous T-cell lymphoma,MESH:D016410,C0079773,T191,400122007.0,False
nilotinib,1,DB04868,MESH:C498826,Chronic phase chronic myeloid leukemia,MESH:D015466,C0023474,T191,413847001.0,False
besifloxacin,1,DB06771,MESH:C522124,Bacterial conjunctivitis,MESH:D003234,C0009768,T047,128350005.0,False
deferiprone,2,DB08826,MESH:C044919,Iron overload,MESH:D019190,C0282193,T047,60737008.0,False
deferiprone,2,DB08826,MESH:C044919,beta Thalassemia,MESH:D017086,C0005283,T047,65959000.0,False
lobeglitazone,1,DB09198,MESH:C546215,Diabetes mellitus type 2,MESH:D003924,C0011860,T047,44054006.0,False
