drug_name,num_ind_dc,drugbank,drug_mesh,disease_name,disease_mesh,disease_umls,cui_semantic_type,snomed_conceptid,in_dmdb
methscopolamine,5,DB00462,MESH:D019832,Vasomotor rhinitis,MESH:D012223,C0035460,T047,8229003.0,False
methscopolamine,5,DB00462,MESH:D019832,Cough,MESH:D003371,C0010200,T184,49727002.0,False
methscopolamine,5,DB00462,MESH:D019832,Common cold,MESH:D003139,C0009443,T047,82272006.0,False
methscopolamine,5,DB00462,MESH:D019832,Irritable bowel syndrome,MESH:D043183,C0022104,T047,10743008.0,False
methscopolamine,5,DB00462,MESH:D019832,Allergic rhinitis,MESH:D065631,C2607914,T047,61582004.0,False
cinchocaine,1,DB00527,MESH:D003992,Itching of skin,MESH:D011537,C0033774,T184,418363000.0,False
doxazosin,2,DB00590,MESH:D017292,Hypertensive disorder,MESH:D006973,C0020538,T047,38341003.0,False
doxazosin,2,DB00590,MESH:D017292,Benign prostatic hyperplasia,MESH:D011470,C1739363,T047,266569009.0,False
phensuximide,2,DB00832,MESH:C100129,Epilepsy,MESH:D004827,C0014544,T047,84757009.0,False
phensuximide,2,DB00832,MESH:C100129,Absence seizure,MESH:D004832,C0014553,T047,79631006.0,False
loteprednol etabonate,6,DB00873,MESH:D000069559,Rosacea,MESH:D012393,C0035854,T047,398909004.0,False
loteprednol etabonate,6,DB00873,MESH:D000069559,Iritis,MESH:D007500,C0022081,T047,65074000.0,False
loteprednol etabonate,6,DB00873,MESH:D000069559,Uveitis,MESH:D014605,C0042164,T047,128473001.0,False
loteprednol etabonate,6,DB00873,MESH:D000069559,Allergic conjunctivitis,MESH:D003233,C0009766,T047,473460002.0,False
loteprednol etabonate,6,DB00873,MESH:D000069559,Iridocyclitis,MESH:D015863,C0022073,T047,77971008.0,False
loteprednol etabonate,6,DB00873,MESH:D000069559,Anterior uveitis,MESH:D014606,C0042165,T047,410692006.0,False
galsulfase,1,DB01279,MESH:C508864,Maroteaux-Lamy syndrome,MESH:D009087,C0026709,T047,69463008.0,False
apremilast,1,DB05676,MESH:C505730,Psoriasis with arthropathy,MESH:D015535,C0003872,T047,33339001.0,False
levobetaxolol,2,DB09351,,Open-angle glaucoma,MESH:D005902,C0017612,T047,84494001.0,False
levobetaxolol,2,DB09351,,Ocular hypertension,MESH:D009798,C0028840,T047,4210003.0,False
