drug_name,num_ind_dc,drugbank,drug_mesh,disease_name,disease_mesh,disease_umls,cui_semantic_type,snomed_conceptid,in_dmdb
prazosin,1,DB00457,MESH:D011224,Hypertensive disorder,MESH:D006973,C0020538,T047,38341003.0,False
cyclophosphamide,6,DB00531,MESH:D003520,Carcinoma of breast,MESH:D001943,C0678222,T191,254838004.0,False
cyclophosphamide,6,DB00531,MESH:D003520,Neuroblastoma,MESH:D009447,C0027819,T191,432328008.0,False
cyclophosphamide,6,DB00531,MESH:D003520,Mycosis fungoides,MESH:D009182,C0026948,T191,118618005.0,False
cyclophosphamide,6,DB00531,MESH:D003520,Multiple myeloma,MESH:D009101,C0026764,T191,109989006.0,False
cyclophosphamide,6,DB00531,MESH:D003520,Malignant lymphoma,MESH:D008223,C0024299,T191,118600007.0,False
cyclophosphamide,6,DB00531,MESH:D003520,Retinoblastoma,MESH:D012175,C0035335,T191,370967009.0,False
methdilazine,6,DB00902,MESH:C044642,Sneezing,MESH:D012912,C0037383,T033,76067001.0,False
methdilazine,6,DB00902,MESH:C044642,Allergic conjunctivitis,MESH:D003233,C0009766,T047,473460002.0,False
methdilazine,6,DB00902,MESH:C044642,Angioedema,MESH:D000799,C0002994,T046,41291007.0,False
methdilazine,6,DB00902,MESH:C044642,Allergic rhinitis,MESH:D065631,C2607914,T047,61582004.0,False
methdilazine,6,DB00902,MESH:C044642,Itching of skin,MESH:D011537,C0033774,T184,418363000.0,False
methdilazine,6,DB00902,MESH:C044642,Urticaria,MESH:D014581,C0042109,T047,126485001.0,False
mitiglinide,1,DB01252,MESH:C087255,Diabetes mellitus type 2,MESH:D003924,C0011860,T047,44054006.0,False
chlorphentermine,1,DB01556,MESH:D002745,Obesity,MESH:D009765,C0028754,T047,414916001.0,False
oxyphenisatine,1,DB04823,,Constipation,MESH:D003248,C0009806,T184,14760008.0,False
parathyroid hormone,1,DB05829,MESH:D010281,Hypoparathyroidism,MESH:D007011,C0020626,T047,36976004.0,False
dibromotyrosine,1,DB07637,,Hyperthyroidism,MESH:D006980,C0020550,T047,34486009.0,False
octinoxate,1,DB09496,MESH:C516303,Chloasma,MESH:D008548,C0025218,T047,36209000.0,False
melarsoprol,1,DB12864,MESH:D008549,African trypanosomiasis,MESH:D014353,C0041228,T047,27031003.0,False
