drug_name,num_ind_dc,drugbank,drug_mesh,disease_name,disease_mesh,disease_umls,cui_semantic_type,snomed_conceptid,in_dmdb
zolmitriptan,1,DB00315,MESH:C089750,Migraine,MESH:D008881,C0149931,T047,37796009.0,False
miglustat,2,DB00419,MESH:C059896,Glucosylceramide beta-glucosidase deficiency,MESH:D005776,C0017205,T047,190794006.0,False
miglustat,2,DB00419,MESH:C059896,"Niemann-Pick disease, type C",MESH:D052556,C0220756,T047,66751000.0,False
pentostatin,1,DB00552,MESH:D015649,Hairy cell leukemia,MESH:D007943,C0023443,T191,118613001.0,False
galantamine,1,DB00674,MESH:D005702,Alzheimer's disease,"MESH:D000544,MESH:C566998",C0002395,T047,26929004.0,False
methylhomatropine,3,DB00725,MESH:C056244,Irritable bowel syndrome,MESH:D043183,C0022104,T047,10743008.0,False
methylhomatropine,3,DB00725,MESH:C056244,Cough,MESH:D003371,C0010200,T184,49727002.0,False
methylhomatropine,3,DB00725,MESH:C056244,Peptic ulcer,MESH:D010437,C0030920,T047,13200003.0,False
miconazole,6,DB01110,MESH:D008825,Candidiasis of skin,MESH:D002179,C0006846,T047,49883006.0,False
miconazole,6,DB01110,MESH:D008825,Pityriasis versicolor,MESH:D014010,C0040262,T047,56454009.0,False
miconazole,6,DB01110,MESH:D008825,Candidal vulvovaginitis,MESH:D002181,C0700345,T047,72605008.0,False
miconazole,6,DB01110,MESH:D008825,Onychomycosis due to dermatophyte,MESH:D014009,C0040261,T047,402134005.0,False
miconazole,6,DB01110,MESH:D008825,Tinea pedis,MESH:D014008,C0040259,T047,6020002.0,False
miconazole,6,DB01110,MESH:D008825,Diaper rash,MESH:D003963,C0011974,T047,91487003.0,False
methapyrilene,6,DB04819,MESH:D008701,Itching of skin,MESH:D011537,C0033774,T184,418363000.0,False
methapyrilene,6,DB04819,MESH:D008701,Allergic conjunctivitis,MESH:D003233,C0009766,T047,473460002.0,False
methapyrilene,6,DB04819,MESH:D008701,Sneezing,MESH:D012912,C0037383,T033,76067001.0,False
methapyrilene,6,DB04819,MESH:D008701,Allergic rhinitis,MESH:D065631,C2607914,T047,61582004.0,False
methapyrilene,6,DB04819,MESH:D008701,Vasomotor rhinitis,MESH:D012223,C0035460,T047,8229003.0,False
methapyrilene,6,DB04819,MESH:D008701,Urticaria,MESH:D014581,C0042109,T047,126485001.0,False
olaratumab,1,DB06043,"MESH:C548515,MESH:C000589393",Sarcoma of soft tissue,MESH:D012509,C1261473,T191,424952003.0,False
nafamostat,1,DB12598,MESH:C032855,Cystic fibrosis,MESH:D003550,C0010674,T047,190905008.0,False
