drug_name,num_ind_dc,drugbank,drug_mesh,disease_name,disease_mesh,disease_umls,cui_semantic_type,snomed_conceptid,in_dmdb
erythromycin,19,DB00199,"MESH:D004917,MESH:C011462,MESH:C010948",Diphtheria,MESH:D004165,C0012546,T047,397428000.0,False
erythromycin,19,DB00199,"MESH:D004917,MESH:C011462,MESH:C010948",Acne vulgaris,MESH:D000152,C0001144,T047,88616000.0,False
erythromycin,19,DB00199,"MESH:D004917,MESH:C011462,MESH:C010948",Chlamydial pneumonia,MESH:D061387,C0339959,T047,233609002.0,False
erythromycin,19,DB00199,"MESH:D004917,MESH:C011462,MESH:C010948",Syphilis,MESH:D013587,C0039128,T047,76272004.0,False
erythromycin,19,DB00199,"MESH:D004917,MESH:C011462,MESH:C010948",Pneumococcal pneumonia,MESH:D011018,C0155862,T047,233607000.0,False
erythromycin,19,DB00199,"MESH:D004917,MESH:C011462,MESH:C010948",Erythrasma,MESH:D004894,C0014752,T047,238418005.0,False
erythromycin,19,DB00199,"MESH:D004917,MESH:C011462,MESH:C010948",Pertussis,MESH:D014917,C0043167,T047,27836007.0,False
erythromycin ethyl succinate,19,DB00199,MESH:D015643,Urinary tract infectious disease,MESH:D014552,C0042029,T047,68566005.0,False
erythromycin,19,DB00199,"MESH:D004917,MESH:C011462,MESH:C010948",Chlamydial conjunctivitis,MESH:D003235,C0009770,T047,231861005.0,False
erythromycin,19,DB00199,"MESH:D004917,MESH:C011462,MESH:C010948",Listeriosis,MESH:D008088,C0023860,T047,4241002.0,False
erythromycin,19,DB00199,"MESH:D004917,MESH:C011462,MESH:C010948",Streptococcus pyogenes infection,MESH:D013290,C0554628,T047,302809008.0,False
erythromycin,19,DB00199,"MESH:D004917,MESH:C011462,MESH:C010948",Pneumonia due to Mycoplasma pneumoniae,MESH:D011019,C0032302,T047,46970008.0,False
erythromycin,19,DB00199,"MESH:D004917,MESH:C011462,MESH:C010948",Gonorrhea,MESH:D006069,C0018081,T047,15628003.0,False
erythromycin ethyl succinate,19,DB00199,MESH:D015643,Infectious disease of abdomen,MESH:D059413,C1112209,T047,128070006.0,False
erythromycin,19,DB00199,"MESH:D004917,MESH:C011462,MESH:C010948",Infection due to Staphylococcus aureus,MESH:D013203,C1318973,T047,406602003.0,False
erythromycin ethyl succinate,19,DB00199,MESH:D015643,Cholangitis,MESH:D002761,C0008311,T047,82403002.0,False
erythromycin,19,DB00199,"MESH:D004917,MESH:C011462,MESH:C010948",Bacterial pneumonia,MESH:D018410,C0004626,T047,53084003.0,False
erythromycin ethyl succinate,19,DB00199,MESH:D015643,Hepatic coma,MESH:D006501,C0019147,T047,72836002.0,False
erythromycin ethyl succinate,19,DB00199,MESH:D015643,Meningitis,MESH:D008581,C0025289,T047,7180009.0,False
cefuroxime,12,DB01112,MESH:D002444,Gonorrhea,MESH:D006069,C0018081,T047,15628003.0,False
cefuroxime,12,DB01112,MESH:D002444,Infection due to Escherichia coli,MESH:D004927,C0014836,T047,71057007.0,False
cefuroxime,12,DB01112,MESH:D002444,Infection due to Staphylococcus aureus,MESH:D013203,C1318973,T047,406602003.0,False
cefuroxime,12,DB01112,MESH:D002444,Streptococcus pyogenes infection,MESH:D013290,C0554628,T047,302809008.0,False
cefuroxime,12,DB01112,MESH:D002444,Bacterial meningitis,MESH:D016920,C0085437,T047,95883001.0,False
cefuroxime,12,DB01112,MESH:D002444,Rhinoscleroma,MESH:D012226,C0035468,T047,72409005.0,False
cefuroxime,12,DB01112,MESH:D002444,Pneumonia due to Streptococcus,MESH:D011018,C0155862,T047,34020007.0,False
cefuroxime,12,DB01112,MESH:D002444,Infection due to Enterobacteriaceae,MESH:D004756,C0014347,T047,128945009.0,False
cefuroxime,12,DB01112,MESH:D002444,Bacterial pneumonia,MESH:D018410,C0004626,T047,53084003.0,False
cefuroxime,12,DB01112,MESH:D002444,Lyme disease,MESH:D008193,C0024198,T047,23502006.0,False
cefuroxime,12,DB01112,MESH:D002444,Impetigo,MESH:D007169,C0021099,T047,48277006.0,False
cefuroxime,12,DB01112,MESH:D002444,Staphylococcal pneumonia,MESH:D011023,C0032308,T047,22754005.0,False
