drug_name,num_ind_dc,drugbank,drug_mesh,disease_name,disease_mesh,disease_umls,cui_semantic_type,snomed_conceptid,in_dmdb
collagenase,1,DB00048,,Induratio penis plastica,MESH:D010411,C0030848,T047,1335005.0,False
pregabalin,2,DB00230,MESH:D000069583,Fibromyalgia,MESH:D005356,C0016053,T047,203082005.0,False
pregabalin,2,DB00230,MESH:D000069583,Postherpetic neuralgia,MESH:D051474,C0032768,T047,2177002.0,False
metixene,1,DB00340,MESH:C005111,Parkinsonism,MESH:D020734,C0242422,T047,32798002.0,False
thiopental,2,DB00599,MESH:D013874,Epilepsy,MESH:D004827,C0014544,T047,84757009.0,False
thiopental,2,DB00599,MESH:D013874,Benign intracranial hypertension,MESH:D011559,C0033845,T047,68267002.0,False
glycopyrronium bromide,3,DB00986,MESH:D006024,Peptic ulcer,MESH:D010437,C0030920,T047,13200003.0,False
glycopyrronium bromide,3,DB00986,MESH:D006024,Excessive salivation,MESH:D012798,C0037036,T047,53827007.0,False
glycopyrronium bromide,3,DB00986,MESH:D006024,Chronic obstructive lung disease,MESH:D029424,C0024117,T047,13645005.0,False
fenofibrate,5,DB01039,MESH:D011345,Hypercholesterolemia,MESH:D006937,C0020443,T047,13644009.0,False
fenofibrate,5,DB01039,MESH:D011345,Hyperlipidemia,MESH:D006949,C0020473,T047,55822004.0,False
fenofibrate,5,DB01039,MESH:D011345,Hypertriglyceridemia,MESH:D015228,C0020557,T033,302870006.0,False
fenofibrate,5,DB01039,MESH:D011345,Mixed hyperlipidemia,MESH:D006950,C0020474,T047,267434003.0,False
fenofibrate,5,DB01039,MESH:D011345,Hypoalphalipoproteinemia,MESH:D052456,C0473527,T033,190785000.0,False
magnesium silicate,4,DB09281,"MESH:C001671,MESH:C005013",Heartburn,MESH:D006356,C0018834,T184,16331000.0,False
magnesium silicate,4,DB09281,"MESH:C001671,MESH:C005013",Peptic ulcer,MESH:D010437,C0030920,T047,13200003.0,False
magnesium silicate,4,DB09281,"MESH:C001671,MESH:C005013",Indigestion,MESH:D004415,C0013395,T184,162031009.0,False
magnesium silicate,4,DB09281,"MESH:C001671,MESH:C005013",Gastroesophageal reflux disease,MESH:D005764,C0017168,T047,235595009.0,False
vonoprazan,2,DB11739,MESH:C552956,Gastric ulcer,MESH:D013276,C0038358,T047,397825006.0,False
vonoprazan,2,DB11739,MESH:C552956,Duodenal ulcer disease,MESH:D004381,C0013295,T047,51868009.0,False
