drug_name,num_ind_dc,drugbank,drug_mesh,disease_name,disease_mesh,disease_umls,cui_semantic_type,snomed_conceptid,in_dmdb
mesalazine,1,DB00244,MESH:D019804,Ulcerative colitis,MESH:D003093,C0009324,T047,64766004.0,False
pimecrolimus,1,DB00337,MESH:C117268,Atopic dermatitis,MESH:D003876,C0011615,T047,24079001.0,False
delavirdine,1,DB00705,MESH:D020008,Human immunodeficiency virus infection,MESH:D015658,C0019693,T047,86406008.0,False
phytomenadione,3,DB01022,MESH:D014812,Hypocalcemia,MESH:D006996,C0020598,T046,5291005.0,False
phytomenadione,3,DB01022,MESH:D014812,Postmenopausal osteoporosis,MESH:D015663,C0029458,T047,102447009.0,False
phytomenadione,3,DB01022,MESH:D014812,Osteoporosis,MESH:D010024,C0029456,T047,64859006.0,False
orphenadrine,2,DB01173,MESH:D009966,Parkinsonism,MESH:D020734,C0242422,T047,32798002.0,False
orphenadrine,2,DB01173,MESH:D009966,Spasticity,MESH:D009128,C0026838,T184,221360009.0,False
cefamandole,9,DB01326,MESH:D002435,Staphylococcal pneumonia,MESH:D011023,C0032308,T047,22754005.0,False
cefamandole,9,DB01326,MESH:D002435,Infectious disease of abdomen,MESH:D059413,C1112209,T047,128070006.0,False
cefamandole,9,DB01326,MESH:D002435,Infection due to Escherichia coli,MESH:D004927,C0014836,T047,71057007.0,False
cefamandole,9,DB01326,MESH:D002435,Infection due to Staphylococcus aureus,MESH:D013203,C1318973,T047,406602003.0,False
cefamandole,9,DB01326,MESH:D002435,Urinary tract infectious disease,MESH:D014552,C0042029,T047,68566005.0,False
cefamandole,9,DB01326,MESH:D002435,Streptococcus pyogenes infection,MESH:D013290,C0554628,T047,302809008.0,False
cefamandole,9,DB01326,MESH:D002435,Infection due to Enterobacteriaceae,MESH:D004756,C0014347,T047,128945009.0,False
cefamandole,9,DB01326,MESH:D002435,Pneumonia,MESH:D011014,C0032285,T047,233604007.0,False
cefamandole,9,DB01326,MESH:D002435,Pneumonia due to Streptococcus,MESH:D011018,C0155862,T047,34020007.0,False
asenapine,1,DB06216,MESH:C522667,Schizophrenia,MESH:D012559,C0036341,T048,58214004.0,False
tyloxapol,1,DB06439,MESH:C016811,Respiratory distress syndrome in the newborn,MESH:D012127,C0035220,T047,46775006.0,False
aurothioglucose,2,DB09121,MESH:D006051,Rheumatoid arthritis,MESH:D001172,C0003873,T047,69896004.0,False
aurothioglucose,2,DB09121,MESH:D006051,Juvenile rheumatoid arthritis,MESH:D001171,C3495559,T047,410795001.0,False
ubidecarenone,1,DB09270,MESH:C010524,Congestive heart failure,MESH:D006333,C0018802,T047,42343007.0,False
