drug_name,num_ind_dc,drugbank,drug_mesh,disease_name,disease_mesh,disease_umls,cui_semantic_type,snomed_conceptid,in_dmdb
magnesium sulfate,1,DB00653,MESH:D008278,Constipation,MESH:D003248,C0009806,T184,14760008.0,False
methazolamide,2,DB00703,MESH:D008704,Open-angle glaucoma,MESH:D005902,C0017612,T047,84494001.0,False
methazolamide,2,DB00703,MESH:D008704,Angle-closure glaucoma,MESH:D015812,C0017605,T047,392291006.0,False
echothiophate,4,DB01057,"MESH:C061212,MESH:D004456",Stargardt's disease,MESH:D000080362,C0271093,T033,70099003.0,False
echothiophate,4,DB01057,"MESH:C061212,MESH:D004456",Glaucoma,MESH:D005901,C0017601,T047,23986001.0,False
echothiophate,4,DB01057,"MESH:C061212,MESH:D004456",Open-angle glaucoma,MESH:D005902,C0017612,T047,84494001.0,False
echothiophate,4,DB01057,"MESH:C061212,MESH:D004456",Esotropia,MESH:D004948,C0014877,T047,16596007.0,False
ataluren,1,DB05016,MESH:C515878,Duchenne muscular dystrophy,MESH:D020388,C0013264,T047,76670001.0,False
bazedoxifene,2,DB06401,MESH:C447119,Postmenopausal osteoporosis,MESH:D015663,C0029458,T047,102447009.0,False
bazedoxifene,2,DB06401,MESH:C447119,Menopausal flushing,MESH:D019584,C0600142,T184,198436008.0,False
prucalopride,1,DB06480,MESH:C406662,Constipation,MESH:D003248,C0009806,T184,14760008.0,False
linaclotide,1,DB08890,MESH:C523483,Irritable bowel syndrome,MESH:D043183,C0022104,T047,10743008.0,False
dexibuprofen,7,DB09213,MESH:C539402,Dysmenorrhea,MESH:D004412,C0013390,T046,266599000.0,False
dexibuprofen,7,DB09213,MESH:C539402,Headache disorder,MESH:D020773,C0393735,T047,230461009.0,False
dexibuprofen,7,DB09213,MESH:C539402,Pain,MESH:D010146,C0030193,T184,22253000.0,False
dexibuprofen,7,DB09213,MESH:C539402,Fever,MESH:D005334,C0015967,T033,386661006.0,False
dexibuprofen,7,DB09213,MESH:C539402,Osteoarthritis,MESH:D010003,C0029408,T047,396275006.0,False
dexibuprofen,7,DB09213,MESH:C539402,Juvenile rheumatoid arthritis,MESH:D001171,C3495559,T047,410795001.0,False
dexibuprofen,7,DB09213,MESH:C539402,Rheumatoid arthritis,MESH:D001172,C0003873,T047,69896004.0,False
polaprezinc,1,DB09221,MESH:C061957,Peptic ulcer,MESH:D010437,C0030920,T047,13200003.0,False
levomefolic acid,2,DB11256,MESH:C569381,Premenstrual dysphoric disorder,MESH:D065446,C0520676,T048,596004.0,False
levomefolic acid,2,DB11256,MESH:C569381,Acne vulgaris,MESH:D000152,C0001144,T047,88616000.0,False
