drug_name,num_ind_dc,drugbank,drug_mesh,disease_name,disease_mesh,disease_umls,cui_semantic_type,snomed_conceptid,in_dmdb
sermorelin,1,DB00010,MESH:D017337,Pituitary dwarfism,MESH:D004393,C0013338,T047,367460001.0,False
procyclidine,4,DB00387,MESH:D011352,Extrapyramidal disease,MESH:D001480,C0015371,T047,76349003.0,False
procyclidine,4,DB00387,MESH:D011352,Parkinsonism,MESH:D020734,C0242422,T047,32798002.0,False
procyclidine,4,DB00387,MESH:D011352,Parkinson's disease,MESH:D010300,C0030567,T047,49049000.0,False
procyclidine,4,DB00387,MESH:D011352,Postencephalitic parkinsonism,MESH:D010301,C0030568,T047,19972008.0,False
etretinate,1,"DB00459,DB00926",MESH:D005050,Psoriasis,MESH:D011565,C0033860,T047,9014002.0,False
sulfamethizole,1,DB00576,MESH:D013419,Shigellosis,MESH:D004405,C0013371,T047,36188001.0,False
prilocaine,1,DB00750,MESH:D011318,Premature ejaculation,MESH:D061686,C0033038,T048,44001008.0,False
nadolol,2,DB01203,MESH:D009248,Hypertensive disorder,MESH:D006973,C0020538,T047,38341003.0,False
nadolol,2,DB01203,MESH:D009248,Angina pectoris,MESH:D000787,C0002962,T033,194828000.0,False
abatacept,2,DB01281,MESH:D000069594,Juvenile idiopathic arthritis,MESH:D001171,C3495559,T047,410502007.0,False
abatacept,2,DB01281,MESH:D000069594,Rheumatoid arthritis,MESH:D001172,C0003873,T047,69896004.0,False
mephentermine,1,DB01365,MESH:D008616,Low blood pressure,MESH:D007022,C0020649,T033,45007003.0,False
thiothixene,1,DB01623,MESH:D013888,Schizophrenia,MESH:D012559,C0036341,T048,58214004.0,False
calcium pantothenate,1,DB01783,MESH:D010205,Ascorbic acid deficiency,MESH:D001206,C0003969,T047,76169001.0,False
taliglucerase alfa,1,DB08876,MESH:C582473,Chronic non-neuropathic Gaucher's disease,MESH:D005776,C1961835,T047,62201009.0,False
albiglutide,1,DB09043,MESH:C534611,Diabetes mellitus type 2,MESH:D003924,C0011860,T047,44054006.0,False
trimazosin,1,DB09206,MESH:C005185,Hypertensive disorder,MESH:D006973,C0020538,T047,38341003.0,False
ozenoxacin,2,DB12924,MESH:C000592413,Staphylococcal infection of skin,MESH:D013207,C0038166,T047,402938009.0,False
ozenoxacin,2,DB12924,MESH:C000592413,Acne vulgaris,MESH:D000152,C0001144,T047,88616000.0,False
