drug_name,num_ind_dc,drugbank,drug_mesh,disease_name,disease_mesh,disease_umls,cui_semantic_type,snomed_conceptid,in_dmdb
doxorubicin,15,DB00997,"MESH:C506643,MESH:D004317",Carcinoma of breast,MESH:D001943,C0678222,T191,254838004.0,False
doxorubicin,15,DB00997,"MESH:C506643,MESH:D004317",Neuroblastoma,MESH:D009447,C0027819,T191,432328008.0,False
doxorubicin,15,DB00997,"MESH:C506643,MESH:D004317",Kaposi's sarcoma,MESH:D012514,C0036220,T191,109385007.0,False
doxorubicin,15,DB00997,"MESH:C506643,MESH:D004317",Burkitt's lymphoma,MESH:D002051,C0006413,T191,118617000.0,False
doxorubicin,15,DB00997,"MESH:C506643,MESH:D004317",Small cell carcinoma of lung,MESH:D055752,C0149925,T191,254632001.0,False
doxorubicin,15,DB00997,"MESH:C506643,MESH:D004317",Malignant tumor of lung,MESH:D008175,C0242379,T191,363358000.0,False
doxorubicin,15,DB00997,"MESH:C506643,MESH:D004317",Non-Hodgkin's lymphoma,MESH:D008228,C0024305,T191,118601006.0,False
doxorubicin,15,DB00997,"MESH:C506643,MESH:D004317",Nephroblastoma,MESH:D009396,C0027708,T191,302849000.0,False
doxorubicin,15,DB00997,"MESH:C506643,MESH:D004317","Acute myeloid leukemia, disease",MESH:D015470,C0023467,T191,91861009.0,False
doxorubicin,15,DB00997,"MESH:C506643,MESH:D004317",Follicular non-Hodgkin's lymphoma,MESH:D008224,C0024301,T191,308121000.0,False
doxorubicin,15,DB00997,"MESH:C506643,MESH:D004317",Malignant tumor of ovary,MESH:D010051,C1140680,T191,363443007.0,False
doxorubicin,15,DB00997,"MESH:C506643,MESH:D004317","Diffuse non-Hodgkin's lymphoma, large cell",MESH:D016403,C0079744,T191,109969005.0,False
doxorubicin,15,DB00997,"MESH:C506643,MESH:D004317",Kaposi's sarcoma associated with AIDS,MESH:C554498,C0276535,T191,420524008.0,False
doxorubicin,15,DB00997,"MESH:C506643,MESH:D004317",Hodgkin's disease,MESH:D006689,C0019829,T191,118599009.0,False
doxorubicin,15,DB00997,"MESH:C506643,MESH:D004317",Multiple myeloma,MESH:D009101,C0026764,T191,109989006.0,False
ceftriaxone,17,DB01212,MESH:D002443,Endometritis,MESH:D004716,C0014179,T047,78623009.0,False
ceftriaxone,17,DB01212,MESH:D002443,Bacterial meningitis,MESH:D016920,C0085437,T047,95883001.0,False
ceftriaxone,17,DB01212,MESH:D002443,Pneumococcal meningitis,MESH:D008586,C0025295,T047,51169003.0,False
ceftriaxone,17,DB01212,MESH:D002443,Chancroid,MESH:D002602,C0007947,T047,266143009.0,False
ceftriaxone,17,DB01212,MESH:D002443,Infection due to Escherichia coli,MESH:D004927,C0014836,T047,71057007.0,False
ceftriaxone,17,DB01212,MESH:D002443,Bacterial pneumonia,MESH:D018410,C0004626,T047,53084003.0,False
ceftriaxone,17,DB01212,MESH:D002443,Streptococcus pyogenes infection,MESH:D013290,C0554628,T047,302809008.0,False
ceftriaxone,17,DB01212,MESH:D002443,Gonorrhea,MESH:D006069,C0018081,T047,15628003.0,False
ceftriaxone,17,DB01212,MESH:D002443,Pneumonia due to Streptococcus,MESH:D011018,C0155862,T047,34020007.0,False
ceftriaxone,17,DB01212,MESH:D002443,Rhinoscleroma,MESH:D012226,C0035468,T047,72409005.0,False
ceftriaxone,17,DB01212,MESH:D002443,Infectious disease of abdomen,MESH:D059413,C1112209,T047,128070006.0,False
ceftriaxone,17,DB01212,MESH:D002443,Staphylococcal pneumonia,MESH:D011023,C0032308,T047,22754005.0,False
ceftriaxone,17,DB01212,MESH:D002443,Escherichia coli meningitis,MESH:D020814,C0338395,T047,192655005.0,False
ceftriaxone,17,DB01212,MESH:D002443,Infection due to Enterobacteriaceae,MESH:D004756,C0014347,T047,128945009.0,False
ceftriaxone,17,DB01212,MESH:D002443,Meningococcal meningitis,MESH:D008585,C0025294,T047,192644005.0,False
ceftriaxone,17,DB01212,MESH:D002443,Bacterial arthritis,MESH:D001170,C1692886,T047,48245008.0,False
ceftriaxone,17,DB01212,MESH:D002443,Bacterial infection due to Serratia,MESH:D016868,C0085394,T047,71120004.0,False
