drug_name,num_ind_dc,drugbank,drug_mesh,disease_name,disease_mesh,disease_umls,cui_semantic_type,snomed_conceptid,in_dmdb
flunisolide,2,DB00180,MESH:C007734,Asthma,MESH:D001249,C0004096,T047,195967001.0,False
flunisolide,2,DB00180,MESH:C007734,Allergic rhinitis,MESH:D065631,C2607914,T047,61582004.0,False
ropinirole,2,DB00268,MESH:C046649,Restless legs,MESH:D012148,C0035258,T047,32914008.0,False
ropinirole,2,DB00268,MESH:C046649,Parkinson's disease,MESH:D010300,C0030567,T047,49049000.0,False
latanoprost,2,DB00654,MESH:C072042,Ocular hypertension,MESH:D009798,C0028840,T047,4210003.0,False
latanoprost,2,DB00654,MESH:C072042,Open-angle glaucoma,MESH:D005902,C0017612,T047,84494001.0,False
apomorphine,1,DB00714,MESH:D001058,Parkinson's disease,MESH:D010300,C0030567,T047,49049000.0,False
mannitol,5,DB00742,MESH:D008353,Cystic fibrosis,MESH:D003550,C0010674,T047,190905008.0,False
mannitol,5,DB00742,MESH:D008353,Ocular hypertension,MESH:D009798,C0028840,T047,4210003.0,False
mannitol,5,DB00742,MESH:D008353,Edema,MESH:D004487,C0013604,T046,267038008.0,False
mannitol,5,DB00742,MESH:D008353,Benign intracranial hypertension,MESH:D011559,C0033845,T047,68267002.0,False
mannitol,5,DB00742,MESH:D008353,Cerebral edema,MESH:D001929,C0006114,T046,2032001.0,False
modafinil,1,DB00745,MESH:C048833,Narcolepsy,MESH:D009290,C0027404,T047,60380001.0,False
afamelanotide,1,DB04931,MESH:C534526,Erythropoietic protoporphyria,MESH:D046351,C0162568,T047,51022005.0,False
salicylamide,5,DB08797,"MESH:C524082,MESH:C031060",Joint pain,MESH:D018771,C0003862,T184,57676002.0,False
salicylamide,5,DB08797,"MESH:C524082,MESH:C031060",Headache disorder,MESH:D020773,C0393735,T047,230461009.0,False
salicylamide,5,DB08797,"MESH:C524082,MESH:C031060",Pain,MESH:D010146,C0030193,T184,22253000.0,False
salicylamide,5,DB08797,"MESH:C524082,MESH:C031060",Backache,MESH:D001416,C0004604,T184,161891005.0,False
salicylamide,5,DB08797,"MESH:C524082,MESH:C031060",Fever,MESH:D005334,C0015967,T033,386661006.0,False
nusinersen,1,DB13161,MESH:C000590926,Spinal muscular atrophy,MESH:D009134,C0026847,T047,5262007.0,False
