drug_name,num_ind_dc,drugbank,drug_mesh,disease_name,disease_mesh,disease_umls,cui_semantic_type,snomed_conceptid,in_dmdb
nitroprusside,1,DB00325,MESH:D009599,Hypertensive disorder,MESH:D006973,C0020538,T047,38341003.0,False
fentanyl,1,DB00813,MESH:D005283,Pain,MESH:D010146,C0030193,T184,22253000.0,False
bitolterol,4,DB00901,MESH:C011685,Bronchitis,MESH:D001991,C0006277,T047,32398004.0,False
bitolterol,4,DB00901,MESH:C011685,Bronchiectasis,MESH:D001987,C0006267,T047,12295008.0,False
bitolterol,4,DB00901,MESH:C011685,Asthma,MESH:D001249,C0004096,T047,195967001.0,False
bitolterol,4,DB00901,MESH:C011685,Pulmonary emphysema,MESH:D011656,C0034067,T047,87433001.0,False
diazoxide,3,DB01119,MESH:D003981,Insulinoma,MESH:D007340,C0021670,T191,302822000.0,False
diazoxide,3,DB01119,MESH:D003981,Hyperinsulinism,MESH:D006946,C0020459,T047,83469008.0,False
diazoxide,3,DB01119,MESH:D003981,Islet cell hyperplasia,MESH:D046768,C0027773,T047,42681006.0,False
cholic acid,4,DB02659,MESH:D019826,Disorder of biliary tract,MESH:D001660,C0005424,T047,105997008.0,False
cholic acid,4,DB02659,MESH:D019826,Calculus in biliary tract,MESH:D002769,C0008350,T047,266474003.0,False
cholic acid,4,DB02659,MESH:D019826,Constipation,MESH:D003248,C0009806,T184,14760008.0,False
cholic acid,4,DB02659,MESH:D019826,Cholestanol storage disease,MESH:D019294,C0238052,T047,63246000.0,False
floctafenine,1,DB08976,"MESH:C051733,MESH:C084600",Acute pain,MESH:D059787,C0184567,T184,274663001.0,False
umeclidinium,1,DB09076,MESH:C573971,Chronic obstructive lung disease,MESH:D029424,C0024117,T047,13645005.0,False
acrivastine,6,DB09488,MESH:C043648,Vasomotor rhinitis,MESH:D012223,C0035460,T047,8229003.0,False
acrivastine,6,DB09488,MESH:C043648,Allergic conjunctivitis,MESH:D003233,C0009766,T047,473460002.0,False
acrivastine,6,DB09488,MESH:C043648,Seasonal allergic rhinitis,MESH:D006255,C0018621,T047,367498001.0,False
acrivastine,6,DB09488,MESH:C043648,Sneezing,MESH:D012912,C0037383,T033,76067001.0,False
acrivastine,6,DB09488,MESH:C043648,Common cold,MESH:D003139,C0009443,T047,82272006.0,False
acrivastine,6,DB09488,MESH:C043648,Allergic rhinitis,MESH:D065631,C2607914,T047,61582004.0,False
tonzonium,1,DB09552,MESH:C000609116,Otitis externa,MESH:D010032,C0029878,T047,3135009.0,False
dupilumab,1,DB12159,MESH:C582203,Atopic dermatitis,MESH:D003876,C0011615,T047,24079001.0,False
