drug_name,num_ind_dc,drugbank,drug_mesh,disease_name,disease_mesh,disease_umls,cui_semantic_type,snomed_conceptid,in_dmdb
citalopram,2,DB00215,MESH:D015283,Depressive disorder,MESH:D003866,C0011581,T048,35489007.0,False
citalopram,2,DB00215,MESH:D015283,Major depressive disorder,MESH:D003865,C1269683,T048,370143000.0,False
tenofovir disoproxil,2,DB00300,,Human immunodeficiency virus infection,MESH:D015658,C0019693,T047,86406008.0,False
tenofovir disoproxil,2,DB00300,,Chronic type B viral hepatitis,MESH:D019694,C0524909,T047,61977001.0,False
nisoldipine,1,DB00401,MESH:D015737,Hypertensive disorder,MESH:D006973,C0020538,T047,38341003.0,False
cefprozil,5,DB01150,MESH:C052018,Bronchitis,MESH:D001991,C0006277,T047,32398004.0,False
cefprozil,5,DB01150,MESH:C052018,Upper respiratory infection,MESH:D012141,C0041912,T047,54150009.0,False
cefprozil,5,DB01150,MESH:C052018,Streptococcus pyogenes infection,MESH:D013290,C0554628,T047,302809008.0,False
cefprozil,5,DB01150,MESH:C052018,Infection due to Staphylococcus aureus,MESH:D013203,C1318973,T047,406602003.0,False
cefprozil,5,DB01150,MESH:C052018,Tonsillitis,MESH:D014069,C0040425,T047,90176007.0,False
budesonide,3,DB01222,MESH:D019819,Crohn's disease,MESH:D003424,C0010346,T047,34000006.0,False
budesonide,3,DB01222,MESH:D019819,Asthma,MESH:D001249,C0004096,T047,195967001.0,False
budesonide,3,DB01222,MESH:D019819,Allergic rhinitis,MESH:D065631,C2607914,T047,61582004.0,False
sinecatechins,1,DB01266,,Condyloma acuminatum,MESH:D003218,C0009663,T047,240542006.0,False
paliperidone palmitate,2,DB01267,MESH:D000068882,Schizophrenia,MESH:D012559,C0036341,T048,58214004.0,False
paliperidone,2,DB01267,,Schizoaffective disorder,MESH:D011618,C0036337,T048,68890003.0,False
calcium carbonate,2,DB06724,MESH:D002119,Indigestion,MESH:D004415,C0013395,T184,162031009.0,False
calcium carbonate,2,DB06724,MESH:D002119,Hypocalcemia,MESH:D006996,C0020598,T046,5291005.0,False
fimasartan,1,DB09279,MESH:C558933,Hypertensive disorder,MESH:D006973,C0020538,T047,38341003.0,False
baricitinib,1,DB11817,MESH:C000596027,Rheumatoid arthritis,MESH:D001172,C0003873,T047,69896004.0,False
