drug_name,num_ind_dc,drugbank,drug_mesh,disease_name,disease_mesh,disease_umls,cui_semantic_type,snomed_conceptid,in_dmdb
sulfafurazole,7,DB00263,MESH:D013444,Meningococcal meningitis,MESH:D008585,C0025294,T047,192644005.0,False
sulfafurazole,7,DB00263,MESH:D013444,Trachoma,MESH:D014141,C0040592,T047,2576002.0,False
sulfafurazole,7,DB00263,MESH:D013444,Chancroid,MESH:D002602,C0007947,T047,266143009.0,False
sulfafurazole,7,DB00263,MESH:D013444,Nocardiosis,MESH:D009617,C0028242,T047,29227009.0,False
sulfafurazole,7,DB00263,MESH:D013444,Falciparum malaria,MESH:D016778,C0024535,T047,62676009.0,False
sulfafurazole,7,DB00263,MESH:D013444,Chlamydial conjunctivitis,MESH:D003235,C0009770,T047,231861005.0,False
sulfafurazole,7,DB00263,MESH:D013444,Urinary tract infectious disease,MESH:D014552,C0042029,T047,68566005.0,False
acarbose,1,DB00284,MESH:D020909,Diabetes mellitus type 2,MESH:D003924,C0011860,T047,44054006.0,False
chloramphenicol,7,DB00446,MESH:D002701,Disease caused by rickettsiae,MESH:D012282,C0035585,T047,37246009.0,False
chloramphenicol,7,DB00446,MESH:D002701,Boutonneuse fever,MESH:D001907,C0006060,T047,186774005.0,False
chloramphenicol,7,DB00446,MESH:D002701,Bacterial infection of skin,MESH:D017192,C0162627,T047,128936008.0,False
chloramphenicol,7,DB00446,MESH:D002701,Otitis externa,MESH:D010032,C0029878,T047,3135009.0,False
chloramphenicol,7,DB00446,MESH:D002701,Paratyphoid fever,MESH:D010284,C0030528,T047,85904008.0,False
chloramphenicol,7,DB00446,MESH:D002701,Meningococcal meningitis,MESH:D008585,C0025294,T047,192644005.0,False
chloramphenicol,7,DB00446,MESH:D002701,Typhoid fever,MESH:D014435,C0041466,T047,4834000.0,False
lumiracoxib,1,DB01283,MESH:C473384,Osteoarthritis,MESH:D010003,C0029408,T047,396275006.0,False
probucol,2,DB01599,MESH:D011341,Hypercholesterolemia,MESH:D006937,C0020443,T047,13644009.0,False
probucol,2,DB01599,MESH:D011341,Hyperlipidemia,MESH:D006949,C0020473,T047,55822004.0,False
migalastat,1,DB05018,MESH:C090092,Fabry's disease,MESH:D000795,C0002986,T047,16652001.0,False
daratumumab,1,DB09331,MESH:C556306,Multiple myeloma,MESH:D009101,C0026764,T191,109989006.0,False
faropenem,2,DB12190,MESH:C107057,Respiratory tract infection,MESH:D012141,C0035243,T047,275498002.0,False
faropenem,2,DB12190,MESH:C107057,Bacterial infection of skin,MESH:D017192,C0162627,T047,128936008.0,False
thioacetazone,1,DB12829,MESH:D013828,Pulmonary tuberculosis,MESH:D014397,C0041327,T047,154283005.0,False
troleandomycin,1,DB13179,MESH:D014217,Pneumococcal pneumonia,MESH:D011018,C0155862,T047,233607000.0,False
