drug_name,num_ind_dc,drugbank,drug_mesh,disease_name,disease_mesh,disease_umls,cui_semantic_type,snomed_conceptid,in_dmdb
norepinephrine,5,DB00368,MESH:D009638,Asthma,MESH:D001249,C0004096,T047,195967001.0,False
norepinephrine,5,DB00368,MESH:D009638,Low blood pressure,MESH:D007022,C0020649,T033,45007003.0,False
norepinephrine,5,DB00368,MESH:D009638,Bronchitis,MESH:D001991,C0006277,T047,32398004.0,False
norepinephrine,5,DB00368,MESH:D009638,Bronchiectasis,MESH:D001987,C0006267,T047,12295008.0,False
norepinephrine,5,DB00368,MESH:D009638,Pulmonary emphysema,MESH:D011656,C0034067,T047,87433001.0,False
triprolidine,7,DB00427,MESH:D014311,Seasonal allergic rhinitis,MESH:D006255,C0018621,T047,367498001.0,False
triprolidine,7,DB00427,MESH:D014311,Vasomotor rhinitis,MESH:D012223,C0035460,T047,8229003.0,False
triprolidine,7,DB00427,MESH:D014311,Common cold,MESH:D003139,C0009443,T047,82272006.0,False
triprolidine,7,DB00427,MESH:D014311,Allergic conjunctivitis,MESH:D003233,C0009766,T047,473460002.0,False
triprolidine,7,DB00427,MESH:D014311,Allergic rhinitis,MESH:D065631,C2607914,T047,61582004.0,False
triprolidine,7,DB00427,MESH:D014311,Urticaria,MESH:D014581,C0042109,T047,126485001.0,False
triprolidine,7,DB00427,MESH:D014311,Itching of skin,MESH:D011537,C0033774,T184,418363000.0,False
nortriptyline,1,DB00540,MESH:D009661,Depressive disorder,MESH:D003866,C0011581,T048,35489007.0,False
tripelennamine,6,DB00792,MESH:D014309,Vasomotor rhinitis,MESH:D012223,C0035460,T047,8229003.0,False
tripelennamine,6,DB00792,MESH:D014309,Urticaria,MESH:D014581,C0042109,T047,126485001.0,False
tripelennamine,6,DB00792,MESH:D014309,Allergic rhinitis,MESH:D065631,C2607914,T047,61582004.0,False
tripelennamine,6,DB00792,MESH:D014309,Allergic conjunctivitis,MESH:D003233,C0009766,T047,473460002.0,False
tripelennamine,6,DB00792,MESH:D014309,Itching of skin,MESH:D011537,C0033774,T184,418363000.0,False
tripelennamine,6,DB00792,MESH:D014309,Sneezing,MESH:D012912,C0037383,T033,76067001.0,False
dantron,1,DB04816,MESH:C004315,Constipation,MESH:D003248,C0009806,T184,14760008.0,False
peramivir,1,DB06614,MESH:C414210,Influenza,MESH:D007251,C0021400,T047,6142004.0,False
dolutegravir,1,DB08930,MESH:C562325,Human immunodeficiency virus infection,MESH:D015658,C0019693,T047,86406008.0,False
