drug_name,num_ind_dc,drugbank,drug_mesh,disease_name,disease_mesh,disease_umls,cui_semantic_type,snomed_conceptid,in_dmdb
enfuvirtide,1,DB00109,MESH:C105196,Human immunodeficiency virus infection,MESH:D015658,C0019693,T047,86406008.0,False
enoxacin,2,DB00467,MESH:D015365,Gonorrhea,MESH:D006069,C0018081,T047,15628003.0,False
enoxacin,2,DB00467,MESH:D015365,Urinary tract infectious disease,MESH:D014552,C0042029,T047,68566005.0,False
raloxifene,1,DB00481,MESH:D020849,Postmenopausal osteoporosis,MESH:D015663,C0029458,T047,102447009.0,False
pyridostigmine,1,DB00545,MESH:D011729,Myasthenia gravis,MESH:D009157,C0026896,T047,91637004.0,False
valaciclovir,4,DB00577,MESH:C084555,Genital herpes simplex,MESH:D006558,C0019342,T047,33839006.0,False
valaciclovir,4,DB00577,MESH:C084555,Herpes zoster,MESH:D006562,C0019360,T047,4740000.0,False
valaciclovir,4,DB00577,MESH:C084555,Varicella,MESH:D002644,C0008049,T047,38907003.0,False
valaciclovir,4,DB00577,MESH:C084555,Herpes labialis,MESH:D006560,C0019345,T047,1475003.0,False
hydrocodone,5,DB00956,MESH:D006853,Common cold,MESH:D003139,C0009443,T047,82272006.0,False
hydrocodone,5,DB00956,MESH:D006853,Allergic rhinitis,MESH:D065631,C2607914,T047,61582004.0,False
hydrocodone,5,DB00956,MESH:D006853,Rhinitis,MESH:D012220,C0035455,T047,70076002.0,False
hydrocodone,5,DB00956,MESH:D006853,Cough,MESH:D003371,C0010200,T184,49727002.0,False
hydrocodone,5,DB00956,MESH:D006853,Pain,MESH:D010146,C0030193,T184,22253000.0,False
amiodarone,1,DB01118,MESH:D000638,Ventricular fibrillation,MESH:D014693,C0042510,T047,71908006.0,False
halofantrine,2,DB01218,MESH:C023768,Falciparum malaria,MESH:D016778,C0024535,T047,62676009.0,False
halofantrine,2,DB01218,MESH:C023768,Vivax malaria,MESH:D016780,C0024537,T047,27052006.0,False
hydralazine,1,DB01275,MESH:D006830,Hypertensive disorder,MESH:D006973,C0020538,T047,38341003.0,False
solifenacin,1,DB01591,MESH:D000069464,Urge incontinence of urine,MESH:D053202,C0150045,T184,87557004.0,False
lornoxicam,1,DB06725,MESH:C059451,Pain,MESH:D010146,C0030193,T184,22253000.0,False
