drug_name,num_ind_dc,drugbank,drug_mesh,disease_name,disease_mesh,disease_umls,cui_semantic_type,snomed_conceptid,in_dmdb
carboprost,1,DB00429,"MESH:D002260,MESH:C062843",Postpartum hemorrhage,MESH:D006473,C0032797,T046,47821001.0,False
voriconazole,4,DB00582,MESH:D065819,Fusarium infection,MESH:D060585,C0276758,T047,64250002.0,False
voriconazole,4,DB00582,MESH:D065819,Disseminated candidiasis,MESH:C536777,C0153252,T047,70572005.0,False
voriconazole,4,DB00582,MESH:D065819,Candidemia,MESH:D058387,C0877445,T047,432261003.0,False
voriconazole,4,DB00582,MESH:D065819,Invasive pulmonary aspergillosis,MESH:D055744,C0276653,T047,3214003.0,False
flurbiprofen,2,DB00712,MESH:D005480,Osteoarthritis,MESH:D010003,C0029408,T047,396275006.0,False
flurbiprofen,2,DB00712,MESH:D005480,Rheumatoid arthritis,MESH:D001172,C0003873,T047,69896004.0,False
quinapril,1,DB00881,"MESH:C054501,MESH:C041125",Hypertensive disorder,MESH:D006973,C0020538,T047,38341003.0,False
sertaconazole,1,DB01153,MESH:C061131,Tinea pedis,MESH:D014008,C0040259,T047,6020002.0,False
epoprostenol,6,DB01240,MESH:D011464,Pulmonary hypertension,MESH:D006976,C0020542,T047,70995007.0,False
epoprostenol,6,DB01240,MESH:D011464,Cough,MESH:D003371,C0010200,T184,49727002.0,False
epoprostenol,6,DB01240,MESH:D011464,Pulmonary arterial hypertension,MESH:D000081029,C2973725,T047,11399002.0,False
epoprostenol,6,DB01240,MESH:D011464,Allergic rhinitis,MESH:D065631,C2607914,T047,61582004.0,False
epoprostenol,6,DB01240,MESH:D011464,Common cold,MESH:D003139,C0009443,T047,82272006.0,False
epoprostenol,6,DB01240,MESH:D011464,Rhinitis,MESH:D012220,C0035455,T047,70076002.0,False
cholestyramine,2,DB01432,,Hypercholesterolemia,MESH:D006937,C0020443,T047,13644009.0,False
cholestyramine,2,DB01432,,Hyperlipidemia,MESH:D006949,C0020473,T047,55822004.0,False
camphor,1,DB01744,"MESH:D002164,MESH:C436264",Backache,MESH:D001416,C0004604,T184,161891005.0,False
hexamidine,1,DB03808,MESH:C018961,Acanthamoeba keratitis,MESH:D015823,C0000880,T047,231896005.0,False
eldecalcitol,1,DB05295,MESH:C547512,Osteoporosis,MESH:D010024,C0029456,T047,64859006.0,False
desvenlafaxine,1,DB06700,MESH:D000069468,Major depressive disorder,MESH:D003865,C1269683,T048,370143000.0,False
benzydamine,1,DB09084,MESH:D001591,Pain,MESH:D010146,C0030193,T184,22253000.0,False
rebamipide,2,DB11656,MESH:C052785,Gastritis,MESH:D005756,C0017152,T047,4556007.0,False
rebamipide,2,DB11656,MESH:C052785,Peptic ulcer,MESH:D010437,C0030920,T047,13200003.0,False
