drug_name,num_ind_dc,drugbank,drug_mesh,disease_name,disease_mesh,disease_umls,cui_semantic_type,snomed_conceptid,in_dmdb
esmolol,2,DB00187,MESH:C036604,Atrial fibrillation,MESH:D001281,C0004238,T047,49436004.0,False
esmolol,2,DB00187,MESH:C036604,Supraventricular tachycardia,MESH:D013617,C0039240,T047,6456007.0,False
cefalotin,3,DB00456,MESH:D002512,Pneumonia due to Streptococcus,MESH:D011018,C0155862,T047,34020007.0,False
cefalotin,3,DB00456,MESH:D002512,Urinary tract infectious disease,MESH:D014552,C0042029,T047,68566005.0,False
cefalotin,3,DB00456,MESH:D002512,Pneumonia,MESH:D011014,C0032285,T047,233604007.0,False
trimetaphan,1,DB01116,"MESH:C017774,MESH:D014294",Pulmonary edema,MESH:D011654,C0034063,T047,19242006.0,False
lisdexamfetamine,2,DB01255,MESH:D000069478,Attention deficit hyperactivity disorder,MESH:D001289,C1263846,T048,406506008.0,False
lisdexamfetamine,2,DB01255,MESH:D000069478,Binge eating disorder,MESH:D056912,C0596170,T048,439960005.0,False
tiotropium bromide,3,DB01409,MESH:D000069447,Pulmonary emphysema,MESH:D011656,C0034067,T047,87433001.0,False
tiotropium bromide,3,DB01409,MESH:D000069447,Asthma,MESH:D001249,C0004096,T047,195967001.0,False
tiotropium bromide,3,DB01409,MESH:D000069447,Chronic bronchitis,MESH:D029481,C0008677,T047,63480004.0,False
imipenem,6,DB01598,MESH:D015378,Bacterial endocarditis,MESH:D004697,C0014121,T047,301183007.0,False
imipenem,6,DB01598,MESH:D015378,Endometritis,MESH:D004716,C0014179,T047,78623009.0,False
imipenem,6,DB01598,MESH:D015378,Abdominal abscess,MESH:D018784,C0243001,T047,75100008.0,False
imipenem,6,DB01598,MESH:D015378,Bacterial pneumonia,MESH:D018410,C0004626,T047,53084003.0,False
imipenem,6,DB01598,MESH:D015378,Pneumonia due to Streptococcus,MESH:D011018,C0155862,T047,34020007.0,False
imipenem,6,DB01598,MESH:D015378,Infectious disease of abdomen,MESH:D059413,C1112209,T047,128070006.0,False
phenylacetic acid,1,DB09269,MESH:C025136,Hyperammonemia,MESH:D022124,C0220994,T046,9360008.0,False
ixazomib,1,DB09570,"MESH:C000595706,MESH:C548400",Multiple myeloma,MESH:D009101,C0026764,T191,109989006.0,False
calcium glubionate,1,DB13142,MESH:C042131,Hypocalcemia,MESH:D006996,C0020598,T046,5291005.0,False
