drug_name,num_ind_dc,drugbank,drug_mesh,disease_name,disease_mesh,disease_umls,cui_semantic_type,snomed_conceptid,in_dmdb
moxifloxacin,14,DB00218,MESH:C104727,Pneumonic plague,MESH:D010930,C0524688,T047,38976008.0,False
moxifloxacin,14,DB00218,MESH:C104727,Pneumonia due to Klebsiella pneumoniae,MESH:D007710,C0519030,T047,64479007.0,False
moxifloxacin,14,DB00218,MESH:C104727,Bacterial pneumonia,MESH:D018410,C0004626,T047,53084003.0,False
moxifloxacin,14,DB00218,MESH:C104727,Pneumococcal pneumonia,MESH:D011018,C0155862,T047,233607000.0,False
moxifloxacin,14,DB00218,MESH:C104727,Infectious disease of abdomen,MESH:D059413,C1112209,T047,128070006.0,False
moxifloxacin,14,DB00218,MESH:C104727,Streptococcus pyogenes infection,MESH:D013290,C0554628,T047,302809008.0,False
moxifloxacin,14,DB00218,MESH:C104727,Abdominal abscess,MESH:D018784,C0243001,T047,75100008.0,False
moxifloxacin,14,DB00218,MESH:C104727,Infection due to Staphylococcus aureus,MESH:D013203,C1318973,T047,406602003.0,False
moxifloxacin,14,DB00218,MESH:C104727,Infection due to Enterobacteriaceae,MESH:D004756,C0014347,T047,128945009.0,False
moxifloxacin,14,DB00218,MESH:C104727,Pneumonia due to Mycoplasma pneumoniae,MESH:D011019,C0032302,T047,46970008.0,False
moxifloxacin,14,DB00218,MESH:C104727,Rhinoscleroma,MESH:D012226,C0035468,T047,72409005.0,False
moxifloxacin,14,DB00218,MESH:C104727,Chlamydial pneumonia,MESH:D061387,C0339959,T047,233609002.0,False
moxifloxacin,14,DB00218,MESH:C104727,Bacterial conjunctivitis,MESH:D003234,C0009768,T047,128350005.0,False
moxifloxacin,14,DB00218,MESH:C104727,Staphylococcal pneumonia,MESH:D011023,C0032308,T047,22754005.0,False
naproxen,15,DB00788,MESH:D009288,Pain,MESH:D010146,C0030193,T184,22253000.0,False
naproxen,15,DB00788,MESH:D009288,Tendinitis,MESH:D052256,C0039503,T047,34840004.0,False
naproxen,15,DB00788,MESH:D009288,Gout,MESH:D006073,C0018099,T047,90560007.0,False
naproxen,15,DB00788,MESH:D009288,Fever,MESH:D005334,C0015967,T033,386661006.0,False
naproxen,15,DB00788,MESH:D009288,Bursitis,MESH:D002062,C0006444,T047,84017003.0,False
naproxen,15,DB00788,MESH:D009288,Ankylosing spondylitis,MESH:D013167,C0038013,T047,9631008.0,False
naproxen,15,DB00788,MESH:D009288,Juvenile rheumatoid arthritis,MESH:D001171,C3495559,T047,410795001.0,False
naproxen,15,DB00788,MESH:D009288,Osteoarthritis,MESH:D010003,C0029408,T047,396275006.0,False
naproxen,15,DB00788,MESH:D009288,Migraine,MESH:D008881,C0149931,T047,37796009.0,False
naproxen,15,DB00788,MESH:D009288,Headache disorder,MESH:D020773,C0393735,T047,230461009.0,False
naproxen,15,DB00788,MESH:D009288,Dysmenorrhea,MESH:D004412,C0013390,T046,266599000.0,False
naproxen,15,DB00788,MESH:D009288,Rheumatoid arthritis,MESH:D001172,C0003873,T047,69896004.0,False
naproxen,15,DB00788,MESH:D009288,Joint pain,MESH:D018771,C0003862,T184,57676002.0,False
naproxen,15,DB00788,MESH:D009288,Muscle pain,MESH:D063806,C0231528,T184,68962001.0,False
naproxen,15,DB00788,MESH:D009288,Toothache,MESH:D014098,C0040460,T184,27355003.0,False
