drug_name,num_ind_dc,drugbank,drug_mesh,disease_name,disease_mesh,disease_umls,cui_semantic_type,snomed_conceptid,in_dmdb
oprelvekin,1,DB00038,MESH:C105308,Thrombocytopenic disorder,MESH:D013921,C0040034,T033,302215000.0,False
palivizumab,1,DB00110,MESH:D000069455,Respiratory syncytial virus infection,MESH:D018357,C0035235,T047,55735004.0,False
sodium tetradecyl sulfate,1,DB00464,MESH:D012981,Venous varices,MESH:D014648,C0042345,T047,128060009.0,False
tolazoline,3,DB00797,MESH:D014043,Disorder of blood vessel,MESH:D014652,C0042373,T047,27550009.0,False
tolazoline,3,DB00797,MESH:D014043,Cerebrovascular disease,MESH:D002561,C0007820,T046,62914000.0,False
tolazoline,3,DB00797,MESH:D014043,Persistent pulmonary hypertension of the newborn,MESH:D010547,C0031190,T019,233815004.0,False
ethacrynic acid,1,DB00903,MESH:D004976,Edema,MESH:D004487,C0013604,T046,267038008.0,False
dichlorphenamide,2,DB01144,MESH:D004005,Angle-closure glaucoma,MESH:D015812,C0017605,T047,392291006.0,False
dichlorphenamide,2,DB01144,MESH:D004005,Open-angle glaucoma,MESH:D005902,C0017612,T047,84494001.0,False
cilostazol,1,DB01166,MESH:C045645,Intermittent claudication,MESH:D007383,C0021775,T047,63491006.0,False
meticillin,2,DB01603,MESH:D008712,Sinusitis,MESH:D012852,C0037199,T047,36971009.0,False
meticillin,2,DB01603,MESH:D008712,Staphylococcal pneumonia,MESH:D011023,C0032308,T047,22754005.0,False
rutoside,1,DB01698,MESH:D012431,Ascorbic acid deficiency,MESH:D001206,C0003969,T047,76169001.0,False
vilazodone,1,DB06684,MESH:D000069503,Major depressive disorder,MESH:D003865,C1269683,T048,370143000.0,False
acetylcarnitine,1,DB08842,MESH:D000108,Alzheimer's disease,MESH:D000544,C0002395,T047,26929004.0,False
avibactam,2,DB09060,MESH:C543519,Infectious disease of abdomen,MESH:D059413,C1112209,T047,128070006.0,False
avibactam,2,DB09060,MESH:C543519,Pyelonephritis,MESH:D011704,C0034186,T047,45816000.0,False
pegloticase,1,DB09208,MESH:C031545,Gout,MESH:D006073,C0018099,T047,90560007.0,False
beclabuvir,1,DB12225,MESH:C587012,Chronic hepatitis C,MESH:D019698,C0524910,T047,128302006.0,False
etelcalcetide,1,DB12865,MESH:C583569,Secondary hyperparathyroidism,MESH:D006962,C0020503,T047,91478007.0,False
