drug_name,num_ind_dc,drugbank,drug_mesh,disease_name,disease_mesh,disease_umls,cui_semantic_type,snomed_conceptid,in_dmdb
nitazoxanide,2,DB00507,MESH:C041747,Giardiasis,MESH:D005873,C0017536,T047,58265007.0,False
nitazoxanide,2,DB00507,MESH:C041747,Infection by Cryptosporidium,MESH:D003457,C0010418,T047,58777003.0,False
oxacillin,4,DB00713,MESH:D010068,Staphylococcal pneumonia,MESH:D011023,C0032308,T047,22754005.0,False
oxacillin,4,DB00713,MESH:D010068,Staphylococcal infectious disease,MESH:D013203,C0038160,T047,56038003.0,False
oxacillin,4,DB00713,MESH:D010068,Pharyngitis,MESH:D010612,C0031350,T047,405737000.0,False
oxacillin,4,DB00713,MESH:D010068,Sinusitis,MESH:D012852,C0037199,T047,36971009.0,False
nedocromil,2,DB00716,MESH:D017835,Allergic conjunctivitis,MESH:D003233,C0009766,T047,473460002.0,False
nedocromil,2,DB00716,MESH:D017835,Asthma,MESH:D001249,C0004096,T047,195967001.0,False
fexofenadine,5,DB00950,MESH:C093230,Allergic conjunctivitis,MESH:D003233,C0009766,T047,473460002.0,False
fexofenadine,5,DB00950,MESH:C093230,Chronic idiopathic urticaria,MESH:D000080223,C0578870,T047,302162004.0,False
fexofenadine,5,DB00950,MESH:C093230,Seasonal allergic rhinitis,MESH:D006255,C0018621,T047,367498001.0,False
fexofenadine,5,DB00950,MESH:C093230,Sneezing,MESH:D012912,C0037383,T033,76067001.0,False
fexofenadine,5,DB00950,MESH:C093230,Allergic rhinitis,MESH:D065631,C2607914,T047,61582004.0,False
phenacemide,1,DB01121,MESH:C005396,Epilepsy,MESH:D004827,C0014544,T047,84757009.0,False
carvedilol,1,DB01136,MESH:C043211,Hypertensive disorder,MESH:D006973,C0020538,T047,38341003.0,False
trabectedin,3,DB05109,MESH:C099150,Malignant tumor of ovary,MESH:D010051,C1140680,T191,363443007.0,False
trabectedin,3,DB05109,MESH:C099150,Leiomyosarcoma,MESH:D007890,C0023269,T191,443719001.0,False
trabectedin,3,DB05109,MESH:C099150,Liposarcoma,MESH:D008080,C0023827,T191,254829001.0,False
colfosceril palmitate,1,DB09114,MESH:C081581,Respiratory distress syndrome in the newborn,MESH:D012127,C0035220,T047,46775006.0,False
talaporfin,2,DB11812,MESH:C053434,Primary malignant neoplasm of brain,MESH:D001932,C0750979,T191,93727008.0,False
talaporfin,2,DB11812,MESH:C053434,Malignant tumor of lung,MESH:D008175,C0242379,T191,363358000.0,False
