drug_name,num_ind_dc,drugbank,drug_mesh,disease_name,disease_mesh,disease_umls,cui_semantic_type,snomed_conceptid,in_dmdb
minoxidil,2,DB00350,MESH:D008914,Hypertensive disorder,MESH:D006973,C0020538,T047,38341003.0,False
minoxidil,2,DB00350,MESH:D008914,Alopecia,MESH:D000505,C0002170,T033,56317004.0,False
pramipexole,2,DB00413,MESH:C061333,Parkinson's disease,MESH:D010300,C0030567,T047,49049000.0,False
pramipexole,2,DB00413,MESH:C061333,Restless legs,MESH:D012148,C0035258,T047,32914008.0,False
spironolactone,4,DB00421,MESH:D013148,Aldosteronism,MESH:D006929,C0020428,T047,88213004.0,False
spironolactone,4,DB00421,MESH:D013148,Edema,MESH:D004487,C0013604,T046,267038008.0,False
spironolactone,4,DB00421,MESH:D013148,Ascites,MESH:D001201,C0003962,T033,389026000.0,False
spironolactone,4,DB00421,MESH:D013148,Hypertensive disorder,MESH:D006973,C0020538,T047,38341003.0,False
linezolid,4,DB00601,MESH:D000069349,Pneumonia due to Streptococcus,MESH:D011018,C0155862,T047,34020007.0,False
linezolid,4,DB00601,MESH:D000069349,Streptococcus pyogenes infection,MESH:D013290,C0554628,T047,302809008.0,False
linezolid,4,DB00601,MESH:D000069349,Infection due to Staphylococcus aureus,MESH:D013203,C1318973,T047,406602003.0,False
linezolid,4,DB00601,MESH:D000069349,Staphylococcal pneumonia,MESH:D011023,C0032308,T047,22754005.0,False
meropenem,5,DB00760,MESH:C059500,Infectious disease of abdomen,MESH:D059413,C1112209,T047,128070006.0,False
meropenem,5,DB00760,MESH:C059500,Bacterial meningitis,MESH:D016920,C0085437,T047,95883001.0,False
meropenem,5,DB00760,MESH:C059500,Abdominal abscess,MESH:D018784,C0243001,T047,75100008.0,False
meropenem,5,DB00760,MESH:C059500,Meningococcal meningitis,MESH:D008585,C0025294,T047,192644005.0,False
meropenem,5,DB00760,MESH:C059500,Pneumococcal meningitis,MESH:D008586,C0025295,T047,51169003.0,False
amobarbital,2,DB01351,MESH:D000654,Status epilepticus,MESH:D013226,C0038220,T047,230456007.0,False
amobarbital,2,DB01351,MESH:D000654,Epilepsy,MESH:D004827,C0014544,T047,84757009.0,False
fenproporex,1,DB01550,MESH:C026013,Obesity,MESH:D009765,C0028754,T047,414916001.0,False
saxagliptin,1,DB06335,MESH:C502994,Diabetes mellitus type 2,MESH:D003924,C0011860,T047,44054006.0,False
ulipristal,1,DB08867,"MESH:C555622,MESH:C094854",Uterine leiomyoma,MESH:D007889,C0042133,T191,95315005.0,False
