drug_name,num_ind_dc,drugbank,drug_mesh,disease_name,disease_mesh,disease_umls,cui_semantic_type,snomed_conceptid,in_dmdb
paroxetine,8,DB00715,MESH:D017374,Posttraumatic stress disorder,MESH:D013313,C0038436,T048,47505003.0,False
paroxetine,8,DB00715,MESH:D017374,Premenstrual dysphoric disorder,MESH:D065446,C0520676,T048,596004.0,False
paroxetine,8,DB00715,MESH:D017374,Menopausal flushing,MESH:D019584,C0600142,T184,198436008.0,False
paroxetine,8,DB00715,MESH:D017374,Panic disorder,MESH:D016584,C0030319,T048,371631005.0,False
paroxetine,8,DB00715,MESH:D017374,Obsessive-compulsive disorder,MESH:D009771,C0028768,T048,191736004.0,False
paroxetine,8,DB00715,MESH:D017374,Major depressive disorder,MESH:D003865,C1269683,T048,370143000.0,False
paroxetine,8,DB00715,MESH:D017374,Social phobia,MESH:D000072861,C0031572,T048,25501002.0,False
paroxetine,8,DB00715,MESH:D017374,Depressive disorder,MESH:D003866,C0011581,T048,35489007.0,False
dactinomycin,5,DB00970,MESH:D003609,Nephroblastoma,MESH:D009396,C0027708,T191,302849000.0,False
dactinomycin,5,DB00970,MESH:D003609,Malignant tumor of testis,MESH:D013736,C0153594,T191,363449006.0,False
dactinomycin,5,DB00970,MESH:D003609,Gestational trophoblastic neoplasia,MESH:D031901,C1135868,T191,609519004.0,False
dactinomycin,5,DB00970,MESH:D003609,Rhabdomyosarcoma,MESH:D012208,C0035412,T191,302847003.0,False
dactinomycin,5,DB00970,MESH:D003609,Ewing's sarcoma,MESH:D012512,C0553580,T191,76909002.0,False
phenobarbital,8,DB01174,MESH:D010634,Epilepsy,MESH:D004827,C0014544,T047,84757009.0,False
phenobarbital,8,DB01174,MESH:D010634,Vascular headache,MESH:D014653,C0042376,T047,128187005.0,False
phenobarbital,8,DB01174,MESH:D010634,Tonic-clonic seizure,MESH:D012640,C0494475,T047,54200006.0,False
phenobarbital,8,DB01174,MESH:D010634,Simple partial seizure,MESH:D004828,C0234974,T047,117891000119100.0,False
phenobarbital,8,DB01174,MESH:D010634,Cluster headache syndrome,MESH:D003027,C0009088,T047,193031009.0,False
phenobarbital,8,DB01174,MESH:D010634,Migraine,MESH:D008881,C0149931,T047,37796009.0,False
phenobarbital,8,DB01174,MESH:D010634,Tonic-clonic epilepsy,MESH:D004830,C0014549,T047,352818000.0,False
phenobarbital,8,DB01174,MESH:D010634,Lennox-Gastaut syndrome,MESH:D065768,C0238111,T047,230418006.0,False
teicoplanin,1,DB06149,MESH:D017334,Staphylococcal infectious disease,MESH:D013203,C0038160,T047,56038003.0,False
belimumab,1,DB08879,MESH:C511911,Systemic lupus erythematosus,MESH:D008180,C0024141,T047,55464009.0,False
