drug_name,num_ind_dc,drugbank,drug_mesh,disease_name,disease_mesh,disease_umls,cui_semantic_type,snomed_conceptid,in_dmdb
reboxetine,1,DB00234,MESH:C074679,Major depressive disorder,MESH:D003865,C1269683,T048,370143000.0,False
oxiconazole,2,DB00239,MESH:C022155,Tinea pedis,MESH:D014008,C0040259,T047,6020002.0,False
oxiconazole,2,DB00239,MESH:C022155,Pityriasis versicolor,MESH:D014010,C0040262,T047,56454009.0,False
morphine,3,DB00295,MESH:D009020,Diarrhea,MESH:D003967,C0011991,T184,62315008.0,False
morphine,3,DB00295,MESH:D009020,Pain,MESH:D010146,C0030193,T184,22253000.0,False
morphine,3,DB00295,MESH:D009020,Chronic pain,MESH:D059350,C0150055,T047,82423001.0,False
triamterene,2,DB00384,MESH:D014223,Edema,MESH:D004487,C0013604,T046,267038008.0,False
triamterene,2,DB00384,MESH:D014223,Hypertensive disorder,MESH:D006973,C0020538,T047,38341003.0,False
labetalol,1,DB00598,MESH:D007741,Hypertensive disorder,MESH:D006973,C0020538,T047,38341003.0,False
disulfiram,1,DB00822,MESH:D004221,Alcoholism,MESH:D000437,C0001973,T048,7200002.0,False
etidronic acid,3,DB01077,MESH:D012968,Humoral hypercalcemia of malignancy,MESH:C562390,C0149911,T047,47709007.0,False
etidronic acid,3,DB01077,MESH:D012968,Osteitis deformans,MESH:D010001,C0029401,T047,2089002.0,False
etidronic acid,3,DB01077,MESH:D012968,Heterotopic ossification,MESH:D009999,C0029396,T046,128491006.0,False
drospirenone,4,DB01395,MESH:C035144,Menopausal flushing,MESH:D019584,C0600142,T184,198436008.0,False
drospirenone,4,DB01395,MESH:C035144,Premenstrual dysphoric disorder,MESH:D065446,C0520676,T048,596004.0,False
drospirenone,4,DB01395,MESH:C035144,Acne vulgaris,MESH:D000152,C0001144,T047,88616000.0,False
drospirenone,4,DB01395,MESH:C035144,Atrophic vaginitis,MESH:D059268,C0221392,T047,52441000.0,False
flibanserin,1,DB04908,MESH:C098107,Lack or loss of sexual desire,MESH:D020018,C0020594,T048,270903007.0,False
fampridine,1,DB06637,MESH:D015761,Multiple sclerosis,MESH:D009103,C0026769,T047,24700007.0,False
plicamycin,1,DB06810,"MESH:D008926,MESH:C066851",Malignant tumor of testis,MESH:D013736,C0153594,T191,363449006.0,False
