drug_name,num_ind_dc,drugbank,drug_mesh,disease_name,disease_mesh,disease_umls,cui_semantic_type,snomed_conceptid,in_dmdb
insulin lispro,2,DB00046,MESH:D061268,Diabetes mellitus type 1,MESH:D003922,C0011854,T047,46635009.0,False
insulin lispro,2,DB00046,MESH:D061268,Diabetes mellitus type 2,MESH:D003924,C0011860,T047,44054006.0,False
dofetilide,1,DB00204,MESH:C063533,Atrial fibrillation,MESH:D001281,C0004238,T047,49436004.0,False
theophylline,6,"DB00277,DB01223","MESH:D031210,MESH:D000628,MESH:D013806",Asthma-chronic obstructive pulmonary disease overlap syndrome,MESH:D000080445,C4038730,T047,1.0692761000119108e+16,False
theophylline,6,"DB00277,DB01223","MESH:D031210,MESH:D000628,MESH:D013806",Disorder of lung,MESH:D008171,C0024115,T047,19829001.0,False
theophylline,6,"DB00277,DB01223","MESH:D031210,MESH:D000628,MESH:D013806",Asthma,MESH:D001249,C0004096,T047,195967001.0,False
theophylline,6,"DB00277,DB01223","MESH:D031210,MESH:D000628,MESH:D013806",Bronchitis,MESH:D001991,C0006277,T047,32398004.0,False
theophylline,6,"DB00277,DB01223","MESH:D031210,MESH:D000628,MESH:D013806",Pulmonary emphysema,MESH:D011656,C0034067,T047,87433001.0,False
theophylline,6,"DB00277,DB01223","MESH:D031210,MESH:D000628,MESH:D013806",Bronchospasm,MESH:D001986,C0006266,T047,4386001.0,False
epirubicin,1,DB00445,MESH:D015251,Carcinoma of breast,MESH:D001943,C0678222,T191,254838004.0,False
fondaparinux,2,DB00569,"MESH:C049714,MESH:C438268",Deep venous thrombosis,MESH:D020246,C0149871,T047,128053003.0,False
fondaparinux,2,DB00569,"MESH:C049714,MESH:C438268",Pulmonary thromboembolism,MESH:D011655,C0524702,T047,233935004.0,False
clidinium,2,DB00771,MESH:C054940,Enterocolitis,MESH:D004760,C0014356,T047,43752006.0,False
clidinium,2,DB00771,MESH:C054940,Irritable bowel syndrome,MESH:D043183,C0022104,T047,10743008.0,False
cycrimine,1,DB00942,MESH:C012262,Parkinson's disease,MESH:D010300,C0030567,T047,49049000.0,False
eslicarbazepine acetate,1,DB09119,"MESH:C571001,MESH:C416835",Partial seizure,MESH:D004828,C0014547,T047,29753000.0,False
strontium ranelate,1,DB09267,MESH:C081587,Postmenopausal osteoporosis,MESH:D015663,C0029458,T047,102447009.0,False
calcium citrate,3,DB11093,MESH:D019355,Hypocalcemia,MESH:D006996,C0020598,T046,5291005.0,False
calcium citrate,3,DB11093,MESH:D019355,Postmenopausal osteoporosis,MESH:D015663,C0029458,T047,102447009.0,False
calcium citrate,3,DB11093,MESH:D019355,Osteoporosis,MESH:D010024,C0029456,T047,64859006.0,False
