drug_name,num_ind_dc,drugbank,drug_mesh,disease_name,disease_mesh,disease_umls,cui_semantic_type,snomed_conceptid,in_dmdb
serine,2,DB00133,MESH:D012694,Pulmonary tuberculosis,MESH:D014397,C0041327,T047,154283005.0,False
serine,2,DB00133,MESH:D012694,Open-angle glaucoma,MESH:D005902,C0017612,T047,84494001.0,False
nitisinone,1,DB00348,MESH:C077073,Tyrosinemia type I,MESH:D020176,C0268490,T047,410056006.0,False
colestipol,2,DB00375,MESH:D003084,Hypercholesterolemia,MESH:D006937,C0020443,T047,13644009.0,False
colestipol,2,DB00375,MESH:D003084,Hyperlipidemia,MESH:D006949,C0020473,T047,55822004.0,False
guanabenz,1,DB00629,MESH:D006143,Hypertensive disorder,MESH:D006973,C0020538,T047,38341003.0,False
tamoxifen,1,DB00675,MESH:D013629,Infiltrating duct carcinoma of breast,MESH:D018270,C1134719,T191,408643008.0,False
norethisterone,7,DB00717,MESH:D009640,Acne vulgaris,MESH:D000152,C0001144,T047,88616000.0,False
norethindrone acetate,7,DB00717,MESH:C024262,Endometriosis,MESH:D004715,C0014175,T047,129103003.0,False
norethisterone,7,DB00717,MESH:D009640,Atrophic vaginitis,MESH:D059268,C0221392,T047,52441000.0,False
norethisterone,7,DB00717,MESH:D009640,Menorrhagia,MESH:D008595,C0025323,T046,386692008.0,False
norethisterone,7,DB00717,MESH:D009640,Menopausal flushing,MESH:D019584,C0600142,T184,198436008.0,False
norethisterone,7,DB00717,MESH:D009640,Postmenopausal osteoporosis,MESH:D015663,C0029458,T047,102447009.0,False
norethisterone,7,DB00717,MESH:D009640,Dysfunctional uterine bleeding,MESH:D008796,C0025874,T046,19155002.0,False
moclobemide,1,DB01171,MESH:D020912,Depressive disorder,MESH:D003866,C0011581,T048,35489007.0,False
idursulfase,1,DB01271,"MESH:C517982,MESH:D007066","Mucopolysaccharidosis, MPS-II",MESH:D016532,C0026705,T047,70737009.0,False
danazol,2,DB01406,MESH:D003613,Fibrocystic breast changes,MESH:D005348,C0016034,T047,27431007.0,False
danazol,2,DB01406,MESH:D003613,Endometriosis,MESH:D004715,C0014175,T047,129103003.0,False
eftrenonacog alfa,1,DB11608,MESH:C000599709,Hereditary factor IX deficiency disease,MESH:D002836,C0008533,T047,41788008.0,False
bezlotoxumab,1,DB13140,MESH:C000613978,Clostridium difficile infection,MESH:D003015,C0343386,T047,186431008.0,False
