drug_name,num_ind_dc,drugbank,drug_mesh,disease_name,disease_mesh,disease_umls,cui_semantic_type,snomed_conceptid,in_dmdb
crotamiton,2,DB00265,MESH:C005553,Itching of skin,MESH:D011537,C0033774,T184,418363000.0,False
crotamiton,2,DB00265,MESH:C005553,Infestation by Sarcoptes scabiei var hominis,MESH:D012532,C0036262,T047,128869009.0,False
omeprazole,6,DB00338,MESH:D009853,Peptic ulcer,MESH:D010437,C0030920,T047,13200003.0,False
omeprazole,6,DB00338,MESH:D009853,Duodenal ulcer disease,MESH:D004381,C0013295,T047,51868009.0,False
omeprazole,6,DB00338,MESH:D009853,Gastric ulcer,MESH:D013276,C0038358,T047,397825006.0,False
omeprazole,6,DB00338,MESH:D009853,Gastroesophageal reflux disease,MESH:D005764,C0017168,T047,235595009.0,False
omeprazole,6,DB00338,MESH:D009853,Zollinger-Ellison syndrome,MESH:D015043,C0043515,T047,53132006.0,False
omeprazole,6,DB00338,MESH:D009853,Peptic reflux disease,MESH:D004942,C0014869,T047,57643001.0,False
mirtazapine,1,DB00370,MESH:C035133,Major depressive disorder,MESH:D003865,C1269683,T048,370143000.0,False
trandolapril,1,DB00519,"MESH:C061095,MESH:C052035",Hypertensive disorder,MESH:D006973,C0020538,T047,38341003.0,False
benazepril,1,DB00542,"MESH:C052133,MESH:C044946",Hypertensive disorder,MESH:D006973,C0020538,T047,38341003.0,False
trimethobenzamide,2,DB00662,MESH:C100146,Vomiting,MESH:D014839,C0042963,T184,422400008.0,False
trimethobenzamide,2,DB00662,MESH:C100146,Nausea,MESH:D009325,C0027497,T184,422587007.0,False
rimexolone,1,DB00896,MESH:C013769,Uveitis,MESH:D014605,C0042164,T047,128473001.0,False
flavoxate,3,DB01148,MESH:D005422,Urinary incontinence,MESH:D014549,C0042024,T046,165232002.0,False
flavoxate,3,DB01148,MESH:D005422,Nocturia,MESH:D053158,C0028734,T047,139394000.0,False
flavoxate,3,DB01148,MESH:D005422,Dysuria,MESH:D053159,C0013428,T184,49650001.0,False
dasatinib,2,DB01254,MESH:D000069439,Chronic phase chronic myeloid leukemia,MESH:D015466,C0023474,T191,413847001.0,False
dasatinib,2,DB01254,MESH:D000069439,Blastic phase chronic myeloid leukemia,MESH:D001752,C0005699,T191,413656006.0,False
calcium gluconate,2,DB11126,MESH:D002125,Osteoporosis,MESH:D010024,C0029456,T047,64859006.0,False
calcium gluconate,2,DB11126,MESH:D002125,Hypocalcemia,MESH:D006996,C0020598,T046,5291005.0,False
thiocolchicoside,1,DB11582,MESH:C004280,Spasticity,MESH:D009128,C0026838,T184,221360009.0,False
