drug_name,num_ind_dc,drugbank,drug_mesh,disease_name,disease_mesh,disease_umls,cui_semantic_type,snomed_conceptid,in_dmdb
hydroxocobalamin,2,DB00200,MESH:D006879,Cobalamin deficiency,MESH:D014806,C0042847,T047,190634004.0,False
hydroxocobalamin,2,DB00200,MESH:D006879,Pernicious anemia,MESH:D000752,C0002892,T047,84027009.0,False
carteolol,3,DB00521,MESH:D002354,Open-angle glaucoma,MESH:D005902,C0017612,T047,84494001.0,False
carteolol,3,DB00521,MESH:D002354,Hypertensive disorder,MESH:D006973,C0020538,T047,38341003.0,False
carteolol,3,DB00521,MESH:D002354,Ocular hypertension,MESH:D009798,C0028840,T047,4210003.0,False
guanidine,1,DB00536,MESH:D019791,Eaton-Lambert syndrome,MESH:D015624,C0022972,T047,56989000.0,False
bromfenac,1,DB00963,MESH:C053083,Pain,MESH:D010146,C0030193,T184,22253000.0,False
kanamycin,5,DB01172,MESH:D007612,Urinary tract infectious disease,MESH:D014552,C0042029,T047,68566005.0,False
kanamycin,5,DB01172,MESH:D007612,Bacterial pneumonia,MESH:D018410,C0004626,T047,53084003.0,False
kanamycin,5,DB01172,MESH:D007612,Meningitis,MESH:D008581,C0025289,T047,7180009.0,False
kanamycin,5,DB01172,MESH:D007612,Infectious disease of abdomen,MESH:D059413,C1112209,T047,128070006.0,False
kanamycin,5,DB01172,MESH:D007612,Cholangitis,MESH:D002761,C0008311,T047,82403002.0,False
corticotropin,2,DB01285,,Stevens-Johnson syndrome,MESH:D013262,C0038325,T047,73442001.0,False
corticotropin,2,DB01285,,West syndrome,MESH:D013036,C0037769,T047,28055006.0,False
phenazopyridine,1,DB01438,MESH:D010621,Dysuria,MESH:D053159,C0013428,T184,49650001.0,False
dalbavancin,2,DB06219,MESH:C469289,Staphylococcal infection of skin,MESH:D013207,C0038166,T047,402938009.0,False
dalbavancin,2,DB06219,MESH:C469289,Bacterial infection of skin,MESH:D017192,C0162627,T047,128936008.0,False
denosumab,2,DB06643,MESH:D000069448,Postmenopausal osteoporosis,MESH:D015663,C0029458,T047,102447009.0,False
denosumab,2,DB06643,MESH:D000069448,Osteoporosis,MESH:D010024,C0029456,T047,64859006.0,False
dichloroacetic acid,1,DB08809,"MESH:C402143,MESH:D003999",Verruca,MESH:D014860,C0043037,T047,30285000.0,False
