drug_name,num_ind_dc,drugbank,drug_mesh,disease_name,disease_mesh,disease_umls,cui_semantic_type,snomed_conceptid,in_dmdb
reserpine,2,DB00206,MESH:D012110,Psychotic disorder,MESH:D011618,C0033975,T048,69322001.0,False
reserpine,2,DB00206,MESH:D012110,Hypertensive disorder,MESH:D006973,C0020538,T047,38341003.0,False
chlorzoxazone,1,DB00356,MESH:D002753,Spasticity,MESH:D009128,C0026838,T184,221360009.0,False
phenmetrazine,1,DB00830,MESH:D010633,Obesity,MESH:D009765,C0028754,T047,414916001.0,False
terbinafine,4,DB00857,MESH:C041359,Onychomycosis due to dermatophyte,MESH:D014009,C0040261,T047,402134005.0,False
terbinafine,4,DB00857,MESH:C041359,Tinea pedis,MESH:D014008,C0040259,T047,6020002.0,False
terbinafine,4,DB00857,MESH:C041359,Pityriasis versicolor,MESH:D014010,C0040262,T047,56454009.0,False
terbinafine,4,DB00857,MESH:C041359,Tinea capitis,MESH:D014006,C0040250,T047,5441008.0,False
quinidine,2,DB00908,"MESH:C047144,MESH:D011802,MESH:C016713",Malaria,MESH:D008288,C0024530,T047,61462000.0,False
quinidine,2,DB00908,"MESH:C047144,MESH:D011802,MESH:C016713",Atrial fibrillation,MESH:D001281,C0004238,T047,49436004.0,False
edetic acid,1,DB00974,MESH:D004492,Hypercalcemia,MESH:D006934,C0020437,T047,66931009.0,False
clomipramine,1,DB01242,MESH:D002997,Obsessive-compulsive disorder,MESH:D009771,C0028768,T048,191736004.0,False
hydroxychloroquine,5,DB01611,MESH:D006886,Falciparum malaria,MESH:D016778,C0024535,T047,62676009.0,False
hydroxychloroquine,5,DB01611,MESH:D006886,Discoid lupus erythematosus,MESH:D008179,C0024138,T047,200938002.0,False
hydroxychloroquine,5,DB01611,MESH:D006886,Systemic lupus erythematosus,MESH:D008180,C0024141,T047,55464009.0,False
hydroxychloroquine,5,DB01611,MESH:D006886,Vivax malaria,MESH:D016780,C0024537,T047,27052006.0,False
hydroxychloroquine,5,DB01611,MESH:D006886,Rheumatoid arthritis,MESH:D001172,C0003873,T047,69896004.0,False
sulfathiazole,1,DB06147,MESH:C005312,Vulvovaginitis,MESH:D014848,C0042998,T047,53277000.0,False
ambrisentan,1,DB06403,MESH:C467894,Pulmonary arterial hypertension,MESH:D000081029,C2973725,T047,11399002.0,False
midostaurin,3,DB06595,MESH:C059539,Mast cell leukemia,MESH:D007946,C0023461,T191,110002002.0,False
midostaurin,3,DB06595,MESH:C059539,Aggressive systemic mastocytosis,MESH:D034721,C1112486,T191,716655008.0,False
midostaurin,3,DB06595,MESH:C059539,"Acute myeloid leukemia, disease",MESH:D015470,C0023467,T191,91861009.0,False
fendiline,1,DB08980,MESH:D005275,Ischemic heart disease,MESH:D017202,C0151744,T047,414545008.0,False
