drug_name,num_ind_dc,drugbank,drug_mesh,disease_name,disease_mesh,disease_umls,cui_semantic_type,snomed_conceptid,in_dmdb
diltiazem,4,DB00343,MESH:D004110,Angina pectoris,MESH:D000787,C0002962,T033,194828000.0,False
diltiazem,4,DB00343,MESH:D004110,Prinzmetal angina,MESH:D000788,C0002963,T047,87343002.0,False
diltiazem,4,DB00343,MESH:D004110,Hypertensive disorder,MESH:D006973,C0020538,T047,38341003.0,False
diltiazem,4,DB00343,MESH:D004110,Atrial fibrillation,MESH:D001281,C0004238,T047,49436004.0,False
tizanidine,1,DB00697,MESH:C023754,Spasticity,MESH:D009128,C0026838,T184,221360009.0,False
repaglinide,1,DB00912,MESH:C072379,Diabetes mellitus type 2,MESH:D003924,C0011860,T047,44054006.0,False
cefotetan,8,DB01330,MESH:D015313,Staphylococcal pneumonia,MESH:D011023,C0032308,T047,22754005.0,False
cefotetan,8,DB01330,MESH:D015313,Endometritis,MESH:D004716,C0014179,T047,78623009.0,False
cefotetan,8,DB01330,MESH:D015313,Infection due to Escherichia coli,MESH:D004927,C0014836,T047,71057007.0,False
cefotetan,8,DB01330,MESH:D015313,Infection due to Staphylococcus aureus,MESH:D013203,C1318973,T047,406602003.0,False
cefotetan,8,DB01330,MESH:D015313,Streptococcus pyogenes infection,MESH:D013290,C0554628,T047,302809008.0,False
cefotetan,8,DB01330,MESH:D015313,Bacterial pneumonia,MESH:D018410,C0004626,T047,53084003.0,False
cefotetan,8,DB01330,MESH:D015313,Infectious disease of abdomen,MESH:D059413,C1112209,T047,128070006.0,False
cefotetan,8,DB01330,MESH:D015313,Pneumonia due to Streptococcus,MESH:D011018,C0155862,T047,34020007.0,False
thiotepa,4,DB04572,MESH:D013852,Non-Hodgkin's lymphoma,MESH:D008228,C0024305,T191,118601006.0,False
thiotepa,4,DB04572,MESH:D013852,Malignant tumor of ovary,MESH:D010051,C1140680,T191,363443007.0,False
thiotepa,4,DB04572,MESH:D013852,Hodgkin's disease,MESH:D006689,C0019829,T191,118599009.0,False
thiotepa,4,DB04572,MESH:D013852,Malignant tumor of urinary bladder,MESH:D001749,C0005684,T191,399326009.0,False
voxilaprevir,1,DB12026,MESH:C000619503,Chronic hepatitis C,MESH:D019698,C0524910,T047,128302006.0,False
polmacoxib,1,DB12399,MESH:C000599293,Osteoarthritis,MESH:D010003,C0029408,T047,396275006.0,False
