drug_name,num_ind_dc,drugbank,drug_mesh,disease_name,disease_mesh,disease_umls,cui_semantic_type,snomed_conceptid,in_dmdb
droxidopa,2,"DB00368,DB06262",MESH:D015103,Parkinson's disease,MESH:D010300,C0030567,T047,49049000.0,False
droxidopa,2,"DB00368,DB06262",MESH:D015103,Orthostatic hypotension,MESH:D007024,C0020651,T033,28651003.0,False
propantheline,1,DB00782,MESH:D011413,Peptic ulcer,MESH:D010437,C0030920,T047,13200003.0,False
tacrolimus,1,DB00864,MESH:D016559,Atopic dermatitis,MESH:D003876,C0011615,T047,24079001.0,False
lomefloxacin,2,DB00978,MESH:C053091,Bronchitis,MESH:D001991,C0006277,T047,32398004.0,False
lomefloxacin,2,DB00978,MESH:C053091,Urinary tract infectious disease,MESH:D014552,C0042029,T047,68566005.0,False
bedaquiline,2,DB08903,MESH:C493870,Pulmonary tuberculosis,MESH:D014397,C0041327,T047,154283005.0,False
bedaquiline,2,DB08903,MESH:C493870,Drug resistant tuberculosis,MESH:D018088,C0206525,T047,423709000.0,False
sodium citrate,7,DB09154,"MESH:C102006,MESH:C514290",Cough,MESH:D003371,C0010200,T184,49727002.0,False
sodium citrate,7,DB09154,"MESH:C102006,MESH:C514290",Indigestion,MESH:D004415,C0013395,T184,162031009.0,False
sodium citrate,7,DB09154,"MESH:C102006,MESH:C514290",Rhinitis,MESH:D012220,C0035455,T047,70076002.0,False
sodium citrate,7,DB09154,"MESH:C102006,MESH:C514290",Heartburn,MESH:D006356,C0018834,T184,16331000.0,False
sodium citrate,7,DB09154,"MESH:C102006,MESH:C514290",Gastroesophageal reflux disease,MESH:D005764,C0017168,T047,235595009.0,False
sodium citrate,7,DB09154,"MESH:C102006,MESH:C514290",Peptic ulcer,MESH:D010437,C0030920,T047,13200003.0,False
sodium citrate,7,DB09154,"MESH:C102006,MESH:C514290",Common cold,MESH:D003139,C0009443,T047,82272006.0,False
dexchlorpheniramine,6,DB09555,MESH:C018904,Itching of skin,MESH:D011537,C0033774,T184,418363000.0,False
dexchlorpheniramine,6,DB09555,MESH:C018904,Allergic conjunctivitis,MESH:D003233,C0009766,T047,473460002.0,False
dexchlorpheniramine,6,DB09555,MESH:C018904,Allergic rhinitis,MESH:D065631,C2607914,T047,61582004.0,False
dexchlorpheniramine,6,DB09555,MESH:C018904,Vasomotor rhinitis,MESH:D012223,C0035460,T047,8229003.0,False
dexchlorpheniramine,6,DB09555,MESH:C018904,Urticaria,MESH:D014581,C0042109,T047,126485001.0,False
dexchlorpheniramine,6,DB09555,MESH:C018904,Seasonal allergic rhinitis,MESH:D006255,C0018621,T047,367498001.0,False
