drug_name,num_ind_dc,drugbank,drug_mesh,disease_name,disease_mesh,disease_umls,cui_semantic_type,snomed_conceptid,in_dmdb
methotrexate,9,DB00563,MESH:D008727,Malignant tumor of head and/or neck,MESH:D006258,C0278996,T191,255056009.0,False
methotrexate,9,DB00563,MESH:D008727,Rheumatoid arthritis,MESH:D001172,C0003873,T047,69896004.0,False
methotrexate,9,DB00563,MESH:D008727,Burkitt's lymphoma,MESH:D002051,C0006413,T191,118617000.0,False
methotrexate,9,DB00563,MESH:D008727,Malignant tumor of lung,MESH:D008175,C0242379,T191,363358000.0,False
methotrexate,9,DB00563,MESH:D008727,Non-Hodgkin's lymphoma,MESH:D008228,C0024305,T191,118601006.0,False
methotrexate,9,DB00563,MESH:D008727,Mycosis fungoides,MESH:D009182,C0026948,T191,118618005.0,False
methotrexate,9,DB00563,MESH:D008727,Gestational trophoblastic neoplasia,MESH:D031901,C1135868,T191,609519004.0,False
methotrexate,9,DB00563,MESH:D008727,Psoriasis,MESH:D011565,C0033860,T047,9014002.0,False
methotrexate,9,DB00563,MESH:D008727,Juvenile rheumatoid arthritis,MESH:D001171,C3495559,T047,410795001.0,False
uracil mustard,4,DB00791,MESH:D014499,"Chronic lymphoid leukemia, disease",MESH:D015451,C0023434,T191,92814006.0,False
uracil mustard,4,DB00791,MESH:D014499,Polycythemia vera,MESH:D011087,C0032463,T191,109992005.0,False
uracil mustard,4,DB00791,MESH:D014499,Non-Hodgkin's lymphoma,MESH:D008228,C0024305,T191,118601006.0,False
uracil mustard,4,DB00791,MESH:D014499,Chronic myeloid leukemia,MESH:D015464,C0023473,T191,92818009.0,False
maprotiline,1,DB00934,MESH:D008376,Depressive disorder,MESH:D003866,C0011581,T048,35489007.0,False
dapagliflozin,1,DB06292,MESH:C529054,Diabetes mellitus type 2,MESH:D003924,C0011860,T047,44054006.0,False
ammonium chloride,2,DB06767,MESH:D000643,Common cold,MESH:D003139,C0009443,T047,82272006.0,False
ammonium chloride,2,DB06767,MESH:D000643,Cough,MESH:D003371,C0010200,T184,49727002.0,False
macitentan,1,DB08932,MESH:C533860,Pulmonary arterial hypertension,MESH:D000081029,C2973725,T047,11399002.0,False
sodium fluoride,1,DB09325,MESH:D012969,Vitamin deficiency,MESH:D001361,C1510471,T047,85670002.0,False
artemisinin,1,DB13132,MESH:C031327,Falciparum malaria,MESH:D016778,C0024535,T047,62676009.0,False
