drug_name,num_ind_dc,drugbank,drug_mesh,disease_name,disease_mesh,disease_umls,cui_semantic_type,snomed_conceptid,in_dmdb
fluoxetine,7,DB00472,MESH:D005473,"Bipolar affective disorder, current episode depression",MESH:D001714,C0005587,T048,191627008.0,False
fluoxetine,7,DB00472,MESH:D005473,Panic disorder,MESH:D016584,C0030319,T048,371631005.0,False
fluoxetine,7,DB00472,MESH:D005473,Premenstrual dysphoric disorder,MESH:D065446,C0520676,T048,596004.0,False
fluoxetine,7,DB00472,MESH:D005473,Depressive disorder,MESH:D003866,C0011581,T048,35489007.0,False
fluoxetine,7,DB00472,MESH:D005473,Bulimia nervosa,MESH:D052018,C2267227,T048,78004001.0,False
fluoxetine,7,DB00472,MESH:D005473,Major depressive disorder,MESH:D003865,C1269683,T048,370143000.0,False
fluoxetine,7,DB00472,MESH:D005473,Obsessive-compulsive disorder,MESH:D009771,C0028768,T048,191736004.0,False
cefdinir,3,DB00535,MESH:C056814,Infection due to Staphylococcus aureus,MESH:D013203,C1318973,T047,406602003.0,False
cefdinir,3,DB00535,MESH:C056814,Pneumonia due to Streptococcus,MESH:D011018,C0155862,T047,34020007.0,False
cefdinir,3,DB00535,MESH:C056814,Streptococcus pyogenes infection,MESH:D013290,C0554628,T047,302809008.0,False
topotecan,2,DB01030,MESH:D019772,Malignant tumor of ovary,MESH:D010051,C1140680,T191,363443007.0,False
topotecan,2,DB01030,MESH:D019772,Small cell carcinoma of lung,MESH:D055752,C0149925,T191,254632001.0,False
cyclizine,8,DB01176,MESH:D003501,Allergic conjunctivitis,MESH:D003233,C0009766,T047,473460002.0,False
cyclizine,8,DB01176,MESH:D003501,Motion sickness,MESH:D009041,C0026603,T047,37031009.0,False
cyclizine,8,DB01176,MESH:D003501,Sneezing,MESH:D012912,C0037383,T033,76067001.0,False
cyclizine,8,DB01176,MESH:D003501,Seasonal allergic rhinitis,MESH:D006255,C0018621,T047,367498001.0,False
cyclizine,8,DB01176,MESH:D003501,Vasomotor rhinitis,MESH:D012223,C0035460,T047,8229003.0,False
cyclizine,8,DB01176,MESH:D003501,Cough,MESH:D003371,C0010200,T184,49727002.0,False
cyclizine,8,DB01176,MESH:D003501,Common cold,MESH:D003139,C0009443,T047,82272006.0,False
cyclizine,8,DB01176,MESH:D003501,Allergic rhinitis,MESH:D065631,C2607914,T047,61582004.0,False
encainide,1,DB01228,MESH:D016700,Ventricular premature beats,MESH:D018879,C0151636,T046,17338001.0,False
ixabepilone,1,DB04845,MESH:C430592,Carcinoma of breast,MESH:D001943,C0678222,T191,254838004.0,False
methyl salicylate,1,DB09543,MESH:C033069,Backache,MESH:D001416,C0004604,T184,161891005.0,False
grazoprevir,1,DB11575,MESH:C578009,Chronic hepatitis C,MESH:D019698,C0524910,T047,128302006.0,False
zofenopril,1,DB13166,MESH:C044958,Hypertensive disorder,MESH:D006973,C0020538,T047,38341003.0,False
