drug_name,num_ind_dc,drugbank,drug_mesh,disease_name,disease_mesh,disease_umls,cui_semantic_type,snomed_conceptid,in_dmdb
vidarabine,2,DB00194,MESH:D014740,Herpes simplex keratitis,MESH:D016849,C0019357,T047,9389005.0,False
vidarabine,2,DB00194,MESH:D014740,Herpes simplex dendritic keratitis,MESH:D007635,C0022570,T047,29943008.0,False
betaxolol,3,DB00195,MESH:D015784,Hypertensive disorder,MESH:D006973,C0020538,T047,38341003.0,False
betaxolol,3,DB00195,MESH:D015784,Ocular hypertension,MESH:D009798,C0028840,T047,4210003.0,False
betaxolol,3,DB00195,MESH:D015784,Open-angle glaucoma,MESH:D005902,C0017612,T047,84494001.0,False
ertapenem,4,DB00303,MESH:C446479,Abdominal abscess,MESH:D018784,C0243001,T047,75100008.0,False
ertapenem,4,DB00303,MESH:C446479,Pneumococcal pneumonia,MESH:D011018,C0155862,T047,233607000.0,False
ertapenem,4,DB00303,MESH:C446479,Infectious disease of abdomen,MESH:D059413,C1112209,T047,128070006.0,False
ertapenem,4,DB00303,MESH:C446479,Bacterial pneumonia,MESH:D018410,C0004626,T047,53084003.0,False
floxuridine,1,DB00322,MESH:D005467,Malignant neoplasm of liver,MESH:D008113,C0345904,T191,93870000.0,False
vinorelbine,1,DB00361,MESH:C030852,Non-small cell lung cancer,MESH:D002289,C0007131,T191,254637007.0,False
dextrothyroxine,1,DB00509,MESH:D003918,Hyperlipidemia,MESH:D006949,C0020473,T047,55822004.0,False
bisoprolol,1,DB00612,MESH:D017298,Hypertensive disorder,MESH:D006973,C0020538,T047,38341003.0,False
nystatin,3,DB00646,MESH:D009761,Candidal vulvovaginitis,MESH:D002181,C0700345,T047,72605008.0,False
nystatin,3,DB00646,MESH:D009761,Candidiasis of mouth,MESH:D002180,C0006849,T047,79740000.0,False
nystatin,3,DB00646,MESH:D009761,Candidiasis of skin,MESH:D002179,C0006846,T047,49883006.0,False
midazolam,1,DB00683,MESH:D008874,Anxiety,MESH:D001007,C0003467,T041,48694002.0,False
halazepam,1,DB00801,MESH:C010175,Anxiety,MESH:D001007,C0003467,T041,48694002.0,False
naratriptan,1,DB00952,MESH:C106783,Migraine,MESH:D008881,C0149931,T047,37796009.0,False
dimethyl sulfoxide,1,DB01093,MESH:D004121,Ulcerative cystitis,MESH:D018856,C0282488,T047,111409009.0,False
phenol,1,DB03255,MESH:D019800,Itching of skin,MESH:D011537,C0033774,T184,418363000.0,False
azelnidipine,1,DB09230,MESH:C061679,Hypertensive disorder,MESH:D006973,C0020538,T047,38341003.0,False
imidapril,1,DB11783,"MESH:C065166,MESH:C078006",Hypertensive disorder,MESH:D006973,C0020538,T047,38341003.0,False
