drug_name,num_ind_dc,drugbank,drug_mesh,disease_name,disease_mesh,disease_umls,cui_semantic_type,snomed_conceptid,in_dmdb
methylprednisolone,59,DB00959,MESH:D008775,Mycosis fungoides,MESH:D009182,C0026948,T191,118618005.0,False
methylprednisolone,59,DB00959,MESH:D008775,Transfusion reaction due to serum protein reaction,MESH:D012713,C0036830,T047,72284000.0,False
methylprednisolone,59,DB00959,MESH:D008775,Humoral hypercalcemia of malignancy,MESH:C562390,C0149911,T047,47709007.0,False
methylprednisolone,59,DB00959,MESH:D008775,Discoid lupus erythematosus,MESH:D008179,C0024138,T047,200938002.0,False
methylprednisolone,59,DB00959,MESH:D008775,Allergic rhinitis,MESH:D065631,C2607914,T047,61582004.0,False
methylprednisolone,59,DB00959,MESH:D008775,Systemic lupus erythematosus,MESH:D008180,C0024141,T047,55464009.0,False
methylprednisolone,59,DB00959,MESH:D008775,Tenosynovitis,MESH:D013717,C0039520,T047,67801009.0,False
methylprednisolone,59,DB00959,MESH:D008775,Seborrheic dermatitis,MESH:D012628,C0036508,T047,50563003.0,False
methylprednisolone,59,DB00959,MESH:D008775,Disorder of musculoskeletal system,MESH:D009140,C0026857,T047,928000.0,False
methylprednisolone,59,DB00959,MESH:D008775,Pemphigus,MESH:D010392,C0030807,T047,65172003.0,False
methylprednisolone,59,DB00959,MESH:D008775,Sarcoidosis,MESH:D012507,C0036202,T047,31541009.0,False
methylprednisolone,59,DB00959,MESH:D008775,Löffler's syndrome,MESH:D011657,C0242459,T047,64936001.0,False
methylprednisolone,59,DB00959,MESH:D008775,Contact dermatitis,MESH:D003877,C0011616,T047,40275004.0,False
methylprednisolone,59,DB00959,MESH:D008775,Angioedema,MESH:D000799,C0002994,T046,41291007.0,False
methylprednisolone,59,DB00959,MESH:D008775,Infection by larvae of Trichinella spiralis,MESH:D014235,C0040896,T047,88264003.0,False
methylprednisolone,59,DB00959,MESH:D008775,Adrenal cortical hypofunction,MESH:D000309,C0405580,T047,386584007.0,False
methylprednisolone,59,DB00959,MESH:D008775,Nephrotic syndrome,MESH:D009404,C0027726,T047,52254009.0,False
methylprednisolone,59,DB00959,MESH:D008775,Ankylosing spondylitis,MESH:D013167,C0038013,T047,9631008.0,False
methylprednisolone,59,DB00959,MESH:D008775,Bursitis,MESH:D002062,C0006444,T047,84017003.0,False
methylprednisolone,59,DB00959,MESH:D008775,Crohn's disease,MESH:D003424,C0010346,T047,34000006.0,False
methylprednisolone,59,DB00959,MESH:D008775,Autoimmune disease,MESH:D001327,C0004364,T047,85828009.0,False
methylprednisolone,59,DB00959,MESH:D008775,Psoriasis,MESH:D011565,C0033860,T047,9014002.0,False
methylprednisolone,59,DB00959,MESH:D008775,Miliary tuberculosis,MESH:D014391,C0041321,T047,47604008.0,False
methylprednisolone,59,DB00959,MESH:D008775,Disorder of eye,MESH:D005128,C0015397,T047,371405004.0,False
methylprednisolone,59,DB00959,MESH:D008775,Inflammatory bowel disease,MESH:D015212,C0021390,T047,24526004.0,False
methylprednisolone,59,DB00959,MESH:D008775,Aspiration pneumonitis,MESH:D011015,C1761609,T047,155597006.0,False
methylprednisolone,59,DB00959,MESH:D008775,Atopic dermatitis,MESH:D003876,C0011615,T047,24079001.0,False
methylprednisolone,59,DB00959,MESH:D008775,Congenital hypoplastic anemia,MESH:D029503,C1260899,T019,88854002.0,False
methylprednisolone acetate,59,DB00959,MESH:C000873,Seasonal allergic rhinitis,MESH:D006255,C0018621,T047,367498001.0,False
methylprednisolone,59,DB00959,MESH:D008775,Tendinitis,MESH:D052256,C0039503,T047,34840004.0,False
methylprednisolone,59,DB00959,MESH:D008775,Granuloma annulare,MESH:D016460,C0085074,T047,65508009.0,False
methylprednisolone,59,DB00959,MESH:D008775,Asthma,MESH:D001249,C0004096,T047,195967001.0,False
methylprednisolone,59,DB00959,MESH:D008775,Rheumatoid arthritis,MESH:D001172,C0003873,T047,69896004.0,False
methylprednisolone,59,DB00959,MESH:D008775,Rheumatic heart disease,MESH:D012214,C0035439,T047,23685000.0,False
methylprednisolone,59,DB00959,MESH:D008775,Juvenile rheumatoid arthritis,MESH:D001171,C3495559,T047,410795001.0,False
methylprednisolone,59,DB00959,MESH:D008775,Pruritus ani,MESH:D011538,C0033775,T184,90446007.0,False
methylprednisolone,59,DB00959,MESH:D008775,Edema of larynx,MESH:D007819,C0023052,T046,51599000.0,False
methylprednisolone,59,DB00959,MESH:D008775,Congenital adrenal hyperplasia,MESH:D000312,C0001627,T019,237751000.0,False
methylprednisolone,59,DB00959,MESH:D008775,Disorder of skin,MESH:D012871,C0037274,T047,95320005.0,False
methylprednisolone,59,DB00959,MESH:D008775,Psoriasis with arthropathy,MESH:D015535,C0003872,T047,33339001.0,False
methylprednisolone,59,DB00959,MESH:D008775,Primary adrenocortical insufficiency,MESH:D000224,C0001403,T047,373662000.0,False
methylprednisolone,59,DB00959,MESH:D008775,Epicondylitis,MESH:D013716,C0014488,T047,73583000.0,False
methylprednisolone,59,DB00959,MESH:D008775,Erythroderma,MESH:D003873,C0011606,T047,399992009.0,False
methylprednisolone,59,DB00959,MESH:D008775,Synovitis,MESH:D013585,C0039103,T047,416209007.0,False
methylprednisolone,59,DB00959,MESH:D008775,Multiple sclerosis,MESH:D009103,C0026769,T047,24700007.0,False
methylprednisolone,59,DB00959,MESH:D008775,Articular gout,MESH:D015210,C0003868,T047,48440001.0,False
methylprednisolone,59,DB00959,MESH:D008775,Thyroiditis,MESH:D013966,C0040147,T047,82119001.0,False
methylprednisolone,59,DB00959,MESH:D008775,Autoimmune hemolytic anemia,MESH:D000744,C0002880,T047,413603009.0,False
methylprednisolone,59,DB00959,MESH:D008775,Primary cutaneous T-cell lymphoma,MESH:D016410,C0079773,T191,400122007.0,False
methylprednisolone,59,DB00959,MESH:D008775,Hodgkin's disease,MESH:D006689,C0019829,T191,118599009.0,False
methylprednisolone,59,DB00959,MESH:D008775,Dermatitis herpetiformis,MESH:D003874,C0011608,T047,111196000.0,False
methylprednisolone,59,DB00959,MESH:D008775,Cerebral edema,MESH:D001929,C0006114,T046,2032001.0,False
methylprednisolone,59,DB00959,MESH:D008775,Follicular non-Hodgkin's lymphoma,MESH:D008224,C0024301,T191,308121000.0,False
methylprednisolone,59,DB00959,MESH:D008775,Berylliosis,MESH:D001607,C0005138,T037,8247009.0,False
methylprednisolone,59,DB00959,MESH:D008775,Non-Hodgkin's lymphoma,MESH:D008228,C0024305,T191,118601006.0,False
methylprednisolone,59,DB00959,MESH:D008775,Erythema multiforme,MESH:D004892,C0014742,T047,36715001.0,False
methylprednisolone,59,DB00959,MESH:D008775,Eruption of skin,MESH:D005076,C0015230,T047,271807003.0,False
methylprednisolone,59,DB00959,MESH:D008775,Lichen simplex chronicus,MESH:D009450,C0149922,T047,53891004.0,False
methylprednisolone acetate,59,DB00959,MESH:C000873,Perennial allergic rhinitis,MESH:D012221,C0035457,T047,446096008.0,False
