drug_name,num_ind_dc,drugbank,drug_mesh,disease_name,disease_mesh,disease_umls,cui_semantic_type,snomed_conceptid,in_dmdb
bendroflumethiazide,1,DB00436,MESH:D001539,Hypertensive disorder,MESH:D006973,C0020538,T047,38341003.0,False
metolazone,1,DB00524,MESH:D008788,Hypertensive disorder,MESH:D006973,C0020538,T047,38341003.0,False
orciprenaline,3,DB00816,MESH:D009921,Asthma,MESH:D001249,C0004096,T047,195967001.0,False
orciprenaline,3,DB00816,MESH:D009921,Bronchitis,MESH:D001991,C0006277,T047,32398004.0,False
orciprenaline,3,DB00816,MESH:D009921,Pulmonary emphysema,MESH:D011656,C0034067,T047,87433001.0,False
ibuprofen,8,DB01050,"MESH:C016106,MESH:D007052",Juvenile rheumatoid arthritis,MESH:D001171,C3495559,T047,410795001.0,False
ibuprofen,8,DB01050,"MESH:C016106,MESH:D007052",Osteoarthritis,MESH:D010003,C0029408,T047,396275006.0,False
ibuprofen,8,DB01050,"MESH:C016106,MESH:D007052",Dysmenorrhea,MESH:D004412,C0013390,T046,266599000.0,False
ibuprofen,8,DB01050,"MESH:C016106,MESH:D007052",Headache disorder,MESH:D020773,C0393735,T047,230461009.0,False
ibuprofen,8,DB01050,"MESH:C016106,MESH:D007052",Fever,MESH:D005334,C0015967,T033,386661006.0,False
ibuprofen,8,DB01050,"MESH:C016106,MESH:D007052",Patent ductus arteriosus,MESH:D004374,C0013274,T019,83330001.0,False
ibuprofen,8,DB01050,"MESH:C016106,MESH:D007052",Rheumatoid arthritis,MESH:D001172,C0003873,T047,69896004.0,False
ibuprofen,8,DB01050,"MESH:C016106,MESH:D007052",Pain,MESH:D010146,C0030193,T184,22253000.0,False
docetaxel,5,DB01248,MESH:C067311,Malignant tumor of prostate,MESH:D011471,C0376358,T191,399068003.0,False
docetaxel,5,DB01248,MESH:C067311,Non-small cell lung cancer,MESH:D002289,C0007131,T191,254637007.0,False
docetaxel,5,DB01248,MESH:C067311,Carcinoma of breast,MESH:D001943,C0678222,T191,254838004.0,False
docetaxel,5,DB01248,MESH:C067311,Malignant tumor of head and/or neck,MESH:D006258,C0278996,T191,255056009.0,False
docetaxel,5,DB01248,MESH:C067311,Malignant tumor of stomach,MESH:D013274,C0024623,T191,363349007.0,False
darunavir,1,DB01264,MESH:D000069454,Human immunodeficiency virus infection,MESH:D015658,C0019693,T047,86406008.0,False
dexamfetamine,2,DB01576,MESH:D003913,Narcolepsy,MESH:D009290,C0027404,T047,60380001.0,False
dexamfetamine,2,DB01576,MESH:D003913,Attention deficit hyperactivity disorder,MESH:D001289,C1263846,T048,406506008.0,False
edoxaban,2,DB09075,MESH:C552171,Pulmonary embolism,MESH:D011655,C0034065,T047,59282003.0,False
edoxaban,2,DB09075,MESH:C552171,Embolism,MESH:D004617,C0013922,T046,414086009.0,False
dimethicone,1,DB09512,"MESH:D012841,MESH:C501844,MESH:C013830",Diaper rash,MESH:D003963,C0011974,T047,91487003.0,False
