drug_name,num_ind_dc,drugbank,drug_mesh,disease_name,disease_mesh,disease_umls,cui_semantic_type,snomed_conceptid,in_dmdb
hydromorphone,3,DB00327,MESH:D004091,Common cold,MESH:D003139,C0009443,T047,82272006.0,False
hydromorphone,3,DB00327,MESH:D004091,Cough,MESH:D003371,C0010200,T184,49727002.0,False
hydromorphone,3,DB00327,MESH:D004091,Pain,MESH:D010146,C0030193,T184,22253000.0,False
lenalidomide,2,DB00480,MESH:C467567,Multiple myeloma,MESH:D009101,C0026764,T191,109989006.0,False
lenalidomide,2,DB00480,MESH:C467567,Mantle cell lymphoma,MESH:D020522,C0334634,T191,443487006.0,False
tigecycline,3,DB00560,"MESH:C119092,MESH:C087533",Pneumonia due to Streptococcus,MESH:D011018,C0155862,T047,34020007.0,False
tigecycline,3,DB00560,"MESH:C119092,MESH:C087533",Infectious disease of abdomen,MESH:D059413,C1112209,T047,128070006.0,False
tigecycline,3,DB00560,"MESH:C119092,MESH:C087533",Abdominal abscess,MESH:D018784,C0243001,T047,75100008.0,False
clocortolone pivalate,9,DB00838,"MESH:C004686,MESH:C007088",Granuloma annulare,MESH:D016460,C0085074,T047,65508009.0,False
clocortolone pivalate,9,DB00838,"MESH:C004686,MESH:C007088",Eruption of skin,MESH:D005076,C0015230,T047,271807003.0,False
clocortolone pivalate,9,DB00838,"MESH:C004686,MESH:C007088",Discoid lupus erythematosus,MESH:D008179,C0024138,T047,200938002.0,False
clocortolone pivalate,9,DB00838,"MESH:C004686,MESH:C007088",Primary cutaneous T-cell lymphoma,MESH:D016410,C0079773,T191,400122007.0,False
clocortolone pivalate,9,DB00838,"MESH:C004686,MESH:C007088",Contact dermatitis,MESH:D003877,C0011616,T047,40275004.0,False
clocortolone pivalate,9,DB00838,"MESH:C004686,MESH:C007088",Lichen simplex chronicus,MESH:D009450,C0149922,T047,53891004.0,False
clocortolone pivalate,9,DB00838,"MESH:C004686,MESH:C007088",Atopic dermatitis,MESH:D003876,C0011615,T047,24079001.0,False
clocortolone pivalate,9,DB00838,"MESH:C004686,MESH:C007088",Pruritus ani,MESH:D011538,C0033775,T184,90446007.0,False
clocortolone pivalate,9,DB00838,"MESH:C004686,MESH:C007088",Seborrheic dermatitis,MESH:D012628,C0036508,T047,50563003.0,False
carboplatin,1,DB00958,MESH:D016190,Malignant tumor of ovary,MESH:D010051,C1140680,T191,363443007.0,False
tioconazole,1,DB01007,MESH:C020527,Candidal vulvovaginitis,MESH:D002181,C0700345,T047,72605008.0,False
pirfenidone,1,DB04951,MESH:C093844,Hamman-Rich syndrome,MESH:D000080203,C0085786,T047,700250006.0,False
obinutuzumab,1,DB08935,MESH:C543332,"Chronic lymphoid leukemia, disease",MESH:D015451,C0023434,T191,92814006.0,False
