drug_name,num_ind_dc,drugbank,drug_mesh,disease_name,disease_mesh,disease_umls,cui_semantic_type,snomed_conceptid,in_dmdb
imiglucerase,1,DB00053,"MESH:D005962,MESH:C090568",Glucosylceramide beta-glucosidase deficiency,MESH:D005776,C0017205,T047,190794006.0,False
acetohexamide,1,DB00414,MESH:D000092,Diabetes mellitus type 2,MESH:D003924,C0011860,T047,44054006.0,False
quinine,1,DB00468,MESH:D011803,Falciparum malaria,MESH:D016778,C0024535,T047,62676009.0,False
clonidine,3,DB00575,MESH:D003000,Hypertensive disorder,MESH:D006973,C0020538,T047,38341003.0,False
clonidine,3,DB00575,MESH:D003000,Attention deficit hyperactivity disorder,MESH:D001289,C1263846,T048,406506008.0,False
clonidine,3,DB00575,MESH:D003000,Open-angle glaucoma,MESH:D005902,C0017612,T047,84494001.0,False
eplerenone,1,DB00700,"MESH:C058465,MESH:C414690",Hypertensive disorder,MESH:D006973,C0020538,T047,38341003.0,False
apraclonidine,1,DB00964,MESH:C016986,Open-angle glaucoma,MESH:D005902,C0017612,T047,84494001.0,False
proguanil,1,DB01131,MESH:D002727,Falciparum malaria,MESH:D016778,C0024535,T047,62676009.0,False
calcium chloride,4,DB01164,MESH:D002122,Hypokalemia,MESH:D007008,C0020621,T033,43339004.0,False
calcium chloride,4,DB01164,MESH:D002122,Hyperkalemia,MESH:D006947,C0020461,T033,14140009.0,False
calcium chloride,4,DB01164,MESH:D002122,Cardiac arrest,MESH:D006323,C0018790,T047,410429000.0,False
calcium chloride,4,DB01164,MESH:D002122,Hypocalcemia,MESH:D006996,C0020598,T046,5291005.0,False
acebutolol,2,DB01193,MESH:D000070,Ventricular premature beats,MESH:D018879,C0151636,T046,17338001.0,False
acebutolol,2,DB01193,MESH:D000070,Hypertensive disorder,MESH:D006973,C0020538,T047,38341003.0,False
cilastatin,6,DB01597,MESH:D015377,Bacterial endocarditis,MESH:D004697,C0014121,T047,301183007.0,False
cilastatin,6,DB01597,MESH:D015377,Abdominal abscess,MESH:D018784,C0243001,T047,75100008.0,False
cilastatin,6,DB01597,MESH:D015377,Infectious disease of abdomen,MESH:D059413,C1112209,T047,128070006.0,False
cilastatin,6,DB01597,MESH:D015377,Pneumonia due to Streptococcus,MESH:D011018,C0155862,T047,34020007.0,False
cilastatin,6,DB01597,MESH:D015377,Bacterial pneumonia,MESH:D018410,C0004626,T047,53084003.0,False
cilastatin,6,DB01597,MESH:D015377,Endometritis,MESH:D004716,C0014179,T047,78623009.0,False
febuxostat,1,DB04854,MESH:D000069465,Hyperuricemia,MESH:D033461,C0740394,T047,35885006.0,False
belinostat,1,DB05015,MESH:C487081,Peripheral T-cell lymphoma,MESH:D016411,C0079774,T191,109977009.0,False
