drug_name,num_ind_dc,drugbank,drug_mesh,disease_name,disease_mesh,disease_umls,cui_semantic_type,snomed_conceptid,in_dmdb
piperacillin,12,DB00319,MESH:D010878,Infection due to Staphylococcus aureus,MESH:D013203,C1318973,T047,406602003.0,False
piperacillin,12,DB00319,MESH:D010878,Urinary tract infectious disease,MESH:D014552,C0042029,T047,68566005.0,False
piperacillin,12,DB00319,MESH:D010878,Abdominal abscess,MESH:D018784,C0243001,T047,75100008.0,False
piperacillin,12,DB00319,MESH:D010878,Nosocomial pneumonia,MESH:D000077299,C0949083,T047,425464007.0,False
piperacillin,12,DB00319,MESH:D010878,Bacterial infection due to Serratia,MESH:D016868,C0085394,T047,71120004.0,False
piperacillin,12,DB00319,MESH:D010878,Gonorrhea,MESH:D006069,C0018081,T047,15628003.0,False
piperacillin,12,DB00319,MESH:D010878,Rhinoscleroma,MESH:D012226,C0035468,T047,72409005.0,False
piperacillin,12,DB00319,MESH:D010878,Infection due to Escherichia coli,MESH:D004927,C0014836,T047,71057007.0,False
piperacillin,12,DB00319,MESH:D010878,Infectious disease of abdomen,MESH:D059413,C1112209,T047,128070006.0,False
piperacillin,12,DB00319,MESH:D010878,Appendicitis,MESH:D001064,C0003615,T047,74400008.0,False
piperacillin,12,DB00319,MESH:D010878,Bacterial pneumonia,MESH:D018410,C0004626,T047,53084003.0,False
piperacillin,12,DB00319,MESH:D010878,Infection due to Enterobacteriaceae,MESH:D004756,C0014347,T047,128945009.0,False
ticarcillin,13,DB01607,MESH:D013982,Staphylococcal pneumonia,MESH:D011023,C0032308,T047,22754005.0,False
ticarcillin,13,DB01607,MESH:D013982,Infection due to Staphylococcus aureus,MESH:D013203,C1318973,T047,406602003.0,False
ticarcillin,13,DB01607,MESH:D013982,Infection due to Escherichia coli,MESH:D004927,C0014836,T047,71057007.0,False
ticarcillin,13,DB01607,MESH:D013982,Infectious disease of abdomen,MESH:D059413,C1112209,T047,128070006.0,False
ticarcillin,13,DB01607,MESH:D013982,Urinary tract infectious disease,MESH:D014552,C0042029,T047,68566005.0,False
ticarcillin,13,DB01607,MESH:D013982,Rhinoscleroma,MESH:D012226,C0035468,T047,72409005.0,False
ticarcillin,13,DB01607,MESH:D013982,Empyema of pleura,MESH:D016724,C0014013,T047,58554001.0,False
ticarcillin,13,DB01607,MESH:D013982,Infection due to Enterobacteriaceae,MESH:D004756,C0014347,T047,128945009.0,False
ticarcillin,13,DB01607,MESH:D013982,Bacterial infection due to Serratia,MESH:D016868,C0085394,T047,71120004.0,False
ticarcillin,13,DB01607,MESH:D013982,Salpingitis,MESH:D012488,C0036130,T047,88157006.0,False
ticarcillin,13,DB01607,MESH:D013982,Abscess of lung,MESH:D008169,C0024110,T047,73452002.0,False
ticarcillin,13,DB01607,MESH:D013982,Bacterial pneumonia,MESH:D018410,C0004626,T047,53084003.0,False
ticarcillin,13,DB01607,MESH:D013982,Aspiration pneumonia,MESH:D011015,C0032290,T047,422588002.0,False
