drug_name,num_ind_dc,drugbank,drug_mesh,disease_name,disease_mesh,disease_umls,cui_semantic_type,snomed_conceptid,in_dmdb
filgrastim,2,DB00099,MESH:D000069585,Congenital neutropenia,MESH:C537592,C0340970,T019,89655007.0,False
filgrastim,2,DB00099,MESH:D000069585,Cyclical neutropenia,MESH:C536227,C0221023,T047,191347008.0,False
cefmetazole,5,DB00274,MESH:D015311,Urinary tract infectious disease,MESH:D014552,C0042029,T047,68566005.0,False
cefmetazole,5,DB00274,MESH:D015311,Pneumonia due to Streptococcus,MESH:D011018,C0155862,T047,34020007.0,False
cefmetazole,5,DB00274,MESH:D015311,Pneumonia,MESH:D011014,C0032285,T047,233604007.0,False
cefmetazole,5,DB00274,MESH:D015311,Infectious disease of abdomen,MESH:D059413,C1112209,T047,128070006.0,False
cefmetazole,5,DB00274,MESH:D015311,Staphylococcal pneumonia,MESH:D011023,C0032308,T047,22754005.0,False
fenfluramine,1,DB00574,MESH:D005277,Obesity,MESH:D009765,C0028754,T047,414916001.0,False
indapamide,2,DB00808,MESH:D007190,Edema,MESH:D004487,C0013604,T046,267038008.0,False
indapamide,2,DB00808,MESH:D007190,Hypertensive disorder,MESH:D006973,C0020538,T047,38341003.0,False
meclofenamic acid,5,DB00939,MESH:D008469,Rheumatoid arthritis,MESH:D001172,C0003873,T047,69896004.0,False
meclofenamic acid,5,DB00939,MESH:D008469,Menorrhagia,MESH:D008595,C0025323,T046,386692008.0,False
meclofenamic acid,5,DB00939,MESH:D008469,Dysmenorrhea,MESH:D004412,C0013390,T046,266599000.0,False
meclofenamic acid,5,DB00939,MESH:D008469,Pain,MESH:D010146,C0030193,T184,22253000.0,False
meclofenamic acid,5,DB00939,MESH:D008469,Osteoarthritis,MESH:D010003,C0029408,T047,396275006.0,False
rizatriptan,1,DB00953,MESH:C093622,Migraine,MESH:D008881,C0149931,T047,37796009.0,False
rifampicin,1,DB01045,MESH:D012293,Pulmonary tuberculosis,MESH:D014397,C0041327,T047,154283005.0,False
metreleptin,2,DB09046,MESH:C415771,Acquired partial lipodystrophy,MESH:C562448,C0220989,T047,75659004.0,False
metreleptin,2,DB09046,MESH:C415771,Congenital generalized lipodystrophy,MESH:D052497,C0221032,T047,284449005.0,False
chlortetracycline,1,DB09093,MESH:D002751,Trachoma,MESH:D014141,C0040592,T047,2576002.0,False
hydroxyamfetamine,1,DB09352,MESH:D010136,Dilated pupil,MESH:D015878,C0026961,T184,37125009.0,False
