drug_name,num_ind_dc,drugbank,drug_mesh,disease_name,disease_mesh,disease_umls,cui_semantic_type,snomed_conceptid,in_dmdb
pegademase,1,DB00061,MESH:C051409,Adenosine deaminase deficiency,MESH:C531816,C0268124,T047,44940001.0,False
colecalciferol,7,DB00169,MESH:D002762,Osteoporosis,MESH:D010024,C0029456,T047,64859006.0,False
colecalciferol,7,DB00169,MESH:D002762,Postmenopausal osteoporosis,MESH:D015663,C0029458,T047,102447009.0,False
colecalciferol,7,DB00169,MESH:D002762,Hypoparathyroidism,MESH:D007011,C0020626,T047,36976004.0,False
colecalciferol,7,DB00169,MESH:D002762,Vitamin D deficiency,MESH:D014808,C0042870,T047,34713006.0,False
colecalciferol,7,DB00169,MESH:D002762,Rickets,MESH:D012279,C0035579,T047,41345002.0,False
colecalciferol,7,DB00169,MESH:D002762,Hypocalcemia,MESH:D006996,C0020598,T046,5291005.0,False
colecalciferol,7,DB00169,MESH:D002762,Vitamin deficiency,MESH:D001361,C1510471,T047,85670002.0,False
alprostadil,6,DB00770,MESH:D000527,Congenital atresia of the pulmonary valve,MESH:D018633,C0242855,T019,204342004.0,False
alprostadil,6,DB00770,MESH:D000527,Pulmonary artery stenosis,MESH:D000071079,C0238397,T190,95441000.0,False
alprostadil,6,DB00770,MESH:D000527,Congenital atresia of tricuspid valve,MESH:D018785,C0243002,T019,63042009.0,False
alprostadil,6,DB00770,MESH:D000527,Coarctation of aorta,MESH:D001017,C0003492,T019,7305005.0,False
alprostadil,6,DB00770,MESH:D000527,Impotence,MESH:D007172,C0242350,T047,397803000.0,False
alprostadil,6,DB00770,MESH:D000527,Tetralogy of Fallot,MESH:D013771,C0039685,T019,86299006.0,False
flupentixol,1,DB00875,MESH:D005475,Schizophrenia,MESH:D012559,C0036341,T048,58214004.0,False
azathioprine,1,DB00993,MESH:D001379,Rheumatoid arthritis,MESH:D001172,C0003873,T047,69896004.0,False
guanfacine,2,DB01018,MESH:D016316,Attention deficit hyperactivity disorder,MESH:D001289,C1263846,T048,406506008.0,False
guanfacine,2,DB01018,MESH:D016316,Hypertensive disorder,MESH:D006973,C0020538,T047,38341003.0,False
oxybutynin,2,DB01062,MESH:C005419,Urge incontinence of urine,MESH:D053202,C0150045,T184,87557004.0,False
oxybutynin,2,DB01062,MESH:C005419,Neurogenic bladder,MESH:D001750,C0005697,T047,398064005.0,False
candicidin,1,DB01152,MESH:D002174,Candidiasis of vagina,MESH:D002181,C0006852,T047,72934000.0,False
levocetirizine,3,DB06282,MESH:C472067,Seasonal allergic rhinitis,MESH:D006255,C0018621,T047,367498001.0,False
levocetirizine,3,DB06282,MESH:C472067,Allergic rhinitis,MESH:D065631,C2607914,T047,61582004.0,False
levocetirizine,3,DB06282,MESH:C472067,Chronic idiopathic urticaria,MESH:D000080223,C0578870,T047,302162004.0,False
ivacaftor,1,DB08820,MESH:C545203,Cystic fibrosis of the lung,MESH:D003550,C0392164,T047,86555001.0,False
