drug_name,num_ind_dc,drugbank,drug_mesh,disease_name,disease_mesh,disease_umls,cui_semantic_type,snomed_conceptid,in_dmdb
metharbital,2,DB00463,MESH:C084822,Epilepsy,MESH:D004827,C0014544,T047,84757009.0,False
metharbital,2,DB00463,MESH:C084822,Tonic-clonic epilepsy,MESH:D004830,C0014549,T047,352818000.0,False
hydroxyzine,5,DB00557,MESH:D006919,Allergic conjunctivitis,MESH:D003233,C0009766,T047,473460002.0,False
hydroxyzine,5,DB00557,MESH:D006919,Allergic rhinitis,MESH:D065631,C2607914,T047,61582004.0,False
hydroxyzine,5,DB00557,MESH:D006919,Atopic dermatitis,MESH:D003876,C0011615,T047,24079001.0,False
hydroxyzine,5,DB00557,MESH:D006919,Urticaria,MESH:D014581,C0042109,T047,126485001.0,False
hydroxyzine,5,DB00557,MESH:D006919,Itching of skin,MESH:D011537,C0033774,T184,418363000.0,False
levorphanol,1,DB00854,MESH:D007981,Pain,MESH:D010146,C0030193,T184,22253000.0,False
amoxicillin,9,DB01060,MESH:D000658,Infection due to Escherichia coli,MESH:D004927,C0014836,T047,71057007.0,False
amoxicillin,9,DB01060,MESH:D000658,Infection due to Staphylococcus aureus,MESH:D013203,C1318973,T047,406602003.0,False
amoxicillin,9,DB01060,MESH:D000658,Pneumonia due to Klebsiella pneumoniae,MESH:D007710,C0519030,T047,64479007.0,False
amoxicillin,9,DB01060,MESH:D000658,Pharyngitis,MESH:D010612,C0031350,T047,405737000.0,False
amoxicillin,9,DB01060,MESH:D000658,Urinary tract infectious disease,MESH:D014552,C0042029,T047,68566005.0,False
amoxicillin,9,DB01060,MESH:D000658,Streptococcus pyogenes infection,MESH:D013290,C0554628,T047,302809008.0,False
amoxicillin,9,DB01060,MESH:D000658,Bacterial pneumonia,MESH:D018410,C0004626,T047,53084003.0,False
amoxicillin,9,DB01060,MESH:D000658,Pneumonia due to Streptococcus,MESH:D011018,C0155862,T047,34020007.0,False
amoxicillin,9,DB01060,MESH:D000658,Rhinoscleroma,MESH:D012226,C0035468,T047,72409005.0,False
gemfibrozil,1,DB01241,MESH:D015248,Hypertriglyceridemia,MESH:D015228,C0020557,T033,302870006.0,False
pitavastatin,2,DB08860,MESH:C108475,Hypercholesterolemia,MESH:D006937,C0020443,T047,13644009.0,False
pitavastatin,2,DB08860,MESH:C108475,Mixed hyperlipidemia,MESH:D006950,C0020474,T047,267434003.0,False
