drug_name,num_ind_dc,drugbank,drug_mesh,disease_name,disease_mesh,disease_umls,cui_semantic_type,snomed_conceptid,in_dmdb
amcinonide,9,DB00288,MESH:C012716,Granuloma annulare,MESH:D016460,C0085074,T047,65508009.0,False
amcinonide,9,DB00288,MESH:C012716,Contact dermatitis,MESH:D003877,C0011616,T047,40275004.0,False
amcinonide,9,DB00288,MESH:C012716,Pruritus ani,MESH:D011538,C0033775,T184,90446007.0,False
amcinonide,9,DB00288,MESH:C012716,Primary cutaneous T-cell lymphoma,MESH:D016410,C0079773,T191,400122007.0,False
amcinonide,9,DB00288,MESH:C012716,Lichen simplex chronicus,MESH:D009450,C0149922,T047,53891004.0,False
amcinonide,9,DB00288,MESH:C012716,Seborrheic dermatitis,MESH:D012628,C0036508,T047,50563003.0,False
amcinonide,9,DB00288,MESH:C012716,Discoid lupus erythematosus,MESH:D008179,C0024138,T047,200938002.0,False
amcinonide,9,DB00288,MESH:C012716,Eruption of skin,MESH:D005076,C0015230,T047,271807003.0,False
amcinonide,9,DB00288,MESH:C012716,Atopic dermatitis,MESH:D003876,C0011615,T047,24079001.0,False
levothyroxine,6,DB00451,MESH:D013974,Myxedema,MESH:D009230,C0027145,T047,43153006.0,False
levothyroxine,6,DB00451,MESH:D013974,Goiter,MESH:D006042,C0018021,T047,3716002.0,False
levothyroxine,6,DB00451,MESH:D013974,Hypothyroidism,MESH:D007037,C0020676,T047,40930008.0,False
levothyroxine,6,DB00451,MESH:D013974,Congenital hypothyroidism,MESH:D003409,C0010308,T019,190268003.0,False
levothyroxine,6,DB00451,MESH:D013974,Hyperlipidemia,MESH:D006949,C0020473,T047,55822004.0,False
levothyroxine,6,DB00451,MESH:D013974,Hashimoto thyroiditis,MESH:D050031,C0677607,T047,21983002.0,False
naltrexone,3,DB00704,MESH:D009271,Chronic pain,MESH:D059350,C0150055,T047,82423001.0,False
naltrexone,3,DB00704,MESH:D009271,Alcoholism,MESH:D000437,C0001973,T048,7200002.0,False
naltrexone,3,DB00704,MESH:D009271,Obesity,MESH:D009765,C0028754,T047,414916001.0,False
atezolizumab,1,DB11595,MESH:C000594389,Transitional cell carcinoma,MESH:D002295,C0007138,T191,27090000.0,False
piribedil,1,DB12478,MESH:D010891,Parkinsonism,MESH:D020734,C0242422,T047,32798002.0,False
