drug_name,num_ind_dc,drugbank,drug_mesh,disease_name,disease_mesh,disease_umls,cui_semantic_type,snomed_conceptid,in_dmdb
bevacizumab,1,DB00112,MESH:D000068258,Glioblastoma multiforme,MESH:D005909,C1621958,T191,393563007.0,False
hyoscyamine,3,DB00424,MESH:D064692,Peptic ulcer,MESH:D010437,C0030920,T047,13200003.0,False
hyoscyamine,3,DB00424,MESH:D064692,Dysuria,MESH:D053159,C0013428,T184,49650001.0,False
hyoscyamine,3,DB00424,MESH:D064692,Excessive salivation,MESH:D012798,C0037036,T047,53827007.0,False
dicloxacillin,2,DB00485,MESH:D004009,Staphylococcal pneumonia,MESH:D011023,C0032308,T047,22754005.0,False
dicloxacillin,2,DB00485,MESH:D004009,Infection due to Staphylococcus aureus,MESH:D013203,C1318973,T047,406602003.0,False
ethionamide,1,DB00609,MESH:D005000,Pulmonary tuberculosis,MESH:D014397,C0041327,T047,154283005.0,False
sulfapyridine,1,DB00891,MESH:D013427,Dermatitis herpetiformis,MESH:D003874,C0011608,T047,111196000.0,False
ketotifen,1,DB00920,MESH:D007665,Allergic conjunctivitis,MESH:D003233,C0009766,T047,473460002.0,False
ephedrine,10,DB01364,MESH:D004809,Vasomotor rhinitis,MESH:D012223,C0035460,T047,8229003.0,False
ephedrine,10,DB01364,MESH:D004809,Seasonal allergic rhinitis,MESH:D006255,C0018621,T047,367498001.0,False
ephedrine,10,DB01364,MESH:D004809,Allergic rhinitis,MESH:D065631,C2607914,T047,61582004.0,False
ephedrine,10,DB01364,MESH:D004809,Allergic conjunctivitis,MESH:D003233,C0009766,T047,473460002.0,False
ephedrine,10,DB01364,MESH:D004809,Rhinitis,MESH:D012220,C0035455,T047,70076002.0,False
ephedrine,10,DB01364,MESH:D004809,Sneezing,MESH:D012912,C0037383,T033,76067001.0,False
ephedrine,10,DB01364,MESH:D004809,Headache disorder,MESH:D020773,C0393735,T047,230461009.0,False
ephedrine,10,DB01364,MESH:D004809,Bronchitis,MESH:D001991,C0006277,T047,32398004.0,False
ephedrine,10,DB01364,MESH:D004809,Common cold,MESH:D003139,C0009443,T047,82272006.0,False
ephedrine,10,DB01364,MESH:D004809,Bronchospasm,MESH:D001986,C0006266,T047,4386001.0,False
viloxazine,1,DB09185,MESH:D014745,Cataplexy and narcolepsy,MESH:D009290,C0751362,T047,193042000.0,False
