drug_name,num_ind_dc,drugbank,drug_mesh,disease_name,disease_mesh,disease_umls,cui_semantic_type,snomed_conceptid,in_dmdb
doxylamine,8,DB00366,"MESH:C035385,MESH:D004319",Itching of skin,MESH:D011537,C0033774,T184,418363000.0,False
doxylamine,8,DB00366,"MESH:C035385,MESH:D004319",Allergic rhinitis,MESH:D065631,C2607914,T047,61582004.0,False
doxylamine,8,DB00366,"MESH:C035385,MESH:D004319",Seasonal allergic rhinitis,MESH:D006255,C0018621,T047,367498001.0,False
doxylamine,8,DB00366,"MESH:C035385,MESH:D004319",Common cold,MESH:D003139,C0009443,T047,82272006.0,False
doxylamine,8,DB00366,"MESH:C035385,MESH:D004319",Vasomotor rhinitis,MESH:D012223,C0035460,T047,8229003.0,False
doxylamine,8,DB00366,"MESH:C035385,MESH:D004319",Urticaria,MESH:D014581,C0042109,T047,126485001.0,False
doxylamine,8,DB00366,"MESH:C035385,MESH:D004319",Allergic conjunctivitis,MESH:D003233,C0009766,T047,473460002.0,False
doxylamine,8,DB00366,"MESH:C035385,MESH:D004319",Sneezing,MESH:D012912,C0037383,T033,76067001.0,False
adenosine phosphate,1,"DB00640,DB00131",MESH:D000249,Cystic fibrosis of the lung,MESH:D003550,C0392164,T047,86555001.0,False
atazanavir,1,DB01072,MESH:D000069446,Human immunodeficiency virus infection,MESH:D015658,C0019693,T047,86406008.0,False
fluvastatin,3,DB01095,MESH:C065180,Mixed hyperlipidemia,MESH:D006950,C0020474,T047,267434003.0,False
fluvastatin,3,DB01095,MESH:C065180,Hypercholesterolemia,MESH:D006937,C0020443,T047,13644009.0,False
fluvastatin,3,DB01095,MESH:C065180,Arteriosclerotic vascular disease,MESH:D001161,C0003850,T047,72092001.0,False
arsenic trioxide,2,DB01169,MESH:C006632,"Acute myelomonocytic leukemia, FAB M4",MESH:D015479,C0023479,T191,110005000.0,False
arsenic trioxide,2,DB01169,MESH:C006632,"Acute promyelocytic leukemia, FAB M3",MESH:D015473,C0023487,T191,110004001.0,False
tamibarotene,1,DB04942,MESH:C061133,"Acute promyelocytic leukemia, FAB M3",MESH:D015473,C0023487,T191,110004001.0,False
lurasidone,2,DB08815,MESH:D000069056,"Bipolar affective disorder, current episode depression",MESH:D001714,C0005587,T048,191627008.0,False
lurasidone,2,DB08815,MESH:D000069056,Schizophrenia,MESH:D012559,C0036341,T048,58214004.0,False
nivolumab,1,DB09035,MESH:C581771,Non-small cell lung cancer,MESH:D002289,C0007131,T191,254637007.0,False
nadifloxacin,1,DB12447,MESH:C062127,Acne vulgaris,MESH:D000152,C0001144,T047,88616000.0,False
