drug_name,num_ind_dc,drugbank,drug_mesh,disease_name,disease_mesh,disease_umls,cui_semantic_type,snomed_conceptid,in_dmdb
promazine,12,DB00420,MESH:D011395,Schizophrenia,MESH:D012559,C0036341,T048,58214004.0,False
promazine,12,DB00420,MESH:D011395,Angioedema,MESH:D000799,C0002994,T046,41291007.0,False
promazine,12,DB00420,MESH:D011395,Vomiting,MESH:D014839,C0042963,T184,422400008.0,False
promazine,12,DB00420,MESH:D011395,Allergic rhinitis,MESH:D065631,C2607914,T047,61582004.0,False
promazine,12,DB00420,MESH:D011395,Nausea,MESH:D009325,C0027497,T184,422587007.0,False
promazine,12,DB00420,MESH:D011395,Itching of skin,MESH:D011537,C0033774,T184,418363000.0,False
promazine,12,DB00420,MESH:D011395,Urticaria,MESH:D014581,C0042109,T047,126485001.0,False
promazine,12,DB00420,MESH:D011395,Acute intermittent porphyria,MESH:D017118,C0162565,T047,234422006.0,False
promazine,12,DB00420,MESH:D011395,Allergic conjunctivitis,MESH:D003233,C0009766,T047,473460002.0,False
promazine,12,DB00420,MESH:D011395,Sneezing,MESH:D012912,C0037383,T033,76067001.0,False
promazine,12,DB00420,MESH:D011395,Disruptive behavior disorder,MESH:D019958,C0012734,T048,54319003.0,False
promazine,12,DB00420,MESH:D011395,Psychotic disorder,MESH:D011618,C0033975,T048,69322001.0,False
ketoconazole,12,DB01026,MESH:D007654,Candidiasis of mouth,MESH:D002180,C0006849,T047,79740000.0,False
ketoconazole,12,DB01026,MESH:D007654,Blastomycosis,MESH:D001759,C0005716,T047,69996000.0,False
ketoconazole,12,DB01026,MESH:D007654,Candidiasis of skin,MESH:D002179,C0006846,T047,49883006.0,False
ketoconazole,12,DB01026,MESH:D007654,Disseminated candidiasis,MESH:C536777,C0153252,T047,70572005.0,False
ketoconazole,12,DB01026,MESH:D007654,Pityriasis versicolor,MESH:D014010,C0040262,T047,56454009.0,False
ketoconazole,12,DB01026,MESH:D007654,Tinea pedis,MESH:D014008,C0040259,T047,6020002.0,False
ketoconazole,12,DB01026,MESH:D007654,Histoplasmosis,MESH:D006660,C0019655,T047,12962009.0,False
ketoconazole,12,DB01026,MESH:D007654,Chromoblastomycosis,MESH:D002862,C0008582,T047,187079000.0,False
ketoconazole,12,DB01026,MESH:D007654,Coccidioidomycosis,MESH:D003047,C0009186,T047,60826002.0,False
ketoconazole,12,DB01026,MESH:D007654,Seborrheic dermatitis,MESH:D012628,C0036508,T047,50563003.0,False
ketoconazole,12,DB01026,MESH:D007654,Paracoccidioidomycosis,MESH:D010229,C0030409,T047,59925007.0,False
ketoconazole,12,DB01026,MESH:D007654,Hypercortisolism,MESH:D000308,C0001622,T047,47270006.0,False
