drug_name,num_ind_dc,drugbank,drug_mesh,disease_name,disease_mesh,disease_umls,cui_semantic_type,snomed_conceptid,in_dmdb
cyanocobalamin,4,DB00115,,Cobalamin deficiency,MESH:D014806,C0042847,T047,190634004.0,False
cyanocobalamin,4,DB00115,,Vitamin deficiency,MESH:D001361,C1510471,T047,85670002.0,False
cyanocobalamin,4,DB00115,,Pernicious anemia,MESH:D000752,C0002892,T047,84027009.0,False
cyanocobalamin,4,DB00115,,Iron deficiency anemia,MESH:D018798,C0162316,T047,87522002.0,False
chlorphenesin carbamate,1,DB00856,"MESH:D002743,MESH:C015071",Spasticity,MESH:D009128,C0026838,T184,221360009.0,False
formoterol,1,DB00983,MESH:D000068759,Pulmonary emphysema,MESH:D011656,C0034067,T047,87433001.0,False
bromocriptine,4,DB01200,MESH:D001971,Acromegaly,MESH:D000172,C0001206,T047,74107003.0,False
bromocriptine,4,DB01200,MESH:D001971,Postencephalitic parkinsonism,MESH:D010301,C0030568,T047,19972008.0,False
bromocriptine,4,DB01200,MESH:D001971,Parkinson's disease,MESH:D010300,C0030567,T047,49049000.0,False
bromocriptine,4,DB01200,MESH:D001971,Hyperprolactinemia,MESH:D006966,C0020514,T047,237662005.0,False
clarithromycin,6,DB01211,"MESH:C040934,MESH:D017291",Infection due to Staphylococcus aureus,MESH:D013203,C1318973,T047,406602003.0,False
clarithromycin,6,DB01211,"MESH:C040934,MESH:D017291",Streptococcus pyogenes infection,MESH:D013290,C0554628,T047,302809008.0,False
clarithromycin,6,DB01211,"MESH:C040934,MESH:D017291",Chlamydial pneumonia,MESH:D061387,C0339959,T047,233609002.0,False
clarithromycin,6,DB01211,"MESH:C040934,MESH:D017291",Pneumonia due to Mycoplasma pneumoniae,MESH:D011019,C0032302,T047,46970008.0,False
clarithromycin,6,DB01211,"MESH:C040934,MESH:D017291",Bacterial pneumonia,MESH:D018410,C0004626,T047,53084003.0,False
clarithromycin,6,DB01211,"MESH:C040934,MESH:D017291",Pneumococcal pneumonia,MESH:D011018,C0155862,T047,233607000.0,False
clortermine,1,DB01527,,Anorexia nervosa,MESH:D000856,C0003125,T048,56882008.0,False
methenamine,1,DB06799,"MESH:C023055,MESH:D008709,MESH:C011481",Urinary tract infectious disease,MESH:D014552,C0042029,T047,68566005.0,False
ferric citrate,1,DB09162,MESH:C025314,Hyperphosphatemia,MESH:D054559,C0085681,T047,20165001.0,False
mogamulizumab,1,DB12498,MESH:C549035,Peripheral T-cell lymphoma,MESH:D016411,C0079774,T191,109977009.0,False
