drug_name,num_ind_dc,drugbank,drug_mesh,disease_name,disease_mesh,disease_umls,cui_semantic_type,snomed_conceptid,in_dmdb
leuprorelin,2,DB00007,"MESH:D016729,MESH:C493311",Endometriosis,MESH:D004715,C0014175,T047,129103003.0,False
leuprorelin,2,DB00007,"MESH:D016729,MESH:C493311",Precocious puberty,MESH:D011629,C0034013,T033,400179000.0,False
glimepiride,1,DB00222,MESH:C057619,Diabetes mellitus type 2,MESH:D003924,C0011860,T047,44054006.0,False
dapsone,3,DB00250,MESH:D003622,Dermatitis herpetiformis,MESH:D003874,C0011608,T047,111196000.0,False
dapsone,3,DB00250,MESH:D003622,Acne vulgaris,MESH:D000152,C0001144,T047,88616000.0,False
dapsone,3,DB00250,MESH:D003622,Leprosy,MESH:D007918,C0023343,T047,81004002.0,False
ipratropium,5,DB00332,MESH:D009241,Pulmonary emphysema,MESH:D011656,C0034067,T047,87433001.0,False
ipratropium,5,DB00332,MESH:D009241,Chronic obstructive lung disease,MESH:D029424,C0024117,T047,13645005.0,False
ipratropium,5,DB00332,MESH:D009241,Allergic rhinitis,MESH:D065631,C2607914,T047,61582004.0,False
ipratropium,5,DB00332,MESH:D009241,Bronchospasm,MESH:D001986,C0006266,T047,4386001.0,False
ipratropium,5,DB00332,MESH:D009241,Bronchitis,MESH:D001991,C0006277,T047,32398004.0,False
loxapine,2,DB00408,MESH:D008152,Schizophrenia,MESH:D012559,C0036341,T048,58214004.0,False
loxapine,2,DB00408,MESH:D008152,Bipolar disorder,MESH:D001714,C0005586,T048,13746004.0,False
capecitabine,1,"DB00544,DB01101",MESH:D000069287,Malignant tumor of stomach,MESH:D013274,C0024623,T191,363349007.0,False
oxaprozin,3,DB00991,MESH:C008729,Osteoarthritis,MESH:D010003,C0029408,T047,396275006.0,False
oxaprozin,3,DB00991,MESH:C008729,Juvenile rheumatoid arthritis,MESH:D001171,C3495559,T047,410795001.0,False
oxaprozin,3,DB00991,MESH:C008729,Rheumatoid arthritis,MESH:D001172,C0003873,T047,69896004.0,False
pimozide,1,DB01100,MESH:D010868,Gilles de la Tourette's syndrome,MESH:D005879,C0040517,T047,5158005.0,False
prasterone,2,DB01708,MESH:D003687,Dyspareunia,MESH:D004414,C1384606,T033,71315007.0,False
prasterone,2,DB01708,MESH:D003687,Systemic lupus erythematosus,MESH:D008180,C0024141,T047,55464009.0,False
hemin,1,DB03404,"MESH:C048849,MESH:D006427",Acute intermittent porphyria,MESH:D017118,C0162565,T047,234422006.0,False
omacetaxine mepesuccinate,1,DB04865,MESH:C001652,Chronic myeloid leukemia,MESH:D015464,C0023473,T191,92818009.0,False
raxibacumab,1,DB08902,MESH:C542124,Inhalational anthrax,MESH:C571912,C0155866,T047,11389007.0,False
anagliptin,1,DB12417,MESH:C583175,Diabetes mellitus type 2,MESH:D003924,C0011860,T047,44054006.0,False
