drug_name,num_ind_dc,drugbank,drug_mesh,disease_name,disease_mesh,disease_umls,cui_semantic_type,snomed_conceptid,in_dmdb
cimetidine,8,DB00501,MESH:D002927,Duodenal ulcer disease,MESH:D004381,C0013295,T047,51868009.0,False
cimetidine,8,DB00501,MESH:D002927,Indigestion,MESH:D004415,C0013395,T184,162031009.0,False
cimetidine,8,DB00501,MESH:D002927,Gastroesophageal reflux disease,MESH:D005764,C0017168,T047,235595009.0,False
cimetidine,8,DB00501,MESH:D002927,Zollinger-Ellison syndrome,MESH:D015043,C0043515,T047,53132006.0,False
cimetidine,8,DB00501,MESH:D002927,Heartburn,MESH:D006356,C0018834,T184,16331000.0,False
cimetidine,8,DB00501,MESH:D002927,Systemic mast cell disease,MESH:D034721,C0221013,T047,397016004.0,False
cimetidine,8,DB00501,MESH:D002927,Gastric ulcer,MESH:D013276,C0038358,T047,397825006.0,False
cimetidine,8,DB00501,MESH:D002927,Multiple endocrine adenomas,MESH:D009377,C0027662,T191,60549007.0,False
ethosuximide,1,DB00593,MESH:D005013,Absence seizure,MESH:D004832,C0014553,T047,79631006.0,False
levocabastine,1,DB01106,MESH:C047340,Allergic conjunctivitis,MESH:D003233,C0009766,T047,473460002.0,False
naloxone,2,DB01183,MESH:D009270,Opioid dependence,MESH:D009293,C0524662,T048,75544000.0,False
naloxone,2,DB01183,MESH:D009270,Pain,MESH:D010146,C0030193,T184,22253000.0,False
lucinactant,1,DB04897,MESH:C502722,Respiratory distress syndrome in the newborn,MESH:D012127,C0035220,T047,46775006.0,False
obiltoxaximab,1,DB05336,MESH:C000611266,Inhalational anthrax,MESH:C571912,C0155866,T047,11389007.0,False
empagliflozin,1,DB09038,MESH:C570240,Diabetes mellitus type 2,MESH:D003924,C0011860,T047,44054006.0,False
nintedanib,2,DB09079,MESH:C530716,Non-small cell lung cancer,MESH:D002289,C0007131,T191,254637007.0,False
nintedanib,2,DB09079,MESH:C530716,Hamman-Rich syndrome,MESH:D000080203,C0085786,T047,700250006.0,False
tegafur,1,"DB09256,DB00544",MESH:D005641,Malignant tumor of stomach,MESH:D013274,C0024623,T191,363349007.0,False
tandospirone,1,DB12833,MESH:C055267,Bruxism (teeth grinding),MESH:D002012,C0006325,T046,191983006.0,False
lusutrombopag,1,DB13125,MESH:C000611387,Thrombocytopenic disorder,MESH:D013921,C0040034,T033,302215000.0,False
