drug_name,num_ind_dc,drugbank,drug_mesh,disease_name,disease_mesh,disease_umls,cui_semantic_type,snomed_conceptid,in_dmdb
loracarbef,7,DB00447,MESH:C054920,Upper respiratory infection,MESH:D012141,C0041912,T047,54150009.0,False
loracarbef,7,DB00447,MESH:C054920,Pneumonia,MESH:D011014,C0032285,T047,233604007.0,False
loracarbef,7,DB00447,MESH:C054920,Bronchitis,MESH:D001991,C0006277,T047,32398004.0,False
loracarbef,7,DB00447,MESH:C054920,Urinary tract infectious disease,MESH:D014552,C0042029,T047,68566005.0,False
loracarbef,7,DB00447,MESH:C054920,Streptococcus pyogenes infection,MESH:D013290,C0554628,T047,302809008.0,False
loracarbef,7,DB00447,MESH:C054920,Tonsillitis,MESH:D014069,C0040425,T047,90176007.0,False
loracarbef,7,DB00447,MESH:C054920,Pneumonia due to Streptococcus,MESH:D011018,C0155862,T047,34020007.0,False
altretamine,1,DB00488,MESH:D006585,Malignant tumor of ovary,MESH:D010051,C1140680,T191,363443007.0,False
physostigmine,1,DB00981,"MESH:D010830,MESH:C026718",Open-angle glaucoma,MESH:D005902,C0017612,T047,84494001.0,False
vigabatrin,1,DB01080,MESH:D020888,West syndrome,MESH:D013036,C0037769,T047,28055006.0,False
alfacalcidol,3,DB01436,MESH:C008088,Hypoparathyroidism,MESH:D007011,C0020626,T047,36976004.0,False
alfacalcidol,3,DB01436,MESH:C008088,Hyperparathyroidism,MESH:D006961,C0020502,T047,66999008.0,False
alfacalcidol,3,DB01436,MESH:C008088,Renal osteodystrophy,MESH:D012080,C0035086,T047,16726004.0,False
celiprolol,2,DB04846,MESH:D017272,Hypertensive disorder,MESH:D006973,C0020538,T047,38341003.0,False
celiprolol,2,DB04846,MESH:D017272,Angina pectoris,MESH:D000787,C0002962,T033,194828000.0,False
defibrotide,1,DB04932,MESH:C036901,Veno-occlusive disease of the liver,MESH:D006504,C0019156,T047,65617004.0,False
linagliptin,1,DB08882,MESH:D000069476,Diabetes mellitus type 2,MESH:D003924,C0011860,T047,44054006.0,False
tinoridine,1,DB13001,MESH:C100290,Pain,MESH:D010146,C0030193,T184,22253000.0,False
clobetasone butyrate,2,DB13158,MESH:C010893,Atopic dermatitis,MESH:D003876,C0011615,T047,24079001.0,False
clobetasone butyrate,2,DB13158,MESH:C010893,Eczema,MESH:D004485,C0013595,T047,43116000.0,False
