drug_name,num_ind_dc,drugbank,drug_mesh,disease_name,disease_mesh,disease_umls,cui_semantic_type,snomed_conceptid,in_dmdb
liothyronine,5,DB00279,MESH:D014284,Myxedema,MESH:D009230,C0027145,T047,43153006.0,False
liothyronine,5,DB00279,MESH:D014284,Hypothyroidism,MESH:D007037,C0020676,T047,40930008.0,False
liothyronine,5,DB00279,MESH:D014284,Goiter,MESH:D006042,C0018021,T047,3716002.0,False
liothyronine,5,DB00279,MESH:D014284,Congenital hypothyroidism,MESH:D003409,C0010308,T019,190268003.0,False
liothyronine,5,DB00279,MESH:D014284,Simple goiter,MESH:D006043,C0018022,T047,267369002.0,False
travoprost,2,DB00287,MESH:D000069557,Ocular hypertension,MESH:D009798,C0028840,T047,4210003.0,False
travoprost,2,DB00287,MESH:D000069557,Open-angle glaucoma,MESH:D005902,C0017612,T047,84494001.0,False
benzonatate,1,DB00868,MESH:C029755,Cough,MESH:D003371,C0010200,T184,49727002.0,False
cefazolin,5,DB01327,MESH:D002437,Pneumonia due to Streptococcus,MESH:D011018,C0155862,T047,34020007.0,False
cefazolin,5,DB01327,MESH:D002437,Cholangitis,MESH:D002761,C0008311,T047,82403002.0,False
cefazolin,5,DB01327,MESH:D002437,Bacterial endocarditis,MESH:D004697,C0014121,T047,301183007.0,False
cefazolin,5,DB01327,MESH:D002437,Staphylococcal pneumonia,MESH:D011023,C0032308,T047,22754005.0,False
cefazolin,5,DB01327,MESH:D002437,Bacterial pneumonia,MESH:D018410,C0004626,T047,53084003.0,False
eflornithine,1,DB06243,MESH:D000518,African trypanosomiasis,MESH:D014353,C0041228,T047,27031003.0,False
plerixafor,1,DB06809,MESH:C088327,Multiple myeloma,MESH:D009101,C0026764,T191,109989006.0,False
potassium hydrogencarbonate,5,DB11098,MESH:C026329,Gastroesophageal reflux disease,MESH:D005764,C0017168,T047,235595009.0,False
potassium hydrogencarbonate,5,DB11098,MESH:C026329,Hypokalemia,MESH:D007008,C0020621,T033,43339004.0,False
potassium hydrogencarbonate,5,DB11098,MESH:C026329,Peptic ulcer,MESH:D010437,C0030920,T047,13200003.0,False
potassium hydrogencarbonate,5,DB11098,MESH:C026329,Indigestion,MESH:D004415,C0013395,T184,162031009.0,False
potassium hydrogencarbonate,5,DB11098,MESH:C026329,Heartburn,MESH:D006356,C0018834,T184,16331000.0,False
