drug_name,num_ind_dc,drugbank,drug_mesh,disease_name,disease_mesh,disease_umls,cui_semantic_type,snomed_conceptid,in_dmdb
amphotericin B,38,DB00681,"MESH:C068538,MESH:D000666",Aspergillosis,MESH:D001228,C0004030,T047,65553006.0,False
amphotericin B,38,DB00681,"MESH:C068538,MESH:D000666",Blastomycosis,MESH:D001759,C0005716,T047,69996000.0,False
amphotericin B,38,DB00681,"MESH:C068538,MESH:D000666",Lymphogranuloma venereum,MESH:D008219,C0024286,T047,186946009.0,False
amphotericin B,38,DB00681,"MESH:C068538,MESH:D000666",Disseminated candidiasis,MESH:C536777,C0153252,T047,70572005.0,False
amphotericin B,38,DB00681,"MESH:C068538,MESH:D000666",Candidiasis,MESH:D002177,C0006840,T047,78048006.0,False
amphotericin B,38,DB00681,"MESH:C068538,MESH:D000666",Acne vulgaris,MESH:D000152,C0001144,T047,88616000.0,False
amphotericin B,38,DB00681,"MESH:C068538,MESH:D000666",Urinary tract infectious disease,MESH:D014552,C0042029,T047,68566005.0,False
amphotericin B,38,DB00681,"MESH:C068538,MESH:D000666",Pharyngitis,MESH:D010612,C0031350,T047,405737000.0,False
amphotericin B,38,DB00681,"MESH:C068538,MESH:D000666",Pneumonia,MESH:D011014,C0032285,T047,233604007.0,False
amphotericin B,38,DB00681,"MESH:C068538,MESH:D000666",Candidemia,MESH:D058387,C0877445,T047,432261003.0,False
amphotericin B,38,DB00681,"MESH:C068538,MESH:D000666",Diaper rash,MESH:D003963,C0011974,T047,91487003.0,False
amphotericin B,38,DB00681,"MESH:C068538,MESH:D000666",Actinomycotic infection,"MESH:D000196,MESH:D000193",C0001261,T047,11817007.0,False
amphotericin B,38,DB00681,"MESH:C068538,MESH:D000666",Leishmaniasis,MESH:D007896,C0023281,T047,80612004.0,False
amphotericin B,38,DB00681,"MESH:C068538,MESH:D000666",Anthrax,MESH:D000881,C0003175,T047,409498004.0,False
amphotericin B,38,DB00681,"MESH:C068538,MESH:D000666",Candidiasis of mouth,MESH:D002180,C0006849,T047,79740000.0,False
amphotericin B,38,DB00681,"MESH:C068538,MESH:D000666",Trachoma,MESH:D014141,C0040592,T047,2576002.0,False
amphotericin B,38,DB00681,"MESH:C068538,MESH:D000666",Cryptococcosis,MESH:D003453,C0010414,T047,42386007.0,False
amphotericin B,38,DB00681,"MESH:C068538,MESH:D000666",Candidiasis of skin,MESH:D002179,C0006846,T047,49883006.0,False
amphotericin B,38,DB00681,"MESH:C068538,MESH:D000666",Syphilis,MESH:D013587,C0039128,T047,76272004.0,False
amphotericin B,38,DB00681,"MESH:C068538,MESH:D000666",Gonorrhea,MESH:D006069,C0018081,T047,15628003.0,False
amphotericin B,38,DB00681,"MESH:C068538,MESH:D000666",Yaws,MESH:D015001,C0043388,T047,70647001.0,False
amphotericin B,38,DB00681,"MESH:C068538,MESH:D000666",Brucellosis,MESH:D002006,C0006309,T047,75702008.0,False
amphotericin B,38,DB00681,"MESH:C068538,MESH:D000666",Invasive pulmonary aspergillosis,MESH:D055744,C0276653,T047,3214003.0,False
amphotericin B,38,DB00681,"MESH:C068538,MESH:D000666",Coccidioidomycosis,MESH:D003047,C0009186,T047,60826002.0,False
amphotericin B,38,DB00681,"MESH:C068538,MESH:D000666",Fungal meningitis,MESH:D016921,C0085438,T047,24321005.0,False
amphotericin B,38,DB00681,"MESH:C068538,MESH:D000666",Histoplasmosis,MESH:D006660,C0019655,T047,12962009.0,False
amphotericin B,38,DB00681,"MESH:C068538,MESH:D000666",Mucormycosis,MESH:D009091,C0026718,T047,76627001.0,False
amphotericin B,38,DB00681,"MESH:C068538,MESH:D000666",Inclusion conjunctivitis,MESH:D003235,C0009770,T047,266109000.0,False
amphotericin B,38,DB00681,"MESH:C068538,MESH:D000666",Relapsing fever,MESH:D012061,C0035021,T047,420079008.0,False
amphotericin B,38,DB00681,"MESH:C068538,MESH:D000666",Bronchitis,MESH:D001991,C0006277,T047,32398004.0,False
amphotericin B,38,DB00681,"MESH:C068538,MESH:D000666",Ornithosis,MESH:D009956,C0029291,T047,75116005.0,False
amphotericin B,38,DB00681,"MESH:C068538,MESH:D000666",Rocky Mountain spotted fever,MESH:D012373,C0035793,T047,186772009.0,False
amphotericin B,38,DB00681,"MESH:C068538,MESH:D000666",Sinusitis,MESH:D012852,C0037199,T047,36971009.0,False
amphotericin B,38,DB00681,"MESH:C068538,MESH:D000666",Visceral leishmaniasis,MESH:D007898,C0023290,T047,186803007.0,False
amphotericin B,38,DB00681,"MESH:C068538,MESH:D000666",Infectious disease of abdomen,MESH:D059413,C1112209,T047,128070006.0,False
amphotericin B,38,DB00681,"MESH:C068538,MESH:D000666",Q fever,MESH:D011778,C0034362,T047,186788009.0,False
amphotericin B,38,DB00681,"MESH:C068538,MESH:D000666",Granuloma inguinale,MESH:D006100,C0018190,T047,28867007.0,False
amphotericin B,38,DB00681,"MESH:C068538,MESH:D000666",Rickettsialpox,MESH:D000073605,C0035597,T047,75096007.0,False
