drug_name,num_ind_dc,drugbank,drug_mesh,disease_name,disease_mesh,disease_umls,cui_semantic_type,snomed_conceptid,in_dmdb
octreotide,2,DB00104,MESH:D015282,Carcinoid syndrome,MESH:D008303,C0024586,T047,35868009.0,False
octreotide,2,DB00104,MESH:D015282,Acromegaly,MESH:D000172,C0001206,T047,74107003.0,False
ritonavir,2,DB00503,MESH:D019438,Human immunodeficiency virus infection,MESH:D015658,C0019693,T047,86406008.0,False
ritonavir,2,DB00503,MESH:D019438,Chronic hepatitis C,MESH:D019698,C0524910,T047,128302006.0,False
losartan,2,DB00678,MESH:D019808,Diabetic renal disease,MESH:D003928,C0011881,T047,127013003.0,False
losartan,2,DB00678,MESH:D019808,Hypertensive disorder,MESH:D006973,C0020538,T047,38341003.0,False
bethanechol,1,DB01019,MESH:D018723,Retention of urine,MESH:D016055,C0080274,T033,267064002.0,False
mercaptopurine,1,DB01033,MESH:D015122,"Acute promyelocytic leukemia, FAB M3",MESH:D015473,C0023487,T191,110004001.0,False
gatifloxacin,7,DB01044,MESH:C078049,Pneumonia due to Streptococcus,MESH:D011018,C0155862,T047,34020007.0,False
gatifloxacin,7,DB01044,MESH:C078049,Bacterial conjunctivitis,MESH:D003234,C0009768,T047,128350005.0,False
gatifloxacin,7,DB01044,MESH:C078049,Chlamydial pneumonia,MESH:D061387,C0339959,T047,233609002.0,False
gatifloxacin,7,DB01044,MESH:C078049,Staphylococcal pneumonia,MESH:D011023,C0032308,T047,22754005.0,False
gatifloxacin,7,DB01044,MESH:C078049,Infection due to Staphylococcus aureus,MESH:D013203,C1318973,T047,406602003.0,False
gatifloxacin,7,DB01044,MESH:C078049,Bacterial pneumonia,MESH:D018410,C0004626,T047,53084003.0,False
gatifloxacin,7,DB01044,MESH:C078049,Pneumonia due to Mycoplasma pneumoniae,MESH:D011019,C0032302,T047,46970008.0,False
gliclazide,1,DB01120,MESH:D005907,Diabetes mellitus type 2,MESH:D003924,C0011860,T047,44054006.0,False
ranibizumab,1,DB01270,MESH:D000069579,Diabetic retinopathy,MESH:D003930,C0011884,T047,4855003.0,False
dimethyl fumarate,1,DB08908,MESH:D000069462,Relapsing remitting multiple sclerosis,MESH:D020529,C0751967,T047,426373005.0,False
evolocumab,1,DB09303,MESH:C577155,Hypercholesterolemia,MESH:D006937,C0020443,T047,13644009.0,False
pilsicainide,1,DB12712,MESH:C042288,Tachyarrhythmia,MESH:D013610,C0080203,T033,6285003.0,False
