drug_name,num_ind_dc,drugbank,drug_mesh,disease_name,disease_mesh,disease_umls,cui_semantic_type,snomed_conceptid,in_dmdb
ceftazidime,12,DB00438,MESH:D002442,Meningococcal meningitis,MESH:D008585,C0025294,T047,192644005.0,False
ceftazidime,12,DB00438,MESH:D002442,Streptococcus pyogenes infection,MESH:D013290,C0554628,T047,302809008.0,False
ceftazidime,12,DB00438,MESH:D002442,Rhinoscleroma,MESH:D012226,C0035468,T047,72409005.0,False
ceftazidime,12,DB00438,MESH:D002442,Infectious disease of abdomen,MESH:D059413,C1112209,T047,128070006.0,False
ceftazidime,12,DB00438,MESH:D002442,Endometritis,MESH:D004716,C0014179,T047,78623009.0,False
ceftazidime,12,DB00438,MESH:D002442,Bacterial meningitis,MESH:D016920,C0085437,T047,95883001.0,False
ceftazidime,12,DB00438,MESH:D002442,Bacterial pneumonia,MESH:D018410,C0004626,T047,53084003.0,False
ceftazidime,12,DB00438,MESH:D002442,Staphylococcal pneumonia,MESH:D011023,C0032308,T047,22754005.0,False
ceftazidime,12,DB00438,MESH:D002442,Infection due to Enterobacteriaceae,MESH:D004756,C0014347,T047,128945009.0,False
ceftazidime,12,DB00438,MESH:D002442,Infection due to Escherichia coli,MESH:D004927,C0014836,T047,71057007.0,False
ceftazidime,12,DB00438,MESH:D002442,Pneumonia due to Streptococcus,MESH:D011018,C0155862,T047,34020007.0,False
ceftazidime,12,DB00438,MESH:D002442,Infection due to Staphylococcus aureus,MESH:D013203,C1318973,T047,406602003.0,False
fluocinolone acetonide,11,"DB12553,DB00591",MESH:D005446,Contact dermatitis,MESH:D003877,C0011616,T047,40275004.0,False
fluocinolone acetonide,11,"DB12553,DB00591",MESH:D005446,Discoid lupus erythematosus,MESH:D008179,C0024138,T047,200938002.0,False
fluocinolone acetonide,11,"DB12553,DB00591",MESH:D005446,Seborrheic dermatitis,MESH:D012628,C0036508,T047,50563003.0,False
fluocinolone acetonide,11,"DB12553,DB00591",MESH:D005446,Granuloma annulare,MESH:D016460,C0085074,T047,65508009.0,False
fluocinolone acetonide,11,"DB12553,DB00591",MESH:D005446,Pruritus ani,MESH:D011538,C0033775,T184,90446007.0,False
fluocinolone acetonide,11,"DB12553,DB00591",MESH:D005446,Chloasma,MESH:D008548,C0025218,T047,36209000.0,False
fluocinolone acetonide,11,"DB12553,DB00591",MESH:D005446,Atopic dermatitis,MESH:D003876,C0011615,T047,24079001.0,False
fluocinolone acetonide,11,"DB12553,DB00591",MESH:D005446,Eruption of skin,MESH:D005076,C0015230,T047,271807003.0,False
fluocinolone acetonide,11,"DB12553,DB00591",MESH:D005446,Choroiditis,MESH:D002833,C0008526,T047,16553002.0,False
fluocinolone acetonide,11,"DB12553,DB00591",MESH:D005446,Primary cutaneous T-cell lymphoma,MESH:D016410,C0079773,T191,400122007.0,False
fluocinolone acetonide,11,"DB12553,DB00591",MESH:D005446,Lichen simplex chronicus,MESH:D009450,C0149922,T047,53891004.0,False
