drug_name,num_ind_dc,drugbank,drug_mesh,disease_name,disease_mesh,disease_umls,cui_semantic_type,snomed_conceptid,in_dmdb
oxyphencyclimine,1,DB00383,MESH:C100201,Peptic ulcer,MESH:D010437,C0030920,T047,13200003.0,False
propylthiouracil,2,DB00550,MESH:D011441,Hyperthyroidism,MESH:D006980,C0020550,T047,34486009.0,False
propylthiouracil,2,DB00550,MESH:D011441,Thyrotoxic crisis,MESH:D013958,C0040127,T047,29028009.0,False
carbamazepine,7,DB00564,MESH:D002220,Trigeminal neuralgia,MESH:D014277,C0040997,T047,31681005.0,False
carbamazepine,7,DB00564,MESH:D002220,Tonic-clonic epilepsy,MESH:D004830,C0014549,T047,352818000.0,False
carbamazepine,7,DB00564,MESH:D002220,Glossopharyngeal neuralgia,MESH:D020435,C0154731,T047,43763009.0,False
carbamazepine,7,DB00564,MESH:D002220,Simple partial seizure,MESH:D004828,C0234974,T047,117891000119100.0,False
carbamazepine,7,DB00564,MESH:D002220,Lennox-Gastaut syndrome,MESH:D065768,C0238111,T047,230418006.0,False
carbamazepine,7,DB00564,MESH:D002220,Tonic-clonic seizure,MESH:D012640,C0494475,T047,54200006.0,False
carbamazepine,7,DB00564,MESH:D002220,Epilepsy,MESH:D004827,C0014544,T047,84757009.0,False
butorphanol,2,DB00611,MESH:D002077,Labor pain,MESH:D048949,C0474368,T184,247412007.0,False
butorphanol,2,DB00611,MESH:D002077,Pain,MESH:D010146,C0030193,T184,22253000.0,False
dextropropoxyphene,1,"DB00647,DB09396","MESH:D011431,MESH:C084813",Pain,MESH:D010146,C0030193,T184,22253000.0,False
primaquine,1,DB01087,MESH:D011319,Vivax malaria,MESH:D016780,C0024537,T047,27052006.0,False
cilazapril,1,DB01340,"MESH:C045980,MESH:D017315",Hypertensive disorder,MESH:D006973,C0020538,T047,38341003.0,False
icatibant,1,DB06196,MESH:C065679,Hereditary angioneurotic edema,MESH:D054179,C0019243,T047,82966003.0,False
betaine,2,DB06756,MESH:D001622,Homocystinuria,MESH:D006712,C0019880,T047,11282001.0,False
betaine,2,DB06756,MESH:D001622,Cystitis,MESH:D003556,C0010692,T047,38822007.0,False
benzyl alcohol,1,DB06770,MESH:D019905,Itching of skin,MESH:D011537,C0033774,T184,418363000.0,False
limaprost,1,DB09211,"MESH:C525749,MESH:C025090,MESH:C059238",Thromboangiitis obliterans,MESH:D013919,C0040021,T047,52403007.0,False
