drug_name,num_ind_dc,drugbank,drug_mesh,disease_name,disease_mesh,disease_umls,cui_semantic_type,snomed_conceptid,in_dmdb
chlorambucil,3,DB00291,MESH:D002699,"Chronic lymphoid leukemia, disease",MESH:D015451,C0023434,T191,92814006.0,False
chlorambucil,3,DB00291,MESH:D002699,Follicular non-Hodgkin's lymphoma,MESH:D008224,C0024301,T191,308121000.0,False
chlorambucil,3,DB00291,MESH:D002699,Hodgkin's disease,MESH:D006689,C0019829,T191,118599009.0,False
cerivastatin,2,DB00439,MESH:C086276,Hypercholesterolemia,MESH:D006937,C0020443,T047,13644009.0,False
cerivastatin,2,DB00439,MESH:C086276,Mixed hyperlipidemia,MESH:D006950,C0020474,T047,267434003.0,False
dutasteride,1,DB01126,MESH:D000068538,Benign prostatic hyperplasia,MESH:D011470,C1739363,T047,266569009.0,False
cefonicid,5,DB01328,MESH:D015790,Infection due to Staphylococcus aureus,MESH:D013203,C1318973,T047,406602003.0,False
cefonicid,5,DB01328,MESH:D015790,Pneumonia,MESH:D011014,C0032285,T047,233604007.0,False
cefonicid,5,DB01328,MESH:D015790,Streptococcus pyogenes infection,MESH:D013290,C0554628,T047,302809008.0,False
cefonicid,5,DB01328,MESH:D015790,Urinary tract infectious disease,MESH:D014552,C0042029,T047,68566005.0,False
cefonicid,5,DB01328,MESH:D015790,Pneumonia due to Streptococcus,MESH:D011018,C0155862,T047,34020007.0,False
mestranol,2,DB01357,MESH:D008656,Menorrhagia,MESH:D008595,C0025323,T046,386692008.0,False
mestranol,2,DB01357,MESH:D008656,Endometriosis,MESH:D004715,C0014175,T047,129103003.0,False
calfactant,1,DB06415,MESH:C117342,Respiratory distress syndrome in the newborn,MESH:D012127,C0035220,T047,46775006.0,False
vedolizumab,2,DB09033,MESH:C543529,Crohn's disease,MESH:D003424,C0010346,T047,34000006.0,False
vedolizumab,2,DB09033,MESH:C543529,Ulcerative colitis,MESH:D003093,C0009324,T047,64766004.0,False
iproclozide,1,DB09247,MESH:C010474,Depressive disorder,MESH:D003866,C0011581,T048,35489007.0,False
secnidazole,3,DB12834,MESH:C016724,Infection by Trichomonas,MESH:D014245,C0040921,T047,56335008.0,False
secnidazole,3,DB12834,MESH:C016724,Giardiasis,MESH:D005873,C0017536,T047,58265007.0,False
secnidazole,3,DB12834,MESH:C016724,Bacterial vaginosis,MESH:D016585,C0085166,T047,419760006.0,False
