drug_name,num_ind_dc,drugbank,drug_mesh,disease_name,disease_mesh,disease_umls,cui_semantic_type,snomed_conceptid,in_dmdb
phentermine,2,DB00191,MESH:D010645,Low blood pressure,MESH:D007022,C0020649,T033,45007003.0,False
phentermine,2,DB00191,MESH:D010645,Obesity,MESH:D009765,C0028754,T047,414916001.0,False
pyrazinamide,2,DB00339,MESH:D011718,Tuberculosis of meninges,MESH:D014390,C0041318,T047,58437007.0,False
pyrazinamide,2,DB00339,MESH:D011718,Pulmonary tuberculosis,MESH:D014397,C0041327,T047,154283005.0,False
methoxamine,1,DB00723,MESH:D008729,Low blood pressure,MESH:D007022,C0020649,T033,45007003.0,False
mepacrine,1,DB01103,MESH:D011796,Giardiasis,MESH:D005873,C0017536,T047,58265007.0,False
golimumab,4,DB06674,MESH:C529000,Ulcerative colitis,MESH:D003093,C0009324,T047,64766004.0,False
golimumab,4,DB06674,MESH:C529000,Psoriasis with arthropathy,MESH:D015535,C0003872,T047,33339001.0,False
golimumab,4,DB06674,MESH:C529000,Rheumatoid arthritis,MESH:D001172,C0003873,T047,69896004.0,False
golimumab,4,DB06674,MESH:C529000,Ankylosing spondylitis,MESH:D013167,C0038013,T047,9631008.0,False
chloramphenicol succinate,2,"DB07565,DB00446",MESH:C026016,Salmonella infection,MESH:D012480,C0036117,T047,302231008.0,False
chloramphenicol succinate,2,"DB07565,DB00446",MESH:C026016,Typhoid fever,MESH:D014435,C0041466,T047,4834000.0,False
fingolimod,1,DB08868,MESH:D000068876,Relapsing remitting multiple sclerosis,MESH:D020529,C0751967,T047,426373005.0,False
pomalidomide,1,DB08910,MESH:C467566,Multiple myeloma,MESH:D009101,C0026764,T191,109989006.0,False
aliskiren,1,DB09026,MESH:C446481,Hypertensive disorder,MESH:D006973,C0020538,T047,38341003.0,False
benzoyl peroxide,7,DB09096,MESH:D001585,Pruritus ani,MESH:D011538,C0033775,T184,90446007.0,False
benzoyl peroxide,7,DB09096,MESH:D001585,Eruption of skin,MESH:D005076,C0015230,T047,271807003.0,False
benzoyl peroxide,7,DB09096,MESH:D001585,Granuloma annulare,MESH:D016460,C0085074,T047,65508009.0,False
benzoyl peroxide,7,DB09096,MESH:D001585,Acne vulgaris,MESH:D000152,C0001144,T047,88616000.0,False
benzoyl peroxide,7,DB09096,MESH:D001585,Atopic dermatitis,MESH:D003876,C0011615,T047,24079001.0,False
benzoyl peroxide,7,DB09096,MESH:D001585,Seborrheic dermatitis,MESH:D012628,C0036508,T047,50563003.0,False
benzoyl peroxide,7,DB09096,MESH:D001585,Contact dermatitis,MESH:D003877,C0011616,T047,40275004.0,False
durvalumab,1,DB11714,"MESH:C000599740,MESH:C000613593",Transitional cell carcinoma,MESH:D002295,C0007138,T191,27090000.0,False
