drug_name,num_ind_dc,drugbank,drug_mesh,disease_name,disease_mesh,disease_umls,cui_semantic_type,snomed_conceptid,in_dmdb
laronidase,1,DB00090,,"Mucopolysaccharidosis, MPS-I",MESH:D008059,C0023786,T047,75610003.0,False
lutein,3,DB00137,MESH:D014975,Age related macular degeneration,MESH:D008268,C0242383,T047,267718000.0,False
lutein,3,DB00137,MESH:D014975,Tear film insufficiency,MESH:D015352,C0013238,T047,46152009.0,False
lutein,3,DB00137,MESH:D014975,Meibomian gland dysfunction,MESH:D000080343,C1275684,T047,397549002.0,False
trospium,1,DB00209,MESH:C003330,Urge incontinence of urine,MESH:D053202,C0150045,T184,87557004.0,False
vinblastine,7,DB00570,MESH:D014747,Kaposi's sarcoma,MESH:D012514,C0036220,T191,109385007.0,False
vinblastine,7,DB00570,MESH:D014747,Mycosis fungoides,MESH:D009182,C0026948,T191,118618005.0,False
vinblastine,7,DB00570,MESH:D014747,Non-Hodgkin's lymphoma,MESH:D008228,C0024305,T191,118601006.0,False
vinblastine,7,DB00570,MESH:D014747,Malignant tumor of testis,MESH:D013736,C0153594,T191,363449006.0,False
vinblastine,7,DB00570,MESH:D014747,"Langerhans cell histiocytosis, disseminated",MESH:C538636,C0023381,T047,118614007.0,False
vinblastine,7,DB00570,MESH:D014747,Hodgkin's disease,MESH:D006689,C0019829,T191,118599009.0,False
vinblastine,7,DB00570,MESH:D014747,Gestational trophoblastic neoplasia,MESH:D031901,C1135868,T191,609519004.0,False
penicillamine,3,DB00859,MESH:D010396,Rheumatoid arthritis,MESH:D001172,C0003873,T047,69896004.0,False
penicillamine,3,DB00859,MESH:D010396,Wilson's disease,MESH:D006527,C0019202,T047,88518009.0,False
penicillamine,3,DB00859,MESH:D010396,Cystinuria,MESH:D003555,C0010691,T047,85020001.0,False
gabapentin enacarbil,2,"DB00996,DB08872",MESH:C493250,Postherpetic neuralgia,MESH:D051474,C0032768,T047,2177002.0,False
gabapentin enacarbil,2,"DB00996,DB08872",MESH:C493250,Restless legs,MESH:D012148,C0035258,T047,32914008.0,False
sunitinib,2,DB01268,MESH:C473478,Gastrointestinal stromal tumor,MESH:D046152,C0238198,T191,420120006.0,False
sunitinib,2,DB01268,MESH:C473478,Renal cell carcinoma,MESH:D002292,C0007134,T191,702391001.0,False
mecasermin,1,DB01277,MESH:C000604197,Laron-type isolated somatotropin defect,MESH:D046150,C0271568,T047,38196001.0,False
