drug_name,num_ind_dc,drugbank,drug_mesh,disease_name,disease_mesh,disease_umls,cui_semantic_type,snomed_conceptid,in_dmdb
bacampicillin,4,"DB00415,DB01602",MESH:C011674,Urinary tract infectious disease,MESH:D014552,C0042029,T047,68566005.0,False
bacampicillin,4,"DB00415,DB01602",MESH:C011674,Sinusitis,MESH:D012852,C0037199,T047,36971009.0,False
bacampicillin,4,"DB00415,DB01602",MESH:C011674,Gonorrhea,MESH:D006069,C0018081,T047,15628003.0,False
bacampicillin,4,"DB00415,DB01602",MESH:C011674,Pharyngitis,MESH:D010612,C0031350,T047,405737000.0,False
nalbuphine,2,DB00844,MESH:D009266,Pain,MESH:D010146,C0030193,T184,22253000.0,False
nalbuphine,2,DB00844,MESH:D009266,Labor pain,MESH:D048949,C0474368,T184,247412007.0,False
diphenhydramine,3,DB01075,MESH:D004155,Vasomotor rhinitis,MESH:D012223,C0035460,T047,8229003.0,False
diphenhydramine,3,DB01075,MESH:D004155,Seasonal allergic rhinitis,MESH:D006255,C0018621,T047,367498001.0,False
diphenhydramine,3,DB01075,MESH:D004155,Allergic conjunctivitis,MESH:D003233,C0009766,T047,473460002.0,False
paclitaxel,7,DB01229,"MESH:D017239,MESH:D000068196",Open-angle glaucoma,MESH:D005902,C0017612,T047,84494001.0,False
paclitaxel,7,DB01229,"MESH:D017239,MESH:D000068196",Malignant tumor of ovary,MESH:D010051,C1140680,T191,363443007.0,False
paclitaxel,7,DB01229,"MESH:D017239,MESH:D000068196",Ocular hypertension,MESH:D009798,C0028840,T047,4210003.0,False
paclitaxel,7,DB01229,"MESH:D017239,MESH:D000068196",Non-small cell lung cancer,MESH:D002289,C0007131,T191,254637007.0,False
paclitaxel,7,DB01229,"MESH:D017239,MESH:D000068196",Hypertensive disorder,MESH:D006973,C0020538,T047,38341003.0,False
paclitaxel,7,DB01229,"MESH:D017239,MESH:D000068196",Carcinoma of breast,MESH:D001943,C0678222,T191,254838004.0,False
paclitaxel,7,DB01229,"MESH:D017239,MESH:D000068196",Kaposi's sarcoma,MESH:D012514,C0036220,T191,109385007.0,False
mepolizumab,1,DB06612,MESH:C434107,Eosinophilic asthma,MESH:D011657,C1527407,T047,367542003.0,False
unoprostone isopropyl,2,DB06826,MESH:C072630,Open-angle glaucoma,MESH:D005902,C0017612,T047,84494001.0,False
unoprostone isopropyl,2,DB06826,MESH:C072630,Ocular hypertension,MESH:D009798,C0028840,T047,4210003.0,False
felbinac,2,DB07477,MESH:C012776,Pain,MESH:D010146,C0030193,T184,22253000.0,False
felbinac,2,DB07477,MESH:C012776,Osteoarthritis,MESH:D010003,C0029408,T047,396275006.0,False
vilanterol,4,DB09082,MESH:C550468,Chronic obstructive lung disease,MESH:D029424,C0024117,T047,13645005.0,False
vilanterol,4,DB09082,MESH:C550468,Pulmonary emphysema,MESH:D011656,C0034067,T047,87433001.0,False
vilanterol,4,DB09082,MESH:C550468,Chronic bronchitis,MESH:D029481,C0008677,T047,63480004.0,False
vilanterol,4,DB09082,MESH:C550468,Asthma,MESH:D001249,C0004096,T047,195967001.0,False
