drug_name,num_ind_dc,drugbank,drug_mesh,disease_name,disease_mesh,disease_umls,cui_semantic_type,snomed_conceptid,in_dmdb
calcium acetate,3,DB00258,MESH:C120662,Cardiac arrest,MESH:D006323,C0018790,T047,410429000.0,False
calcium acetate,3,DB00258,MESH:C120662,Hypocalcemia,MESH:D006996,C0020598,T046,5291005.0,False
calcium acetate,3,DB00258,MESH:C120662,Hyperkalemia,MESH:D006947,C0020461,T033,14140009.0,False
lidocaine,8,DB00281,MESH:D008012,Neuralgia,MESH:D009437,C0027796,T184,16269008.0,False
lidocaine,8,DB00281,MESH:D008012,Urethritis,MESH:D014526,C0041976,T047,31822004.0,False
lidocaine,8,DB00281,MESH:D008012,Hemorrhoids,MESH:D006484,C0019112,T020,70153002.0,False
lidocaine,8,DB00281,MESH:D008012,Postherpetic neuralgia,MESH:D051474,C0032768,T047,2177002.0,False
lidocaine,8,DB00281,MESH:D008012,Itching of skin,MESH:D011537,C0033774,T184,418363000.0,False
lidocaine,8,DB00281,MESH:D008012,Premature ejaculation,MESH:D061686,C0033038,T048,44001008.0,False
lidocaine,8,DB00281,MESH:D008012,Infestation by Sarcoptes scabiei var hominis,MESH:D012532,C0036262,T047,128869009.0,False
lidocaine,8,DB00281,MESH:D008012,Pruritus ani,MESH:D011538,C0033775,T184,90446007.0,False
nateglinide,1,DB00731,MESH:C060142,Diabetes mellitus type 2,MESH:D003924,C0011860,T047,44054006.0,False
pseudoephedrine,7,DB00852,MESH:D054199,Common cold,MESH:D003139,C0009443,T047,82272006.0,False
pseudoephedrine,7,DB00852,MESH:D054199,Allergic rhinitis,MESH:D065631,C2607914,T047,61582004.0,False
pseudoephedrine,7,DB00852,MESH:D054199,Vasomotor rhinitis,MESH:D012223,C0035460,T047,8229003.0,False
pseudoephedrine,7,DB00852,MESH:D054199,Seasonal allergic rhinitis,MESH:D006255,C0018621,T047,367498001.0,False
pseudoephedrine,7,DB00852,MESH:D054199,Allergic conjunctivitis,MESH:D003233,C0009766,T047,473460002.0,False
pseudoephedrine,7,DB00852,MESH:D054199,Rhinitis,MESH:D012220,C0035455,T047,70076002.0,False
pseudoephedrine,7,DB00852,MESH:D054199,Headache disorder,MESH:D020773,C0393735,T047,230461009.0,False
spirapril,1,DB01348,"MESH:C076884,MESH:C052555",Hypertensive disorder,MESH:D006973,C0020538,T047,38341003.0,False
