drug_name,num_ind_dc,drugbank,drug_mesh,disease_name,disease_mesh,disease_umls,cui_semantic_type,snomed_conceptid,in_dmdb
anagrelide,1,DB00261,MESH:C021139,Essential thrombocythemia,MESH:D013920,C0040028,T047,109994006.0,False
vindesine,3,DB00309,MESH:D014751,Malignant melanoma,MESH:D008545,C0025202,T191,372244006.0,False
vindesine,3,DB00309,MESH:D014751,Malignant tumor of lung,MESH:D008175,C0242379,T191,363358000.0,False
vindesine,3,DB00309,MESH:D014751,Chronic myeloid leukemia,MESH:D015464,C0023473,T191,92818009.0,False
capreomycin,1,DB00314,MESH:D002207,Pulmonary tuberculosis,MESH:D014397,C0041327,T047,154283005.0,False
ethambutol,1,DB00330,MESH:D004977,Pulmonary tuberculosis,MESH:D014397,C0041327,T047,154283005.0,False
treprostinil,1,DB00374,MESH:C427248,Pulmonary arterial hypertension,MESH:D000081029,C2973725,T047,11399002.0,False
estramustine,1,DB01196,MESH:D004961,Neoplasm of prostate,MESH:D011471,C0033578,T191,126906006.0,False
acenocoumarol,1,DB01418,MESH:D000074,Pulmonary embolism,MESH:D011655,C0034065,T047,59282003.0,False
testosterone propionate,4,"DB01420,DB00624",MESH:D043343,Undescended testicle,MESH:D003456,C0010417,T019,204878001.0,False
testosterone propionate,4,"DB01420,DB00624",MESH:D043343,Delayed puberty,MESH:D011628,C0034012,T046,400003000.0,False
testosterone propionate,4,"DB01420,DB00624",MESH:D043343,Male hypogonadism,MESH:D005058,C0151721,T047,48723006.0,False
testosterone propionate,4,"DB01420,DB00624",MESH:D043343,"Klinefelter's syndrome, XXY",MESH:D007713,C0022735,T019,405769009.0,False
oritavancin,2,DB04911,MESH:C100708,Staphylococcal infection of skin,MESH:D013207,C0038166,T047,402938009.0,False
oritavancin,2,DB04911,MESH:C100708,Bacterial infection of skin,MESH:D017192,C0162627,T047,128936008.0,False
etravirine,1,DB06414,MESH:C451734,Human immunodeficiency virus infection,MESH:D015658,C0019693,T047,86406008.0,False
canagliflozin,1,DB08907,MESH:D000068896,Diabetes mellitus type 2,MESH:D003924,C0011860,T047,44054006.0,False
idelalisib,2,DB09054,MESH:C552946,Follicular non-Hodgkin's lymphoma,MESH:D008224,C0024301,T191,308121000.0,False
idelalisib,2,DB09054,MESH:C552946,"Chronic lymphoid leukemia, disease",MESH:D015451,C0023434,T191,92814006.0,False
olaparib,1,DB09074,MESH:C531550,Malignant tumor of ovary,MESH:D010051,C1140680,T191,363443007.0,False
lumacaftor,1,DB09280,MESH:C569105,Cystic fibrosis of the lung,MESH:D003550,C0392164,T047,86555001.0,False
