drug_name,num_ind_dc,drugbank,drug_mesh,disease_name,disease_mesh,disease_umls,cui_semantic_type,snomed_conceptid,in_dmdb
chlordiazepoxide,4,DB00475,MESH:D002707,Irritable bowel syndrome,MESH:D043183,C0022104,T047,10743008.0,False
chlordiazepoxide,4,DB00475,MESH:D002707,Peptic ulcer,MESH:D010437,C0030920,T047,13200003.0,False
chlordiazepoxide,4,DB00475,MESH:D002707,Anxiety,MESH:D001007,C0003467,T041,48694002.0,False
chlordiazepoxide,4,DB00475,MESH:D002707,Alcohol withdrawal delirium,MESH:D000430,C0001957,T047,8635005.0,False
lisinopril,2,DB00722,MESH:D017706,Myocardial infarction,MESH:D009203,C0027051,T047,22298006.0,False
lisinopril,2,DB00722,MESH:D017706,Hypertensive disorder,MESH:D006973,C0020538,T047,38341003.0,False
temozolomide,1,DB00853,MESH:C047246,"Astrocytoma, anaplastic",MESH:D001254,C0334579,T191,55353007.0,False
mezlocillin,5,DB00948,MESH:D008802,Gonorrhea,MESH:D006069,C0018081,T047,15628003.0,False
mezlocillin,5,DB00948,MESH:D008802,Aspiration pneumonia,MESH:D011015,C0032290,T047,422588002.0,False
mezlocillin,5,DB00948,MESH:D008802,Bacterial infection due to Serratia,MESH:D016868,C0085394,T047,71120004.0,False
mezlocillin,5,DB00948,MESH:D008802,Infectious disease of abdomen,MESH:D059413,C1112209,T047,128070006.0,False
mezlocillin,5,DB00948,MESH:D008802,Urinary tract infectious disease,MESH:D014552,C0042029,T047,68566005.0,False
ezetimibe,4,DB00973,MESH:D000069438,Hypercholesterolemia,MESH:D006937,C0020443,T047,13644009.0,False
ezetimibe,4,DB00973,MESH:D000069438,Mixed hyperlipidemia,MESH:D006950,C0020474,T047,267434003.0,False
ezetimibe,4,DB00973,MESH:D000069438,Hyperlipidemia,MESH:D006949,C0020473,T047,55822004.0,False
ezetimibe,4,DB00973,MESH:D000069438,Sitosterolemia,MESH:C537345,C0342907,T046,238104009.0,False
brinzolamide,2,DB01194,MESH:C111827,Ocular hypertension,MESH:D009798,C0028840,T047,4210003.0,False
brinzolamide,2,DB01194,MESH:C111827,Open-angle glaucoma,MESH:D005902,C0017612,T047,84494001.0,False
buformin,1,DB04830,MESH:D002026,Diabetes mellitus type 2,MESH:D003924,C0011860,T047,44054006.0,False
nifurtimox,1,DB11820,MESH:D009547,Infection by Trypanosoma cruzi,MESH:D014355,C0041234,T047,77506005.0,False
