drug_name,num_ind_dc,drugbank,drug_mesh,disease_name,disease_mesh,disease_umls,cui_semantic_type,snomed_conceptid,in_dmdb
cetuximab,1,DB00002,MESH:D000068818,Malignant tumor of colon,MESH:D003110,C0007102,T191,363406005.0,False
calcifediol,4,DB00146,MESH:D002112,Renal osteodystrophy,MESH:D012080,C0035086,T047,16726004.0,False
calcifediol,4,DB00146,MESH:D002112,Hypocalcemia,MESH:D006996,C0020598,T046,5291005.0,False
calcifediol,4,DB00146,MESH:D002112,Hypophosphatemia,MESH:D017674,C0085682,T046,4996001.0,False
calcifediol,4,DB00146,MESH:D002112,Rickets,MESH:D012279,C0035579,T047,41345002.0,False
idoxuridine,1,DB00249,MESH:D007065,Herpes simplex keratitis,MESH:D016849,C0019357,T047,9389005.0,False
stavudine,1,DB00649,MESH:D018119,Human immunodeficiency virus infection,MESH:D015658,C0019693,T047,86406008.0,False
mecamylamine,1,DB00657,MESH:D008464,Hypertensive disorder,MESH:D006973,C0020538,T047,38341003.0,False
daunorubicin,5,DB00694,MESH:D003630,"Erythroleukemia, FAB M6",MESH:D004915,C0023440,T191,93451002.0,False
daunorubicin,5,DB00694,MESH:D003630,"Acute myeloid leukemia, disease",MESH:D015470,C0023467,T191,91861009.0,False
daunorubicin,5,DB00694,MESH:D003630,Acute monocytic/monoblastic leukemia,MESH:D007948,C0023465,T191,413442004.0,False
daunorubicin,5,DB00694,MESH:D003630,"Acute promyelocytic leukemia, FAB M3",MESH:D015473,C0023487,T191,110004001.0,False
daunorubicin,5,DB00694,MESH:D003630,Kaposi's sarcoma,MESH:D012514,C0036220,T191,109385007.0,False
risedronic acid,3,DB00884,MESH:D000068296,Postmenopausal osteoporosis,MESH:D015663,C0029458,T047,102447009.0,False
risedronic acid,3,DB00884,MESH:D000068296,Osteoporosis,MESH:D010024,C0029456,T047,64859006.0,False
risedronic acid,3,DB00884,MESH:D000068296,Osteitis deformans,MESH:D010001,C0029401,T047,2089002.0,False
methyldopa,1,DB00968,MESH:D008750,Hypertensive disorder,MESH:D006973,C0020538,T047,38341003.0,False
dinutuximab,1,DB09077,,Neuroblastoma,MESH:D009447,C0027819,T191,432328008.0,False
sodium aurothiomalate,2,DB09276,MESH:D006052,Rheumatoid arthritis,MESH:D001172,C0003873,T047,69896004.0,False
sodium aurothiomalate,2,DB09276,MESH:D006052,Juvenile rheumatoid arthritis,MESH:D001171,C3495559,T047,410795001.0,False
vinpocetine,1,DB12131,MESH:C013983,Dementia,MESH:D003704,C0497327,T048,52448006.0,False
