drug_name,num_ind_dc,drugbank,drug_mesh,disease_name,disease_mesh,disease_umls,cui_semantic_type,snomed_conceptid,in_dmdb
metoprolol,4,DB00264,MESH:D008790,Hypertensive disorder,MESH:D006973,C0020538,T047,38341003.0,False
metoprolol,4,DB00264,MESH:D008790,Myocardial infarction,MESH:D009203,C0027051,T047,22298006.0,False
metoprolol,4,DB00264,MESH:D008790,Acute coronary syndrome,MESH:D054058,C0948089,T047,394659003.0,False
metoprolol,4,DB00264,MESH:D008790,Angina pectoris,MESH:D000787,C0002962,T033,194828000.0,False
chlorphenamine,8,DB01114,MESH:D002744,Common cold,MESH:D003139,C0009443,T047,82272006.0,False
chlorphenamine,8,DB01114,MESH:D002744,Allergic rhinitis,MESH:D065631,C2607914,T047,61582004.0,False
chlorphenamine,8,DB01114,MESH:D002744,Urticaria,MESH:D014581,C0042109,T047,126485001.0,False
chlorphenamine,8,DB01114,MESH:D002744,Vasomotor rhinitis,MESH:D012223,C0035460,T047,8229003.0,False
chlorphenamine,8,DB01114,MESH:D002744,Itching of skin,MESH:D011537,C0033774,T184,418363000.0,False
chlorphenamine,8,DB01114,MESH:D002744,Allergic conjunctivitis,MESH:D003233,C0009766,T047,473460002.0,False
chlorphenamine,8,DB01114,MESH:D002744,Sneezing,MESH:D012912,C0037383,T033,76067001.0,False
chlorphenamine,8,DB01114,MESH:D002744,Seasonal allergic rhinitis,MESH:D006255,C0018621,T047,367498001.0,False
neostigmine,2,DB01400,MESH:D009388,Myasthenia gravis,MESH:D009157,C0026896,T047,91637004.0,False
neostigmine,2,DB01400,MESH:D009388,Retention of urine,MESH:D016055,C0080274,T033,267064002.0,False
cabozantinib,2,DB08875,MESH:C558660,Renal cell carcinoma,MESH:D002292,C0007134,T191,702391001.0,False
cabozantinib,2,DB08875,MESH:C558660,Medullary thyroid carcinoma,MESH:C536914,C0238462,T191,255032005.0,False
perazine,6,DB12710,MESH:D010464,Nausea,MESH:D009325,C0027497,T184,422587007.0,False
perazine,6,DB12710,MESH:D010464,Vomiting,MESH:D014839,C0042963,T184,422400008.0,False
perazine,6,DB12710,MESH:D010464,Enterobiasis,MESH:D017229,C0086227,T047,266162007.0,False
perazine,6,DB12710,MESH:D010464,Anxiety,MESH:D001007,C0003467,T041,48694002.0,False
perazine,6,DB12710,MESH:D010464,Ascariasis,MESH:D001196,C0003950,T047,2435008.0,False
perazine,6,DB12710,MESH:D010464,Schizophrenia,MESH:D012559,C0036341,T048,58214004.0,False
