drug_name,num_ind_dc,drugbank,drug_mesh,disease_name,disease_mesh,disease_umls,cui_semantic_type,snomed_conceptid,in_dmdb
methylphenidate,2,DB00422,MESH:D008774,Attention deficit hyperactivity disorder,MESH:D001289,C1263846,T048,406506008.0,False
methylphenidate,2,DB00422,MESH:D008774,Narcolepsy,MESH:D009290,C0027404,T047,60380001.0,False
imiquimod,3,DB00724,MESH:C056493,Verruca,MESH:D014860,C0043037,T047,30285000.0,False
imiquimod,3,DB00724,MESH:C056493,Condyloma acuminatum,MESH:D003218,C0009663,T047,240542006.0,False
imiquimod,3,DB00724,MESH:C056493,Actinic keratosis,MESH:D055623,C0022602,T191,201101007.0,False
chlorothiazide,2,DB00880,MESH:D002740,Edema,MESH:D004487,C0013604,T046,267038008.0,False
chlorothiazide,2,DB00880,MESH:D002740,Hypertensive disorder,MESH:D006973,C0020538,T047,38341003.0,False
cromoglicic acid,4,DB01003,MESH:D004205,Asthma,MESH:D001249,C0004096,T047,195967001.0,False
cromoglicic acid,4,DB01003,MESH:D004205,Systemic mast cell disease,MESH:D034721,C0221013,T047,397016004.0,False
cromoglicic acid,4,DB01003,MESH:D004205,Allergic rhinitis,MESH:D065631,C2607914,T047,61582004.0,False
cromoglicic acid,4,DB01003,MESH:D004205,Giant papillary conjunctivitis,MESH:D003233,C0009769,T047,231857004.0,False
podophyllotoxin,1,DB01179,MESH:D011034,Condyloma acuminatum,MESH:D003218,C0009663,T047,240542006.0,False
chlorprothixene,1,DB01239,MESH:D002749,Schizophrenia,MESH:D012559,C0036341,T048,58214004.0,False
nicotinamide,2,DB02701,MESH:D009536,Acne vulgaris,MESH:D000152,C0001144,T047,88616000.0,False
nicotinamide,2,DB02701,MESH:D009536,Pellagra,MESH:D010383,C0030783,T047,418186002.0,False
ecabet,1,DB05265,MESH:C061681,Peptic ulcer,MESH:D010437,C0030920,T047,13200003.0,False
teriparatide,1,DB06285,MESH:D019379,Postmenopausal osteoporosis,MESH:D015663,C0029458,T047,102447009.0,False
vorapaxar,1,DB09030,MESH:C530299,Cerebrovascular accident,MESH:D020521,C0038454,T047,230690007.0,False
mirodenafil,1,DB11792,"MESH:C528396,MESH:C518762",Impotence,MESH:D007172,C0242350,T047,397803000.0,False
luseogliflozin,1,DB12214,MESH:C549343,Diabetes mellitus type 2,MESH:D003924,C0011860,T047,44054006.0,False
