drug_name,num_ind_dc,drugbank,drug_mesh,disease_name,disease_mesh,disease_umls,cui_semantic_type,snomed_conceptid,in_dmdb
bosentan,3,DB00559,MESH:C086232,Systemic sclerosis,MESH:D012594,C0011644,T047,89155008.0,False
bosentan,3,DB00559,MESH:C086232,Pulmonary hypertension,MESH:D006976,C0020542,T047,70995007.0,False
bosentan,3,DB00559,MESH:C086232,Pulmonary arterial hypertension,MESH:D000081029,C2973725,T047,11399002.0,False
testosterone,7,DB00624,MESH:D013739,Hypopituitarism,MESH:D007018,C0020635,T047,74728003.0,False
testosterone,7,DB00624,MESH:D013739,Delayed puberty,MESH:D011628,C0034012,T046,400003000.0,False
testosterone,7,DB00624,MESH:D013739,Hypogonadotropic hypogonadism,MESH:D007006,C0271623,T047,33927004.0,False
testosterone enantate,7,DB00624,MESH:C004648,Male hypogonadism,MESH:D005058,C0151721,T047,48723006.0,False
testosterone enantate,7,DB00624,MESH:C004648,"Klinefelter's syndrome, XXY",MESH:D007713,C0022735,T019,405769009.0,False
testosterone,7,DB00624,MESH:D013739,Undescended testicle,MESH:D003456,C0010417,T019,204878001.0,False
testosterone cypionate,7,DB00624,,Menopausal flushing,MESH:D019584,C0600142,T184,198436008.0,False
butoconazole,1,DB00639,MESH:C017125,Candidal vulvovaginitis,MESH:D002181,C0700345,T047,72605008.0,False
diethylcarbamazine,4,DB00711,MESH:D004049,Infection by Loa loa,MESH:D008118,C0023968,T047,44250009.0,False
diethylcarbamazine,4,DB00711,MESH:D004049,Eosinophilic asthma,MESH:D011657,C1527407,T047,367542003.0,False
diethylcarbamazine,4,DB00711,MESH:D004049,Infection by Onchocerca volvulus,MESH:D009855,C0029001,T047,38539003.0,False
diethylcarbamazine,4,DB00711,MESH:D004049,Lymphatic filariasis,MESH:D004604,C0013882,T047,240820001.0,False
zalcitabine,1,DB00943,MESH:D016047,Human immunodeficiency virus infection,MESH:D015658,C0019693,T047,86406008.0,False
ethyl loflazepate,2,DB01545,"MESH:C040581,MESH:C029617",Depressive disorder,MESH:D003866,C0011581,T048,35489007.0,False
ethyl loflazepate,2,DB01545,"MESH:C040581,MESH:C029617",Anxiety,MESH:D001007,C0003467,T041,48694002.0,False
gluconolactone,1,DB04564,,Urinary bladder stone,MESH:D001744,C0005683,T047,70650003.0,False
glibornuride,1,DB08962,MESH:C073323,Diabetes mellitus type 2,MESH:D003924,C0011860,T047,44054006.0,False
