drug_name,num_ind_dc,drugbank,drug_mesh,disease_name,disease_mesh,disease_umls,cui_semantic_type,snomed_conceptid,in_dmdb
etanercept,4,DB00005,MESH:D000068800,Rheumatoid arthritis,MESH:D001172,C0003873,T047,69896004.0,False
etanercept,4,DB00005,MESH:D000068800,Juvenile idiopathic arthritis,MESH:D001171,C3495559,T047,410502007.0,False
etanercept,4,DB00005,MESH:D000068800,Psoriasis with arthropathy,MESH:D015535,C0003872,T047,33339001.0,False
etanercept,4,DB00005,MESH:D000068800,Ankylosing spondylitis,MESH:D013167,C0038013,T047,9631008.0,False
cycloserine,1,DB00260,MESH:D003523,Pulmonary tuberculosis,MESH:D014397,C0041327,T047,154283005.0,False
amitriptyline,1,DB00321,MESH:D000639,Depressive disorder,MESH:D003866,C0011581,T048,35489007.0,False
trifluoperazine,2,DB00831,MESH:D014268,Schizophrenia,MESH:D012559,C0036341,T048,58214004.0,False
trifluoperazine,2,DB00831,MESH:D014268,Anxiety,MESH:D001007,C0003467,T041,48694002.0,False
glymidine,1,DB01382,MESH:C073263,Diabetes mellitus type 2,MESH:D003924,C0011860,T047,44054006.0,False
nicotinyl alcohol,3,DB04145,MESH:D009540,Pellagra,MESH:D010383,C0030783,T047,418186002.0,False
nicotinyl alcohol,3,DB04145,MESH:D009540,Ménière's disease,MESH:D008575,C0025281,T047,13445001.0,False
nicotinyl alcohol,3,DB04145,MESH:D009540,Hyperlipidemia,MESH:D006949,C0020473,T047,55822004.0,False
doripenem,4,DB06211,MESH:C099245,Pyelonephritis,MESH:D011704,C0034186,T047,45816000.0,False
doripenem,4,DB06211,MESH:C099245,Infectious disease of abdomen,MESH:D059413,C1112209,T047,128070006.0,False
doripenem,4,DB06211,MESH:C099245,Abdominal abscess,MESH:D018784,C0243001,T047,75100008.0,False
doripenem,4,DB06211,MESH:C099245,Cholecystitis,MESH:D002764,C0008325,T047,76581006.0,False
elotuzumab,1,DB06317,MESH:C546027,Multiple myeloma,MESH:D009101,C0026764,T191,109989006.0,False
enviomycin,1,DB08993,MESH:D004776,Pulmonary tuberculosis,MESH:D014397,C0041327,T047,154283005.0,False
enalapril,2,"DB09477,DB00584",MESH:D004656,Hypertensive disorder,MESH:D006973,C0020538,T047,38341003.0,False
enalapril,2,"DB09477,DB00584",MESH:D004656,Congestive heart failure,MESH:D006333,C0018802,T047,42343007.0,False
