drug_name,num_ind_dc,drugbank,drug_mesh,disease_name,disease_mesh,disease_umls,cui_semantic_type,snomed_conceptid,in_dmdb
codeine,10,DB00318,MESH:D003061,Sneezing,MESH:D012912,C0037383,T033,76067001.0,False
codeine,10,DB00318,MESH:D003061,Allergic rhinitis,MESH:D065631,C2607914,T047,61582004.0,False
codeine,10,DB00318,MESH:D003061,Tension-type headache,MESH:D018781,C0033893,T047,398057008.0,False
codeine,10,DB00318,MESH:D003061,Headache disorder,MESH:D020773,C0393735,T047,230461009.0,False
codeine,10,DB00318,MESH:D003061,Rhinitis,MESH:D012220,C0035455,T047,70076002.0,False
codeine,10,DB00318,MESH:D003061,Pain,MESH:D010146,C0030193,T184,22253000.0,False
codeine,10,DB00318,MESH:D003061,Fever,MESH:D005334,C0015967,T033,386661006.0,False
codeine,10,DB00318,MESH:D003061,Common cold,MESH:D003139,C0009443,T047,82272006.0,False
codeine,10,DB00318,MESH:D003061,Cough,MESH:D003371,C0010200,T184,49727002.0,False
codeine,10,DB00318,MESH:D003061,Sore throat symptom,MESH:D010612,C0242429,T184,267102003.0,False
mephenytoin,2,DB00532,MESH:D008617,Epilepsy,MESH:D004827,C0014544,T047,84757009.0,False
mephenytoin,2,DB00532,MESH:D008617,Localization-related epilepsy,MESH:D004828,C0014547,T047,230381009.0,False
bumetanide,1,DB00887,MESH:D002034,Edema,MESH:D004487,C0013604,T046,267038008.0,False
orlistat,1,DB01083,MESH:C055122,Obesity,MESH:D009765,C0028754,T047,414916001.0,False
idarubicin,2,DB01177,MESH:D015255,"Acute myeloid leukemia, disease",MESH:D015470,C0023467,T191,91861009.0,False
idarubicin,2,DB01177,MESH:D015255,"Acute promyelocytic leukemia, FAB M3",MESH:D015473,C0023487,T191,110004001.0,False
levetiracetam,1,DB01202,MESH:C026098,Simple partial seizure,MESH:D004828,C0234974,T047,117891000119100.0,False
sofosbuvir,1,DB08934,MESH:D000069474,Chronic hepatitis C,MESH:D019698,C0524910,T047,128302006.0,False
aranidipine,1,DB09229,MESH:C059427,Hypertensive disorder,MESH:D006973,C0020538,T047,38341003.0,False
insulin degludec,1,DB09564,MESH:C571886,Diabetes mellitus,MESH:D003920,C0011849,T047,73211009.0,False
sebelipase alfa,1,DB11563,MESH:C000603932,Wolman's disease,MESH:D015223,C0043208,T047,82500001.0,False
