drug_name,num_ind_dc,drugbank,drug_mesh,disease_name,disease_mesh,disease_umls,cui_semantic_type,snomed_conceptid,in_dmdb
interferon alfa-2b,7,DB00105,MESH:C554127,Hairy cell leukemia,MESH:D007943,C0023443,T191,118613001.0,False
interferon alfa-2b,7,DB00105,MESH:C554127,Malignant melanoma,MESH:D008545,C0025202,T191,372244006.0,False
interferon alfa-2b,7,DB00105,MESH:C554127,Follicular lymphoma,MESH:D008224,C0024301,T191,55150002.0,False
interferon alfa-2b,7,DB00105,MESH:C554127,Condyloma acuminatum,MESH:D003218,C0009663,T047,240542006.0,False
interferon alfa-2b,7,DB00105,MESH:C554127,Kaposi's sarcoma associated with AIDS,MESH:C554498,C0276535,T191,420524008.0,False
interferon alfa-2b,7,DB00105,MESH:C554127,Chronic hepatitis C,MESH:D019698,C0524910,T047,128302006.0,False
interferon alfa-2b,7,DB00105,MESH:C554127,Chronic type B viral hepatitis,MESH:D019694,C0524909,T047,61977001.0,False
valsartan,1,DB00177,MESH:D000068756,Hypertensive disorder,MESH:D006973,C0020538,T047,38341003.0,False
anidulafungin,1,DB00362,MESH:C102786,Candidemia,MESH:D058387,C0877445,T047,432261003.0,False
acetyldigitoxin,2,DB00511,MESH:D000112,Atrial fibrillation,MESH:D001281,C0004238,T047,49436004.0,False
acetyldigitoxin,2,DB00511,MESH:D000112,Congestive heart failure,MESH:D006333,C0018802,T047,42343007.0,False
zanamivir,1,DB00558,MESH:D053243,Influenza,MESH:D007251,C0021400,T047,6142004.0,False
bendamustine,2,DB06769,MESH:D000069461,"Chronic lymphoid leukemia, disease",MESH:D015451,C0023434,T191,92814006.0,False
bendamustine,2,DB06769,MESH:D000069461,Follicular non-Hodgkin's lymphoma,MESH:D008224,C0024301,T191,308121000.0,False
dimercaprol,1,DB06782,MESH:D004112,Toxic effect of arsenic AND/OR its compounds,MESH:D020261,C0311375,T037,81844008.0,False
ivabradine,1,DB09083,MESH:C088408,Angina pectoris,MESH:D000787,C0002962,T033,194828000.0,False
stiripentol,1,DB09118,MESH:C021092,Myoclonic seizure,MESH:D004831,C0014550,T047,37356005.0,False
sodium glycerophosphate,1,DB09561,MESH:C029620,Hypophosphatemia,MESH:D017674,C0085682,T046,4996001.0,False
guaiacol,3,DB11359,MESH:D006139,Cough,MESH:D003371,C0010200,T184,49727002.0,False
guaiacol,3,DB11359,MESH:D006139,Rhinitis,MESH:D012220,C0035455,T047,70076002.0,False
guaiacol,3,DB11359,MESH:D006139,Common cold,MESH:D003139,C0009443,T047,82272006.0,False
neridronic acid,2,DB11620,MESH:C053389,Humoral hypercalcemia of malignancy,MESH:C562390,C0149911,T047,47709007.0,False
neridronic acid,2,DB11620,MESH:C053389,Osteoporosis,MESH:D010024,C0029456,T047,64859006.0,False
