drug_name,num_ind_dc,drugbank,drug_mesh,disease_name,disease_mesh,disease_umls,cui_semantic_type,snomed_conceptid,in_dmdb
indomethacin,10,DB00328,MESH:D007213,Tenosynovitis,MESH:D013717,C0039520,T047,67801009.0,False
indomethacin,10,DB00328,MESH:D007213,Bursitis,MESH:D002062,C0006444,T047,84017003.0,False
indomethacin,10,DB00328,MESH:D007213,Rheumatoid arthritis,MESH:D001172,C0003873,T047,69896004.0,False
indomethacin,10,DB00328,MESH:D007213,Ankylosing spondylitis,MESH:D013167,C0038013,T047,9631008.0,False
indomethacin,10,DB00328,MESH:D007213,Gout,MESH:D006073,C0018099,T047,90560007.0,False
indomethacin,10,DB00328,MESH:D007213,Tendinitis,MESH:D052256,C0039503,T047,34840004.0,False
acemetacin,10,DB00328,"MESH:C519896,MESH:C026784",Rheumatism,MESH:D012216,C0035435,T047,396332003.0,False
indomethacin,10,DB00328,MESH:D007213,Patent ductus arteriosus,MESH:D004374,C0013274,T019,83330001.0,False
indomethacin,10,DB00328,MESH:D007213,Synovitis,MESH:D013585,C0039103,T047,416209007.0,False
indomethacin,10,DB00328,MESH:D007213,Osteoarthritis,MESH:D010003,C0029408,T047,396275006.0,False
clobazam,1,DB00349,MESH:C012255,Lennox-Gastaut syndrome,MESH:D065768,C0238111,T047,230418006.0,False
dobutamine,1,DB00841,MESH:D004280,Cardiogenic shock,MESH:D012770,C0036980,T046,89138009.0,False
dorzolamide,2,DB00869,MESH:C062765,Open-angle glaucoma,MESH:D005902,C0017612,T047,84494001.0,False
dorzolamide,2,DB00869,MESH:C062765,Ocular hypertension,MESH:D009798,C0028840,T047,4210003.0,False
ceritinib,1,DB09063,MESH:C586847,Non-small cell lung cancer,MESH:D002289,C0007131,T191,254637007.0,False
benzathine benzylpenicillin,4,"DB09323,DB01053",MESH:D010401,Pneumococcal pneumonia,MESH:D011018,C0155862,T047,233607000.0,False
benzathine benzylpenicillin,4,"DB09323,DB01053",MESH:D010401,Erysipelas,MESH:D004886,C0014733,T047,44653001.0,False
benzathine benzylpenicillin,4,"DB09323,DB01053",MESH:D010401,Streptococcus pyogenes infection,MESH:D013290,C0554628,T047,302809008.0,False
benzathine benzylpenicillin,4,"DB09323,DB01053",MESH:D010401,Scarlet fever,MESH:D012541,C0036285,T047,30242009.0,False
velpatasvir,1,DB11613,MESH:C000604171,Chronic hepatitis C,MESH:D019698,C0524910,T047,128302006.0,False
