drug_name,num_ind_dc,drugbank,drug_mesh,disease_name,disease_mesh,disease_umls,cui_semantic_type,snomed_conceptid,in_dmdb
pravastatin,6,DB00175,MESH:D017035,Arteriosclerotic vascular disease,MESH:D001161,C0003850,T047,72092001.0,False
pravastatin,6,DB00175,MESH:D017035,Cerebrovascular accident,MESH:D020521,C0038454,T047,230690007.0,False
pravastatin,6,DB00175,MESH:D017035,Familial type 3 hyperlipoproteinemia,MESH:D006952,C0020479,T047,398796005.0,False
pravastatin,6,DB00175,MESH:D017035,Mixed hyperlipidemia,MESH:D006950,C0020474,T047,267434003.0,False
pravastatin,6,DB00175,MESH:D017035,Hypertriglyceridemia,MESH:D015228,C0020557,T033,302870006.0,False
pravastatin,6,DB00175,MESH:D017035,Hypercholesterolemia,MESH:D006937,C0020443,T047,13644009.0,False
bupivacaine,1,DB00297,"MESH:D002045,MESH:C472824",Itching of skin,MESH:D011537,C0033774,T184,418363000.0,False
dihydroergotamine,3,DB00320,MESH:D004087,Cluster headache syndrome,MESH:D003027,C0009088,T047,193031009.0,False
dihydroergotamine,3,DB00320,MESH:D004087,Vascular headache,MESH:D014653,C0042376,T047,128187005.0,False
dihydroergotamine,3,DB00320,MESH:D004087,Migraine,MESH:D008881,C0149931,T047,37796009.0,False
leucovorin,2,DB00650,MESH:D002955,Megaloblastic anemia,MESH:D000749,C0002888,T047,53165003.0,False
leucovorin,2,DB00650,MESH:D002955,Folic acid deficiency,MESH:D005494,C0016412,T047,190633005.0,False
pemirolast,3,DB00885,MESH:C055139,Allergic rhinitis,MESH:D065631,C2607914,T047,61582004.0,False
pemirolast,3,DB00885,MESH:C055139,Allergic conjunctivitis,MESH:D003233,C0009766,T047,473460002.0,False
pemirolast,3,DB00885,MESH:C055139,Asthma,MESH:D001249,C0004096,T047,195967001.0,False
salbutamol,1,DB01001,MESH:D000420,Bronchospasm,MESH:D001986,C0006266,T047,4386001.0,False
heparin,3,DB01109,MESH:D006493,Disseminated intravascular coagulation,MESH:D004211,C0012739,T047,67406007.0,False
heparin,3,DB01109,MESH:D006493,Deep venous thrombosis,MESH:D020246,C0149871,T047,128053003.0,False
heparin,3,DB01109,MESH:D006493,Pulmonary thromboembolism,MESH:D011655,C0524702,T047,233935004.0,False
ruxolitinib,2,DB08877,MESH:C540383,Myeloproliferative disorder,MESH:D009196,C0027022,T191,425333006.0,False
ruxolitinib,2,DB08877,MESH:C540383,Polycythemia vera,MESH:D011087,C0032463,T191,109992005.0,False
gimeracil,1,DB09257,MESH:C104201,Malignant tumor of stomach,MESH:D013274,C0024623,T191,363349007.0,False
laninamivir octanoate hydrate,1,"DB12791,DB11888",MESH:C546918,Influenza,MESH:D007251,C0021400,T047,6142004.0,False
