drug_name,num_ind_dc,drugbank,drug_mesh,disease_name,disease_mesh,disease_umls,cui_semantic_type,snomed_conceptid,in_dmdb
tranexamic acid,2,DB00302,MESH:D014148,Endometriosis,MESH:D004715,C0014175,T047,129103003.0,False
tranexamic acid,2,DB00302,MESH:D014148,Menorrhagia,MESH:D008595,C0025323,T046,386692008.0,False
trimethadione,2,DB00347,MESH:D014293,Epilepsy,MESH:D004827,C0014544,T047,84757009.0,False
trimethadione,2,DB00347,MESH:D014293,Absence seizure,MESH:D004832,C0014553,T047,79631006.0,False
epinephrine,8,DB00668,MESH:D004837,Open-angle glaucoma,MESH:D005902,C0017612,T047,84494001.0,False
epinephrine,8,DB00668,MESH:D004837,Anaphylaxis,MESH:D000707,C0002792,T046,39579001.0,False
epinephrine,8,DB00668,MESH:D004837,Low blood pressure,MESH:D007022,C0020649,T033,45007003.0,False
epinephrine,8,DB00668,MESH:D004837,Bronchiectasis,MESH:D001987,C0006267,T047,12295008.0,False
epinephrine,8,DB00668,MESH:D004837,Bronchitis,MESH:D001991,C0006277,T047,32398004.0,False
epinephrine,8,DB00668,MESH:D004837,Pulmonary emphysema,MESH:D011656,C0034067,T047,87433001.0,False
epinephrine,8,DB00668,MESH:D004837,Wheezing,MESH:D012135,C0043144,T184,56018004.0,False
epinephrine,8,DB00668,MESH:D004837,Dyspnea,MESH:D004417,C0013404,T184,267036007.0,False
colesevelam,1,DB00930,MESH:D000069472,Hypercholesterolemia,MESH:D006937,C0020443,T047,13644009.0,False
selegiline,2,DB01037,MESH:D012642,Parkinson's disease,MESH:D010300,C0030567,T047,49049000.0,False
selegiline,2,DB01037,MESH:D012642,Major depressive disorder,MESH:D003865,C1269683,T048,370143000.0,False
crisaborole,1,DB05219,MESH:C543085,Atopic dermatitis,MESH:D003876,C0011615,T047,24079001.0,False
rufinamide,1,DB06201,MESH:C079703,Lennox-Gastaut syndrome,MESH:D065768,C0238111,T047,230418006.0,False
tiopronin,1,DB06823,MESH:D008625,Cystinuria,MESH:D003555,C0010691,T047,85020001.0,False
ibrutinib,3,DB09053,MESH:C551803,"Chronic lymphoid leukemia, disease",MESH:D015451,C0023434,T191,92814006.0,False
ibrutinib,3,DB09053,MESH:C551803,Mantle cell lymphoma,MESH:D020522,C0334634,T191,443487006.0,False
ibrutinib,3,DB09053,MESH:C551803,Waldenström macroglobulinemia,MESH:D008258,C0024419,T191,190818004.0,False
nitrogen,1,DB09152,MESH:D009584,Persistent pulmonary hypertension of the newborn,MESH:D010547,C0031190,T019,233815004.0,False
