drug_name,num_ind_dc,drugbank,drug_mesh,disease_name,disease_mesh,disease_umls,cui_semantic_type,snomed_conceptid,in_dmdb
oseltamivir,1,DB00198,"MESH:C535162,MESH:C403132,MESH:D053139",Influenza,MESH:D007251,C0021400,T047,6142004.0,False
venlafaxine,3,DB00285,MESH:D000069470,Panic disorder,MESH:D016584,C0030319,T048,371631005.0,False
venlafaxine,3,DB00285,MESH:D000069470,Social phobia,MESH:D000072861,C0031572,T048,25501002.0,False
venlafaxine,3,DB00285,MESH:D000069470,Major depressive disorder,MESH:D003865,C1269683,T048,370143000.0,False
gemcitabine,2,DB00441,MESH:C056507,Malignant tumor of ovary,MESH:D010051,C1140680,T191,363443007.0,False
gemcitabine,2,DB00441,MESH:C056507,Non-small cell lung cancer,MESH:D002289,C0007131,T191,254637007.0,False
amoxapine,1,DB00543,MESH:D000657,Depressive disorder,MESH:D003866,C0011581,T048,35489007.0,False
ergoloid mesylates,1,DB01049,MESH:D004877,Dementia,MESH:D003704,C0497327,T048,52448006.0,False
bepridil,1,DB01244,MESH:D015764,Angina pectoris,MESH:D000787,C0002962,T033,194828000.0,False
sitagliptin,1,DB01261,MESH:D000068900,Diabetes mellitus type 2,MESH:D003924,C0011860,T047,44054006.0,False
beraprost,1,DB05229,MESH:C048081,Pulmonary arterial hypertension,MESH:D000081029,C2973725,T047,11399002.0,False
raltegravir,1,DB06817,MESH:D000068898,Human immunodeficiency virus infection,MESH:D015658,C0019693,T047,86406008.0,False
eribulin,1,DB08871,MESH:C490954,Liposarcoma,MESH:D008080,C0023827,T191,254829001.0,False
glycerol phenylbutyrate,1,DB08909,MESH:C570223,Disorder of the urea cycle metabolism,MESH:D056806,C0154246,T047,36444000.0,False
rupatadine,2,DB11614,MESH:C103639,Allergic rhinitis,MESH:D065631,C2607914,T047,61582004.0,False
rupatadine,2,DB11614,MESH:C103639,Urticaria,MESH:D014581,C0042109,T047,126485001.0,False
valbenazine,1,DB11915,MESH:C000603978,Tardive dyskinesia,MESH:D000071057,C0686347,T047,102449007.0,False
tulobuterol,2,DB12248,MESH:C010809,Asthma,MESH:D001249,C0004096,T047,195967001.0,False
tulobuterol,2,DB12248,MESH:C010809,Pulmonary emphysema,MESH:D011656,C0034067,T047,87433001.0,False
radotinib,1,DB12323,MESH:C000606751,Chronic myeloid leukemia,MESH:D015464,C0023473,T191,92818009.0,False
