drug_name,num_ind_dc,drugbank,drug_mesh,disease_name,disease_mesh,disease_umls,cui_semantic_type,snomed_conceptid,in_dmdb
buclizine,1,DB00354,MESH:C046894,Motion sickness,MESH:D009041,C0026603,T047,37031009.0,False
guaifenesin,6,DB00874,MESH:D006140,Headache disorder,MESH:D020773,C0393735,T047,230461009.0,False
guaifenesin,6,DB00874,MESH:D006140,Fever,MESH:D005334,C0015967,T033,386661006.0,False
guaifenesin,6,DB00874,MESH:D006140,Rhinitis,MESH:D012220,C0035455,T047,70076002.0,False
guaifenesin,6,DB00874,MESH:D006140,Cough,MESH:D003371,C0010200,T184,49727002.0,False
guaifenesin,6,DB00874,MESH:D006140,Common cold,MESH:D003139,C0009443,T047,82272006.0,False
guaifenesin,6,DB00874,MESH:D006140,Allergic rhinitis,MESH:D065631,C2607914,T047,61582004.0,False
emtricitabine,1,DB00879,MESH:D000068679,Human immunodeficiency virus infection,MESH:D015658,C0019693,T047,86406008.0,False
tolbutamide,1,DB01124,MESH:D014044,Diabetes mellitus type 2,MESH:D003924,C0011860,T047,44054006.0,False
isopropamide,1,DB01625,MESH:C084831,Peptic ulcer,MESH:D010437,C0030920,T047,13200003.0,False
romidepsin,2,DB06176,MESH:C087123,Primary cutaneous T-cell lymphoma,MESH:D016410,C0079773,T191,400122007.0,False
romidepsin,2,DB06176,MESH:C087123,Peripheral T-cell lymphoma,MESH:D016411,C0079774,T191,109977009.0,False
ziconotide,1,DB06283,MESH:C078452,Chronic pain,MESH:D059350,C0150055,T047,82423001.0,False
sivelestat,1,DB12863,MESH:C069195,Acute lung injury,MESH:D055371,C0242488,T037,315345002.0,False
