drug_name,num_ind_dc,drugbank,drug_mesh,disease_name,disease_mesh,disease_umls,cui_semantic_type,snomed_conceptid,in_dmdb
bleomycin,7,DB00290,MESH:D001761,Malignant tumor of penis,MESH:D010412,C0153601,T191,363516004.0,False
bleomycin,7,DB00290,MESH:D001761,Follicular non-Hodgkin's lymphoma,MESH:D008224,C0024301,T191,308121000.0,False
bleomycin,7,DB00290,MESH:D001761,"Diffuse non-Hodgkin's lymphoma, large cell",MESH:D016403,C0079744,T191,109969005.0,False
bleomycin,7,DB00290,MESH:D001761,Squamous cell carcinoma,MESH:D002294,C0007137,T191,402815007.0,False
bleomycin,7,DB00290,MESH:D001761,Hodgkin's disease,MESH:D006689,C0019829,T191,118599009.0,False
bleomycin,7,DB00290,MESH:D001761,Non-Hodgkin's lymphoma,MESH:D008228,C0024305,T191,118601006.0,False
bleomycin,7,DB00290,MESH:D001761,Malignant tumor of head and/or neck,MESH:D006258,C0278996,T191,255056009.0,False
loratadine,7,DB00455,MESH:D017336,Chronic idiopathic urticaria,MESH:D000080223,C0578870,T047,302162004.0,False
loratadine,7,DB00455,MESH:D017336,Allergic rhinitis,MESH:D065631,C2607914,T047,61582004.0,False
loratadine,7,DB00455,MESH:D017336,Allergic conjunctivitis,MESH:D003233,C0009766,T047,473460002.0,False
loratadine,7,DB00455,MESH:D017336,Common cold,MESH:D003139,C0009443,T047,82272006.0,False
loratadine,7,DB00455,MESH:D017336,Seasonal allergic rhinitis,MESH:D006255,C0018621,T047,367498001.0,False
loratadine,7,DB00455,MESH:D017336,Vasomotor rhinitis,MESH:D012223,C0035460,T047,8229003.0,False
loratadine,7,DB00455,MESH:D017336,Sneezing,MESH:D012912,C0037383,T033,76067001.0,False
lactulose,3,DB00581,MESH:D007792,Hyperammonemia,MESH:D022124,C0220994,T046,9360008.0,False
lactulose,3,DB00581,MESH:D007792,Hepatic encephalopathy,MESH:D006501,C0019151,T047,13920009.0,False
lactulose,3,DB00581,MESH:D007792,Constipation,MESH:D003248,C0009806,T184,14760008.0,False
tiagabine,1,DB00906,MESH:C059205,Simple partial seizure,MESH:D004828,C0234974,T047,117891000119100.0,False
fludarabine phosphate,1,DB01073,"MESH:C042382,MESH:C024352","Chronic lymphoid leukemia, disease",MESH:D015451,C0023434,T191,92814006.0,False
miltefosine,3,DB09031,MESH:C039128,Visceral leishmaniasis,MESH:D007898,C0023290,T047,186803007.0,False
miltefosine,3,DB09031,MESH:C039128,American mucocutaneous leishmaniasis,MESH:D007897,C1328252,T047,403135004.0,False
miltefosine,3,DB09031,MESH:C039128,Cutaneous leishmaniasis,MESH:D016773,C0023283,T047,240637006.0,False
