drug_name,num_ind_dc,drugbank,drug_mesh,disease_name,disease_mesh,disease_umls,cui_semantic_type,snomed_conceptid,in_dmdb
interferon beta-1a,1,DB00060,MESH:D000068556,Relapsing remitting multiple sclerosis,MESH:D020529,C0751967,T047,426373005.0,False
retinol,2,DB00162,MESH:D014801,Vitamin A deficiency,MESH:D014802,C0042842,T047,72000004.0,False
retinol,2,DB00162,MESH:D014801,Vitamin deficiency,MESH:D001361,C1510471,T047,85670002.0,False
tinidazole,4,DB00911,MESH:D014011,Amebic liver abscess,MESH:D008101,C0023886,T047,75119003.0,False
tinidazole,4,DB00911,MESH:D014011,Bacterial vaginosis,MESH:D016585,C0085166,T047,419760006.0,False
tinidazole,4,DB00911,MESH:D014011,Infection by Trichomonas,MESH:D014245,C0040921,T047,56335008.0,False
tinidazole,4,DB00911,MESH:D014011,Giardiasis,MESH:D005873,C0017536,T047,58265007.0,False
atovaquone,1,DB01117,MESH:D053626,Falciparum malaria,MESH:D016778,C0024535,T047,62676009.0,False
cefapirin,9,DB01139,MESH:D002514,Bacterial endocarditis,MESH:D004697,C0014121,T047,301183007.0,False
cefapirin,9,DB01139,MESH:D002514,Rhinoscleroma,MESH:D012226,C0035468,T047,72409005.0,False
cefapirin,9,DB01139,MESH:D002514,Infection due to Escherichia coli,MESH:D004927,C0014836,T047,71057007.0,False
cefapirin,9,DB01139,MESH:D002514,Infection due to Staphylococcus aureus,MESH:D013203,C1318973,T047,406602003.0,False
cefapirin,9,DB01139,MESH:D002514,Staphylococcal pneumonia,MESH:D011023,C0032308,T047,22754005.0,False
cefapirin,9,DB01139,MESH:D002514,Pneumonia,MESH:D011014,C0032285,T047,233604007.0,False
cefapirin,9,DB01139,MESH:D002514,Pneumonia due to Streptococcus,MESH:D011018,C0155862,T047,34020007.0,False
cefapirin,9,DB01139,MESH:D002514,Streptococcus pyogenes infection,MESH:D013290,C0554628,T047,302809008.0,False
cefapirin,9,DB01139,MESH:D002514,Urinary tract infectious disease,MESH:D014552,C0042029,T047,68566005.0,False
propylene glycol,1,DB01839,MESH:D019946,Tear film insufficiency,MESH:D015352,C0013238,T047,46152009.0,False
velaglucerase alfa,1,DB06720,,Chronic non-neuropathic Gaucher's disease,MESH:D005776,C1961835,T047,62201009.0,False
dulaglutide,1,DB09045,MESH:C555680,Diabetes mellitus type 2,MESH:D003924,C0011860,T047,44054006.0,False
enalaprilat,2,DB09477,MESH:D015773,Hypertensive disorder,MESH:D006973,C0020538,T047,38341003.0,False
enalaprilat,2,DB09477,MESH:D015773,Congestive heart failure,MESH:D006333,C0018802,T047,42343007.0,False
