drug_name,num_ind_dc,drugbank,drug_mesh,disease_name,disease_mesh,disease_umls,cui_semantic_type,snomed_conceptid,in_dmdb
nonacog alfa,1,DB00100,,Hereditary factor IX deficiency disease,MESH:D002836,C0008533,T047,41788008.0,False
albendazole,2,DB00518,MESH:D015766,Cerebral cysticercosis,MESH:D020019,C0338437,T047,230215006.0,False
albendazole,2,DB00518,MESH:D015766,Echinococcus granulosus infection of lung,MESH:D004443,C0153290,T047,75388006.0,False
clomifene,1,DB00882,MESH:D002996,Female infertility,MESH:D007247,C0021361,T046,6738008.0,False
mechlorethamine,8,DB00888,MESH:D008466,Mycosis fungoides,MESH:D009182,C0026948,T191,118618005.0,False
mechlorethamine,8,DB00888,MESH:D008466,Hodgkin's disease,MESH:D006689,C0019829,T191,118599009.0,False
mechlorethamine,8,DB00888,MESH:D008466,Polycythemia vera,MESH:D011087,C0032463,T191,109992005.0,False
mechlorethamine,8,DB00888,MESH:D008466,Malignant tumor of lung,MESH:D008175,C0242379,T191,363358000.0,False
mechlorethamine,8,DB00888,MESH:D008466,Non-Hodgkin's lymphoma,MESH:D008228,C0024305,T191,118601006.0,False
mechlorethamine,8,DB00888,MESH:D008466,Chronic myeloid leukemia,MESH:D015464,C0023473,T191,92818009.0,False
mechlorethamine,8,DB00888,MESH:D008466,Primary cutaneous T-cell lymphoma,MESH:D016410,C0079773,T191,400122007.0,False
mechlorethamine,8,DB00888,MESH:D008466,"Chronic lymphoid leukemia, disease",MESH:D015451,C0023434,T191,92814006.0,False
guanethidine,1,DB01170,MESH:D006145,Hypertensive disorder,MESH:D006973,C0020538,T047,38341003.0,False
mitoxantrone,2,DB01204,MESH:D008942,Relapsing remitting multiple sclerosis,MESH:D020529,C0751967,T047,426373005.0,False
mitoxantrone,2,DB01204,MESH:D008942,"Acute myeloid leukemia, disease",MESH:D015470,C0023467,T191,91861009.0,False
dezocine,1,DB01209,MESH:C010827,Pain,MESH:D010146,C0030193,T184,22253000.0,False
piretanide,2,DB02925,MESH:C015451,Hypertensive disorder,MESH:D006973,C0020538,T047,38341003.0,False
piretanide,2,DB02925,MESH:C015451,Edema,MESH:D004487,C0013604,T046,267038008.0,False
panobinostat,2,DB06603,MESH:C496932,Multiple myeloma,MESH:D009101,C0026764,T191,109989006.0,False
panobinostat,2,DB06603,MESH:C496932,Primary cutaneous T-cell lymphoma,MESH:D016410,C0079773,T191,400122007.0,False
fluticasone furoate,2,DB08906,MESH:C523187,Allergic rhinitis,MESH:D065631,C2607914,T047,61582004.0,False
fluticasone furoate,2,DB08906,MESH:C523187,Asthma,MESH:D001249,C0004096,T047,195967001.0,False
icotinib,1,DB11737,MESH:C531470,Non-small cell lung cancer,MESH:D002289,C0007131,T191,254637007.0,False
