drug_name,num_ind_dc,drugbank,drug_mesh,disease_name,disease_mesh,disease_umls,cui_semantic_type,snomed_conceptid,in_dmdb
gemtuzumab ozogamicin,1,DB00056,MESH:C406061,"Acute myeloid leukemia, disease",MESH:D015470,C0023467,T191,91861009.0,False
caspofungin,1,DB00520,MESH:C105417,Candidemia,MESH:D058387,C0877445,T047,432261003.0,False
fludrocortisone acetate,2,DB00687,"MESH:C034635,MESH:D005438",Primary adrenocortical insufficiency,MESH:D000224,C0001403,T047,373662000.0,False
fludrocortisone acetate,2,DB00687,"MESH:C034635,MESH:D005438",Adrenogenital disorder,MESH:D000312,C0701163,T019,267395000.0,False
bimatoprost,2,DB00905,MESH:D000069580,Open-angle glaucoma,MESH:D005902,C0017612,T047,84494001.0,False
bimatoprost,2,DB00905,MESH:D000069580,Ocular hypertension,MESH:D009798,C0028840,T047,4210003.0,False
trichlormethiazide,1,DB01021,MESH:D014237,Hypertensive disorder,MESH:D006973,C0020538,T047,38341003.0,False
cefditoren pivoxil,4,DB01066,"MESH:C073460,MESH:C057710",Bacterial pneumonia,MESH:D018410,C0004626,T047,53084003.0,False
cefditoren pivoxil,4,DB01066,"MESH:C073460,MESH:C057710",Infection due to Staphylococcus aureus,MESH:D013203,C1318973,T047,406602003.0,False
cefditoren pivoxil,4,DB01066,"MESH:C073460,MESH:C057710",Streptococcus pyogenes infection,MESH:D013290,C0554628,T047,302809008.0,False
cefditoren pivoxil,4,DB01066,"MESH:C073460,MESH:C057710",Pneumococcal pneumonia,MESH:D011018,C0155862,T047,233607000.0,False
fluoxymesterone,6,DB01185,MESH:D005474,"Congenital myotonia, autosomal dominant form",MESH:D009224,C2936781,T047,57938005.0,False
fluoxymesterone,6,DB01185,MESH:D005474,Delayed puberty,MESH:D011628,C0034012,T046,400003000.0,False
fluoxymesterone,6,DB01185,MESH:D005474,"Klinefelter's syndrome, XXY",MESH:D007713,C0022735,T019,405769009.0,False
fluoxymesterone,6,DB01185,MESH:D005474,Undescended testicle,MESH:D003456,C0010417,T019,204878001.0,False
fluoxymesterone,6,DB01185,MESH:D005474,Noonan's syndrome,MESH:D009634,C0028326,T019,205824006.0,False
fluoxymesterone,6,DB01185,MESH:D005474,Male hypogonadism,MESH:D005058,C0151721,T047,48723006.0,False
phenindamine,6,DB01619,MESH:C005430,Urticaria,MESH:D014581,C0042109,T047,126485001.0,False
phenindamine,6,DB01619,MESH:C005430,Itching of skin,MESH:D011537,C0033774,T184,418363000.0,False
phenindamine,6,DB01619,MESH:C005430,Sneezing,MESH:D012912,C0037383,T033,76067001.0,False
phenindamine,6,DB01619,MESH:C005430,Allergic rhinitis,MESH:D065631,C2607914,T047,61582004.0,False
phenindamine,6,DB01619,MESH:C005430,Vasomotor rhinitis,MESH:D012223,C0035460,T047,8229003.0,False
phenindamine,6,DB01619,MESH:C005430,Allergic conjunctivitis,MESH:D003233,C0009766,T047,473460002.0,False
oteracil,1,DB03209,"MESH:D010094,MESH:C489337",Malignant tumor of stomach,MESH:D013274,C0024623,T191,363349007.0,False
oxitropium,1,DB12086,MESH:C017590,Chronic obstructive lung disease,MESH:D029424,C0024117,T047,13645005.0,False
