drug_name,num_ind_dc,drugbank,drug_mesh,disease_name,disease_mesh,disease_umls,cui_semantic_type,snomed_conceptid,in_dmdb
rituximab,3,DB00073,MESH:D000069283,Rheumatoid arthritis,MESH:D001172,C0003873,T047,69896004.0,False
rituximab,3,DB00073,MESH:D000069283,Non-Hodgkin's lymphoma,MESH:D008228,C0024305,T191,118601006.0,False
rituximab,3,DB00073,MESH:D000069283,"Chronic lymphoid leukemia, disease",MESH:D015451,C0023434,T191,92814006.0,False
alclometasone dipropionate,9,DB00240,MESH:C021137,Discoid lupus erythematosus,MESH:D008179,C0024138,T047,200938002.0,False
alclometasone dipropionate,9,DB00240,MESH:C021137,Seborrheic dermatitis,MESH:D012628,C0036508,T047,50563003.0,False
alclometasone dipropionate,9,DB00240,MESH:C021137,Atopic dermatitis,MESH:D003876,C0011615,T047,24079001.0,False
alclometasone dipropionate,9,DB00240,MESH:C021137,Lichen simplex chronicus,MESH:D009450,C0149922,T047,53891004.0,False
alclometasone dipropionate,9,DB00240,MESH:C021137,Granuloma annulare,MESH:D016460,C0085074,T047,65508009.0,False
alclometasone dipropionate,9,DB00240,MESH:C021137,Primary cutaneous T-cell lymphoma,MESH:D016410,C0079773,T191,400122007.0,False
alclometasone dipropionate,9,DB00240,MESH:C021137,Eruption of skin,MESH:D005076,C0015230,T047,271807003.0,False
alclometasone dipropionate,9,DB00240,MESH:C021137,Contact dermatitis,MESH:D003877,C0011616,T047,40275004.0,False
alclometasone dipropionate,9,DB00240,MESH:C021137,Pruritus ani,MESH:D011538,C0033775,T184,90446007.0,False
phenoxymethylpenicillin,6,DB00417,MESH:D010404,Erysipelas,MESH:D004886,C0014733,T047,44653001.0,False
phenoxymethylpenicillin,6,DB00417,MESH:D010404,Streptococcus pyogenes infection,MESH:D013290,C0554628,T047,302809008.0,False
phenoxymethylpenicillin,6,DB00417,MESH:D010404,Infection due to Staphylococcus aureus,MESH:D013203,C1318973,T047,406602003.0,False
phenoxymethylpenicillin,6,DB00417,MESH:D010404,Upper respiratory infection,MESH:D012141,C0041912,T047,54150009.0,False
phenoxymethylpenicillin,6,DB00417,MESH:D010404,Pharyngitis,MESH:D010612,C0031350,T047,405737000.0,False
phenoxymethylpenicillin,6,DB00417,MESH:D010404,Scarlet fever,MESH:D012541,C0036285,T047,30242009.0,False
aciclovir,6,DB00787,MESH:D000212,Herpes labialis,MESH:D006560,C0019345,T047,1475003.0,False
aciclovir,6,DB00787,MESH:D000212,Herpes zoster,MESH:D006562,C0019360,T047,4740000.0,False
aciclovir,6,DB00787,MESH:D000212,Encephalitis due to Herpesvirus,MESH:D020803,C0276226,T047,428638009.0,False
aciclovir,6,DB00787,MESH:D000212,Herpes simplex,MESH:D006561,C0019348,T047,88594005.0,False
aciclovir,6,DB00787,MESH:D000212,Genital herpes simplex,MESH:D006558,C0019342,T047,33839006.0,False
aciclovir,6,DB00787,MESH:D000212,Varicella,MESH:D002644,C0008049,T047,38907003.0,False
