drug_name,num_ind_dc,drugbank,drug_mesh,disease_name,disease_mesh,disease_umls,cui_semantic_type,snomed_conceptid,in_dmdb
flutamide,1,DB00499,MESH:D005485,Neoplasm of prostate,MESH:D011471,C0033578,T191,126906006.0,False
fluphenazine enanthate,2,DB00623,MESH:C017610,Schizophrenia,MESH:D012559,C0036341,T048,58214004.0,False
fluphenazine decanoate,2,DB00623,MESH:C011825,Psychotic disorder,MESH:D011618,C0033975,T048,69322001.0,False
furosemide,2,DB00695,MESH:D005665,Edema,MESH:D004487,C0013604,T046,267038008.0,False
furosemide,2,DB00695,MESH:D005665,Hypertensive disorder,MESH:D006973,C0020538,T047,38341003.0,False
dirithromycin,8,DB00954,MESH:C053853,Pneumonia due to Mycoplasma pneumoniae,MESH:D011019,C0032302,T047,46970008.0,False
dirithromycin,8,DB00954,MESH:C053853,Pneumonia due to Streptococcus,MESH:D011018,C0155862,T047,34020007.0,False
dirithromycin,8,DB00954,MESH:C053853,Infection due to Staphylococcus aureus,MESH:D013203,C1318973,T047,406602003.0,False
dirithromycin,8,DB00954,MESH:C053853,Pharyngitis,MESH:D010612,C0031350,T047,405737000.0,False
dirithromycin,8,DB00954,MESH:C053853,Bronchitis,MESH:D001991,C0006277,T047,32398004.0,False
dirithromycin,8,DB00954,MESH:C053853,Pneumonia,MESH:D011014,C0032285,T047,233604007.0,False
dirithromycin,8,DB00954,MESH:C053853,Tonsillitis,MESH:D014069,C0040425,T047,90176007.0,False
dirithromycin,8,DB00954,MESH:C053853,Streptococcus pyogenes infection,MESH:D013290,C0554628,T047,302809008.0,False
glibenclamide,1,DB01016,MESH:D005905,Diabetes mellitus type 2,MESH:D003924,C0011860,T047,44054006.0,False
dalfopristin,1,DB01764,MESH:C113826,Streptococcus pyogenes infection,MESH:D013290,C0554628,T047,302809008.0,False
voglibose,2,DB04878,MESH:C102817,Glucosylceramide beta-glucosidase deficiency,MESH:D005776,C0017205,T047,190794006.0,False
voglibose,2,DB04878,MESH:C102817,Diabetes mellitus type 2,MESH:D003924,C0011860,T047,44054006.0,False
oxymetholone,2,DB06412,MESH:D010110,Aplastic anemia,MESH:D000741,C0002874,T047,306058006.0,False
oxymetholone,2,DB06412,MESH:D010110,Congenital hypoplastic anemia,MESH:D029503,C1260899,T019,88854002.0,False
omega-3-carboxylic acids,1,DB09568,,Hypertriglyceridemia,MESH:D015228,C0020557,T033,302870006.0,False
