drug_name,num_ind_dc,drugbank,drug_mesh,disease_name,disease_mesh,disease_umls,cui_semantic_type,snomed_conceptid,in_dmdb
fosphenytoin,2,"DB00252,DB01320",MESH:C043114,Epilepsy,MESH:D004827,C0014544,T047,84757009,False
fosphenytoin,2,"DB00252,DB01320",MESH:C043114,Status epilepticus,MESH:D013226,C0038220,T047,230456007,False
simvastatin,7,DB00641,MESH:D019821,Mixed hyperlipidemia,MESH:D006950,C0020474,T047,267434003,False
simvastatin,7,DB00641,MESH:D019821,Hypertriglyceridemia,MESH:D015228,C0020557,T033,302870006,False
simvastatin,7,DB00641,MESH:D019821,Hypoalphalipoproteinemia,MESH:D052456,C0473527,T033,190785000,False
simvastatin,7,DB00641,MESH:D019821,Familial type 3 hyperlipoproteinemia,MESH:D006952,C0020479,T047,398796005,False
simvastatin,7,DB00641,MESH:D019821,Hypercholesterolemia,MESH:D006937,C0020443,T047,13644009,False
simvastatin,7,DB00641,MESH:D019821,Cerebrovascular accident,MESH:D020521,C0038454,T047,230690007,False
simvastatin,7,DB00641,MESH:D019821,Arteriosclerotic vascular disease,MESH:D001161,C0003850,T047,72092001,False
perindopril,1,DB00790,"MESH:D020913,MESH:C053500",Hypertensive disorder,MESH:D006973,C0020538,T047,38341003,False
gabapentin,2,DB00996,MESH:C040029,Postherpetic neuralgia,MESH:D051474,C0032768,T047,2177002,False
gabapentin,2,DB00996,MESH:C040029,Restless legs,MESH:D012148,C0035258,T047,32914008,False
bretylium,1,DB01158,"MESH:D001950,MESH:C045166",Ventricular fibrillation,MESH:D014693,C0042510,T047,71908006,False
paromomycin,1,DB01421,MESH:D010303,Hepatic coma,MESH:D006501,C0019147,T047,72836002,False
pipotiazine palmitate,1,DB01621,,Schizophrenia,MESH:D012559,C0036341,T048,58214004,False
iproniazid,1,DB04818,MESH:D007490,Depressive disorder,MESH:D003866,C0011581,T048,35489007,False
calcium phosphate,3,DB11348,"MESH:C020243,MESH:C018392",Osteoporosis,MESH:D010024,C0029456,T047,64859006,False
calcium phosphate,3,DB11348,"MESH:C020243,MESH:C018392",Hypocalcemia,MESH:D006996,C0020598,T046,5291005,False
calcium phosphate,3,DB11348,"MESH:C020243,MESH:C018392",Postmenopausal osteoporosis,MESH:D015663,C0029458,T047,102447009,False
tofogliflozin,1,DB11824,MESH:C575086,Diabetes mellitus type 2,MESH:D003924,C0011860,T047,44054006,False
phenytoin,6,DB:DB00252,MESH:D010672,Status epilepticus,MESH:D013226,C0038220,T047,230456007,False
phenytoin,6,DB:DB00252,MESH:D010672,Localization-related epilepsy,MESH:D004828,C0014547,T047,230381009,False
phenytoin,6,DB:DB00252,MESH:D010672,Tonic-clonic seizure,MESH:D012640,C0494475,T047,54200006,False
phenytoin,6,DB:DB00252,MESH:D010672,Lennox-Gastaut syndrome,MESH:D065768,C0238111,T047,230418006,False
phenytoin,6,DB:DB00252,MESH:D010672,Tonic-clonic epilepsy,MESH:D004830,C0014549,T047,352818000,False
phenytoin,6,DB:DB00252,MESH:D010672,Epilepsy,MESH:D004827,C0014544,T047,84757009,False
