drug_name,num_ind_dc,drugbank,drug_mesh,disease_name,disease_mesh,disease_umls,cui_semantic_type,snomed_conceptid,in_dmdb
pyrimethamine,2,DB00205,MESH:D011739,Toxoplasmosis,MESH:D014123,C0040558,T047,187192000.0,False
pyrimethamine,2,DB00205,MESH:D011739,Malaria,MESH:D008288,C0024530,T047,61462000.0,False
brimonidine,3,DB00484,MESH:D000068438,Ocular hypertension,MESH:D009798,C0028840,T047,4210003.0,False
brimonidine,3,DB00484,MESH:D000068438,Rosacea,MESH:D012393,C0035854,T047,398909004.0,False
brimonidine,3,DB00484,MESH:D000068438,Open-angle glaucoma,MESH:D005902,C0017612,T047,84494001.0,False
esomeprazole,4,DB00736,MESH:D064098,Gastroesophageal reflux disease,MESH:D005764,C0017168,T047,235595009.0,False
esomeprazole,4,DB00736,MESH:D064098,Peptic reflux disease,MESH:D004942,C0014869,T047,57643001.0,False
esomeprazole,4,DB00736,MESH:D064098,Zollinger-Ellison syndrome,MESH:D015043,C0043515,T047,53132006.0,False
esomeprazole,4,DB00736,MESH:D064098,Peptic ulcer,MESH:D010437,C0030920,T047,13200003.0,False
biperiden,4,DB00810,"MESH:C036432,MESH:D001712",Parkinsonism,MESH:D020734,C0242422,T047,32798002.0,False
biperiden,4,DB00810,"MESH:C036432,MESH:D001712",Extrapyramidal disease,MESH:D001480,C0015371,T047,76349003.0,False
biperiden,4,DB00810,"MESH:C036432,MESH:D001712",Postencephalitic parkinsonism,MESH:D010301,C0030568,T047,19972008.0,False
biperiden,4,DB00810,"MESH:C036432,MESH:D001712",Parkinson's disease,MESH:D010300,C0030567,T047,49049000.0,False
aminolevulinic acid,1,DB00855,MESH:D000622,Actinic keratosis,MESH:D055623,C0022602,T191,201101007.0,False
abacavir,1,DB01048,MESH:C106538,Human immunodeficiency virus infection,MESH:D015658,C0019693,T047,86406008.0,False
tolvaptan,3,DB06212,MESH:C116664,Syndrome of inappropriate vasopressin secretion,MESH:D007177,C0021141,T046,55004003.0,False
tolvaptan,3,DB06212,MESH:C116664,Hyponatremia,MESH:D007010,C0020625,T033,89627008.0,False
tolvaptan,3,DB06212,MESH:C116664,"Polycystic kidney disease, adult type",MESH:D016891,C0085413,T047,28728008.0,False
ambroxol,1,DB06742,MESH:D000551,Sore throat symptom,MESH:D010612,C0242429,T184,267102003.0,False
alum,4,DB09087,MESH:C000608451,Gastroesophageal reflux disease,MESH:D005764,C0017168,T047,235595009.0,False
alum,4,DB09087,MESH:C000608451,Heartburn,MESH:D006356,C0018834,T184,16331000.0,False
alum,4,DB09087,MESH:C000608451,Indigestion,MESH:D004415,C0013395,T184,162031009.0,False
alum,4,DB09087,MESH:C000608451,Peptic ulcer,MESH:D010437,C0030920,T047,13200003.0,False
