drug_name,num_ind_dc,drugbank,drug_mesh,disease_name,disease_mesh,disease_umls,cui_semantic_type,snomed_conceptid,in_dmdb
doxycycline,35,DB00254,MESH:D004318,Acne vulgaris,MESH:D000152,C0001144,T047,88616000.0,False
doxycycline,35,DB00254,MESH:D004318,Sinusitis,MESH:D012852,C0037199,T047,36971009.0,False
doxycycline,35,DB00254,MESH:D004318,Trachoma,MESH:D014141,C0040592,T047,2576002.0,False
doxycycline,35,DB00254,MESH:D004318,Boutonneuse fever,MESH:D001907,C0006060,T047,186774005.0,False
doxycycline,35,DB00254,MESH:D004318,Yaws,MESH:D015001,C0043388,T047,70647001.0,False
doxycycline,35,DB00254,MESH:D004318,Gonorrhea,MESH:D006069,C0018081,T047,15628003.0,False
doxycycline,35,DB00254,MESH:D004318,Brill-Zinsser disease,MESH:D014438,C0006181,T047,47761007.0,False
doxycycline,35,DB00254,MESH:D004318,Listeriosis,MESH:D008088,C0023860,T047,4241002.0,False
doxycycline,35,DB00254,MESH:D004318,Disease caused by rickettsiae,MESH:D012282,C0035585,T047,37246009.0,False
doxycycline,35,DB00254,MESH:D004318,Bacterial pneumonia,MESH:D018410,C0004626,T047,53084003.0,False
doxycycline,35,DB00254,MESH:D004318,Rickettsialpox,MESH:D000073605,C0035597,T047,75096007.0,False
doxycycline,35,DB00254,MESH:D004318,Gastrointestinal anthrax,MESH:C571911,C0152945,T047,111798006.0,False
doxycycline,35,DB00254,MESH:D004318,Syphilis,MESH:D013587,C0039128,T047,76272004.0,False
doxycycline,35,DB00254,MESH:D004318,Granuloma inguinale,MESH:D006100,C0018190,T047,28867007.0,False
doxycycline,35,DB00254,MESH:D004318,Pneumonia due to Mycoplasma pneumoniae,MESH:D011019,C0032302,T047,46970008.0,False
doxycycline,35,DB00254,MESH:D004318,Bronchitis,MESH:D001991,C0006277,T047,32398004.0,False
doxycycline,35,DB00254,MESH:D004318,Bartonellosis,MESH:D001474,C0004771,T047,266123003.0,False
doxycycline,35,DB00254,MESH:D004318,Ornithosis,MESH:D009956,C0029291,T047,75116005.0,False
doxycycline,35,DB00254,MESH:D004318,Relapsing fever,MESH:D012061,C0035021,T047,420079008.0,False
doxycycline,35,DB00254,MESH:D004318,Inhalational anthrax,MESH:C571912,C0155866,T047,11389007.0,False
doxycycline,35,DB00254,MESH:D004318,Chancroid,MESH:D002602,C0007947,T047,266143009.0,False
doxycycline,35,DB00254,MESH:D004318,Pharyngitis,MESH:D010612,C0031350,T047,405737000.0,False
doxycycline,35,DB00254,MESH:D004318,Actinomycotic infection,MESH:D000196,C0001261,T047,11817007.0,False
doxycycline,35,DB00254,MESH:D004318,Brucellosis,MESH:D002006,C0006309,T047,75702008.0,False
doxycycline,35,DB00254,MESH:D004318,Inclusion conjunctivitis,MESH:D003235,C0009770,T047,266109000.0,False
doxycycline,35,DB00254,MESH:D004318,Scrub typhus,MESH:D012612,C0036472,T047,271425001.0,False
doxycycline,35,DB00254,MESH:D004318,Lymphogranuloma venereum,MESH:D008219,C0024286,T047,186946009.0,False
doxycycline,35,DB00254,MESH:D004318,Rocky Mountain spotted fever,MESH:D012373,C0035793,T047,186772009.0,False
doxycycline,35,DB00254,MESH:D004318,Cutaneous anthrax,MESH:C531621,C0003177,T047,84980006.0,False
doxycycline,35,DB00254,MESH:D004318,Q fever,MESH:D011778,C0034362,T047,186788009.0,False
doxycycline,35,DB00254,MESH:D004318,Tularemia,MESH:D014406,C0041351,T047,19265001.0,False
doxycycline,35,DB00254,MESH:D004318,Chlamydial infection,MESH:D002690,C0008149,T047,105629000.0,False
doxycycline,35,DB00254,MESH:D004318,Murine typhus,MESH:D014437,C0041472,T047,25668000.0,False
doxycycline,35,DB00254,MESH:D004318,Cholera,MESH:D002771,C0008354,T047,63650001.0,False
doxycycline,35,DB00254,MESH:D004318,Anthrax,MESH:D000881,C0003175,T047,409498004.0,False
ciprofloxacin,19,DB00537,MESH:D002939,Chancroid,MESH:D002602,C0007947,T047,266143009.0,False
ciprofloxacin,19,DB00537,MESH:D002939,Cystitis,MESH:D003556,C0010692,T047,38822007.0,False
ciprofloxacin,19,DB00537,MESH:D002939,Nosocomial pneumonia,MESH:D000077299,C0949083,T047,425464007.0,False
ciprofloxacin,19,DB00537,MESH:D002939,Infection due to Enterobacteriaceae,MESH:D004756,C0014347,T047,128945009.0,False
ciprofloxacin,19,DB00537,MESH:D002939,Pneumonia due to Streptococcus,MESH:D011018,C0155862,T047,34020007.0,False
ciprofloxacin,19,DB00537,MESH:D002939,Otitis externa,MESH:D010032,C0029878,T047,3135009.0,False
ciprofloxacin,19,DB00537,MESH:D002939,Rhinoscleroma,MESH:D012226,C0035468,T047,72409005.0,False
ciprofloxacin,19,DB00537,MESH:D002939,Infection due to Escherichia coli,MESH:D004927,C0014836,T047,71057007.0,False
ciprofloxacin,19,DB00537,MESH:D002939,Typhoid fever,MESH:D014435,C0041466,T047,4834000.0,False
ciprofloxacin,19,DB00537,MESH:D002939,Shigellosis,MESH:D004405,C0013371,T047,36188001.0,False
ciprofloxacin,19,DB00537,MESH:D002939,Abdominal abscess,MESH:D018784,C0243001,T047,75100008.0,False
ciprofloxacin,19,DB00537,MESH:D002939,Bacterial conjunctivitis,MESH:D003234,C0009768,T047,128350005.0,False
ciprofloxacin,19,DB00537,MESH:D002939,Prostatitis,MESH:D011472,C0033581,T047,9713002.0,False
ciprofloxacin,19,DB00537,MESH:D002939,Streptococcus pyogenes infection,MESH:D013290,C0554628,T047,302809008.0,False
ciprofloxacin,19,DB00537,MESH:D002939,Infection due to Staphylococcus aureus,MESH:D013203,C1318973,T047,406602003.0,False
ciprofloxacin,19,DB00537,MESH:D002939,Anthrax,MESH:D000881,C0003175,T047,409498004.0,False
ciprofloxacin,19,DB00537,MESH:D002939,Infectious disease of abdomen,MESH:D059413,C1112209,T047,128070006.0,False
ciprofloxacin,19,DB00537,MESH:D002939,Bacterial pneumonia,MESH:D018410,C0004626,T047,53084003.0,False
ciprofloxacin,19,DB00537,MESH:D002939,Infectious diarrheal disease,MESH:D004403,C0013369,T047,19213003.0,False
