drug_name,num_ind_dc,drugbank,drug_mesh,disease_name,disease_mesh,disease_umls,cui_semantic_type,snomed_conceptid,in_dmdb
peginterferon alfa-2b,1,DB00022,MESH:C417083,Chronic hepatitis C,MESH:D019698,C0524910,T047,128302006.0,False
riboflavin,1,DB00140,MESH:D012256,Vitamin deficiency,MESH:D001361,C1510471,T047,85670002.0,False
troglitazone,1,DB00197,MESH:C057693,Diabetes mellitus type 2,MESH:D003924,C0011860,T047,44054006.0,False
aztreonam,7,DB00355,MESH:D001398,Urinary tract infectious disease,MESH:D014552,C0042029,T047,68566005.0,False
aztreonam,7,DB00355,MESH:D001398,Endometritis,MESH:D004716,C0014179,T047,78623009.0,False
aztreonam,7,DB00355,MESH:D001398,Infection due to Escherichia coli,MESH:D004927,C0014836,T047,71057007.0,False
aztreonam,7,DB00355,MESH:D001398,Infection due to Enterobacteriaceae,MESH:D004756,C0014347,T047,128945009.0,False
aztreonam,7,DB00355,MESH:D001398,Rhinoscleroma,MESH:D012226,C0035468,T047,72409005.0,False
aztreonam,7,DB00355,MESH:D001398,Bacterial infection due to Serratia,MESH:D016868,C0085394,T047,71120004.0,False
aztreonam,7,DB00355,MESH:D001398,Infectious disease of abdomen,MESH:D059413,C1112209,T047,128070006.0,False
tenoxicam,1,DB00469,MESH:C032801,Arthritis,MESH:D001168,C0003864,T047,3723001.0,False
efavirenz,1,DB00625,MESH:C098320,Human immunodeficiency virus infection,MESH:D015658,C0019693,T047,86406008.0,False
tropicamide,1,DB00809,MESH:D014331,Dilated pupil,MESH:D015878,C0026961,T184,37125009.0,False
isosorbide dinitrate,1,DB00883,MESH:D007548,Angina pectoris,MESH:D000787,C0002962,T033,194828000.0,False
enoxaparin sodium,1,DB01225,MESH:D017984,Deep venous thrombosis,MESH:D020246,C0149871,T047,128053003.0,False
rotigotine,2,DB05271,MESH:C047508,Restless legs,MESH:D012148,C0035258,T047,32914008.0,False
rotigotine,2,DB05271,MESH:C047508,Parkinson's disease,MESH:D010300,C0030567,T047,49049000.0,False
prasugrel,1,DB06209,MESH:D000068799,Acute coronary syndrome,MESH:D054058,C0948089,T047,394659003.0,False
temsirolimus,2,"DB06287,DB00877",MESH:C401859,Mantle cell lymphoma,MESH:D020522,C0334634,T191,443487006.0,False
temsirolimus,2,"DB06287,DB00877",MESH:C401859,Renal cell carcinoma,MESH:D002292,C0007134,T191,702391001.0,False
