drug_name,num_ind_dc,drugbank,drug_mesh,disease_name,disease_mesh,disease_umls,cui_semantic_type,snomed_conceptid,in_dmdb
vasopressin,3,DB00067,MESH:C016671,Hereditary factor VIII deficiency disease,MESH:D006467,C0019069,T047,28293008.0,False
vasopressin,3,DB00067,MESH:C016671,Nocturnal enuresis,MESH:D053206,C0270327,T184,8009008.0,False
vasopressin,3,DB00067,MESH:C016671,von Willebrand disorder,MESH:D014842,C0042974,T047,128105004.0,False
sildenafil,2,DB00203,MESH:D000068677,Impotence,MESH:D007172,C0242350,T047,397803000.0,False
sildenafil,2,DB00203,MESH:D000068677,Pulmonary arterial hypertension,MESH:D000081029,C2973725,T047,11399002.0,False
miglitol,1,DB00491,MESH:C045621,Diabetes mellitus type 2,MESH:D003924,C0011860,T047,44054006.0,False
pentamidine,1,DB00738,MESH:D010419,African trypanosomiasis,MESH:D014353,C0041228,T047,27031003.0,False
ethinylestradiol,5,DB00977,MESH:D004997,Premenstrual dysphoric disorder,MESH:D065446,C0520676,T048,596004.0,False
ethinylestradiol,5,DB00977,MESH:D004997,Menopausal flushing,MESH:D019584,C0600142,T184,198436008.0,False
ethinylestradiol,5,DB00977,MESH:D004997,Acne vulgaris,MESH:D000152,C0001144,T047,88616000.0,False
ethinylestradiol,5,DB00977,MESH:D004997,Atrophic vaginitis,MESH:D059268,C0221392,T047,52441000.0,False
ethinylestradiol,5,DB00977,MESH:D004997,Postmenopausal osteoporosis,MESH:D015663,C0029458,T047,102447009.0,False
auranofin,1,DB00995,MESH:D001310,Rheumatoid arthritis,MESH:D001172,C0003873,T047,69896004.0,False
ganciclovir,2,DB01004,MESH:D015774,Herpes simplex dendritic keratitis,MESH:D007635,C0022570,T047,29943008.0,False
ganciclovir,2,DB01004,MESH:D015774,Cytomegaloviral retinitis,MESH:D017726,C0206178,T047,22455005.0,False
isoprenaline,5,DB01064,MESH:D007545,Cardiac arrest,MESH:D006323,C0018790,T047,410429000.0,False
isoprenaline,5,DB01064,MESH:D007545,Atrioventricular block,MESH:D054537,C0004245,T047,233917008.0,False
isoprenaline,5,DB01064,MESH:D007545,Low cardiac output syndrome,MESH:D002303,C0600177,T046,44088000.0,False
isoprenaline,5,DB01064,MESH:D007545,Common cold,MESH:D003139,C0009443,T047,82272006.0,False
isoprenaline,5,DB01064,MESH:D007545,Hypovolemic shock,MESH:D012769,C0020683,T046,39419009.0,False
aprotinin,1,DB06692,MESH:D007611,Hemorrhage,MESH:D006470,C0019080,T046,50960005.0,False
siltuximab,1,DB09036,MESH:C504234,Angiofollicular lymph node hyperplasia,MESH:D005871,C0017531,T047,207036003.0,False
talinolol,1,DB11770,MESH:C011550,Hypertensive disorder,MESH:D006973,C0020538,T047,38341003.0,False
