drug_name,num_ind_dc,drugbank,drug_mesh,disease_name,disease_mesh,disease_umls,cui_semantic_type,snomed_conceptid,in_dmdb
agalsidase beta,1,DB00103,MESH:C459420,Fabry's disease,MESH:D000795,C0002986,T047,16652001.0,False
cladribine,2,DB00242,MESH:D017338,Relapsing remitting multiple sclerosis,MESH:D020529,C0751967,T047,426373005.0,False
cladribine,2,DB00242,MESH:D017338,Hairy cell leukemia,MESH:D007943,C0023443,T191,118613001.0,False
mupirocin,1,DB00410,MESH:D016712,Impetigo,MESH:D007169,C0021099,T047,48277006.0,False
secobarbital,2,DB00418,MESH:D012631,Status epilepticus,MESH:D013226,C0038220,T047,230456007.0,False
secobarbital,2,DB00418,MESH:D012631,Epilepsy,MESH:D004827,C0014544,T047,84757009.0,False
sirolimus,1,DB00877,MESH:D020123,Renal cell carcinoma,MESH:D002292,C0007134,T191,702391001.0,False
magnesium oxide,5,DB01377,MESH:D008277,Hypocalcemia,MESH:D006996,C0020598,T046,5291005.0,False
magnesium oxide,5,DB01377,MESH:D008277,Indigestion,MESH:D004415,C0013395,T184,162031009.0,False
magnesium oxide,5,DB01377,MESH:D008277,Postmenopausal osteoporosis,MESH:D015663,C0029458,T047,102447009.0,False
magnesium oxide,5,DB01377,MESH:D008277,Constipation,MESH:D003248,C0009806,T184,14760008.0,False
magnesium oxide,5,DB01377,MESH:D008277,Osteoporosis,MESH:D010024,C0029456,T047,64859006.0,False
aminobenzoic acid,4,DB02362,MESH:D010129,Pemphigus,MESH:D010392,C0030807,T047,65172003.0,False
aminobenzoic acid,4,DB02362,MESH:D010129,Induratio penis plastica,MESH:D010411,C0030848,T047,1335005.0,False
aminobenzoic acid,4,DB02362,MESH:D010129,Morphea,MESH:D012594,C1527383,T047,201049004.0,False
aminobenzoic acid,4,DB02362,MESH:D010129,Dermatomyositis,MESH:D003882,C0011633,T047,396230008.0,False
lorcaserin,1,DB04871,MESH:C506658,Obesity,MESH:D009765,C0028754,T047,414916001.0,False
sitaxentan,1,DB06268,MESH:C106276,Pulmonary arterial hypertension,MESH:D000081029,C2973725,T047,11399002.0,False
ofatumumab,1,DB06650,MESH:C527517,"Chronic lymphoid leukemia, disease",MESH:D015451,C0023434,T191,92814006.0,False
dexmethylphenidate,1,DB06701,MESH:D064699,Attention deficit hyperactivity disorder,MESH:D001289,C1263846,T048,406506008.0,False
