drug_name,num_ind_dc,drugbank,drug_mesh,disease_name,disease_mesh,disease_umls,cui_semantic_type,snomed_conceptid,in_dmdb
torsemide,2,DB00214,MESH:C026116,Hypertensive disorder,MESH:D006973,C0020538,T047,38341003.0,False
torsemide,2,DB00214,MESH:C026116,Edema,MESH:D004487,C0013604,T046,267038008.0,False
thiethylperazine,2,DB00372,MESH:D013847,Nausea,MESH:D009325,C0027497,T184,422587007.0,False
thiethylperazine,2,DB00372,MESH:D013847,Vomiting,MESH:D014839,C0042963,T184,422400008.0,False
gentian violet,1,DB00406,MESH:D005840,Candidal vulvovaginitis,MESH:D002181,C0700345,T047,72605008.0,False
clofazimine,3,DB00845,MESH:D002991,Pyoderma gangrenosum,MESH:D017511,C0085652,T047,74578003.0,False
clofazimine,3,DB00845,MESH:D002991,Multibacillary leprosy,MESH:D056006,C1562585,T047,416257001.0,False
clofazimine,3,DB00845,MESH:D002991,Leprosy,MESH:D007918,C0023343,T047,81004002.0,False
salicylic acid,10,DB00936,"MESH:D012980,MESH:C015075,MESH:D020156",Synovitis,MESH:D013585,C0039103,T047,416209007.0,False
salicylic acid,10,DB00936,"MESH:D012980,MESH:C015075,MESH:D020156",Pain,MESH:D010146,C0030193,T184,22253000.0,False
salicylic acid,10,DB00936,"MESH:D012980,MESH:C015075,MESH:D020156",Rheumatoid arthritis,MESH:D001172,C0003873,T047,69896004.0,False
salicylic acid,10,DB00936,"MESH:D012980,MESH:C015075,MESH:D020156",Tinea pedis,MESH:D014008,C0040259,T047,6020002.0,False
salicylic acid,10,DB00936,"MESH:D012980,MESH:C015075,MESH:D020156",Acne vulgaris,MESH:D000152,C0001144,T047,88616000.0,False
salicylic acid,10,DB00936,"MESH:D012980,MESH:C015075,MESH:D020156",Common cold,MESH:D003139,C0009443,T047,82272006.0,False
salicylic acid,10,DB00936,"MESH:D012980,MESH:C015075,MESH:D020156",Fever,MESH:D005334,C0015967,T033,386661006.0,False
salicylic acid,10,DB00936,"MESH:D012980,MESH:C015075,MESH:D020156",Osteoarthritis,MESH:D010003,C0029408,T047,396275006.0,False
salicylic acid,10,DB00936,"MESH:D012980,MESH:C015075,MESH:D020156",Allergic rhinitis,MESH:D065631,C2607914,T047,61582004.0,False
salicylic acid,10,DB00936,"MESH:D012980,MESH:C015075,MESH:D020156",Seborrheic dermatitis,MESH:D012628,C0036508,T047,50563003.0,False
glipizide,1,DB01067,MESH:D005913,Diabetes mellitus type 2,MESH:D003924,C0011860,T047,44054006.0,False
ceftolozane,2,DB09050,"MESH:C519491,MESH:C000594038",Infectious disease of abdomen,MESH:D059413,C1112209,T047,128070006.0,False
ceftolozane,2,DB09050,"MESH:C519491,MESH:C000594038",Urinary tract infectious disease,MESH:D014552,C0042029,T047,68566005.0,False
rucaparib,1,DB12332,MESH:C531549,Malignant tumor of ovary,MESH:D010051,C1140680,T191,363443007.0,False
