drug_name,num_ind_dc,drugbank,drug_mesh,disease_name,disease_mesh,disease_umls,cui_semantic_type,snomed_conceptid,in_dmdb
phenylephrine,14,DB00388,MESH:D010656,Headache disorder,MESH:D020773,C0393735,T047,230461009.0,False
phenylephrine,14,DB00388,MESH:D010656,Dilated pupil,MESH:D015878,C0026961,T184,37125009.0,False
phenylephrine,14,DB00388,MESH:D010656,Vasomotor rhinitis,MESH:D012223,C0035460,T047,8229003.0,False
phenylephrine,14,DB00388,MESH:D010656,Seasonal allergic rhinitis,MESH:D006255,C0018621,T047,367498001.0,False
phenylephrine,14,DB00388,MESH:D010656,Hemorrhoids,MESH:D006484,C0019112,T020,70153002.0,False
phenylephrine,14,DB00388,MESH:D010656,Allergic rhinitis,MESH:D065631,C2607914,T047,61582004.0,False
phenylephrine,14,DB00388,MESH:D010656,Proctitis,MESH:D011349,C0033246,T047,3951002.0,False
phenylephrine,14,DB00388,MESH:D010656,Rhinitis,MESH:D012220,C0035455,T047,70076002.0,False
phenylephrine,14,DB00388,MESH:D010656,Common cold,MESH:D003139,C0009443,T047,82272006.0,False
phenylephrine,14,DB00388,MESH:D010656,Allergic conjunctivitis,MESH:D003233,C0009766,T047,473460002.0,False
phenylephrine,14,DB00388,MESH:D010656,Pruritus ani,MESH:D011538,C0033775,T184,90446007.0,False
phenylephrine,14,DB00388,MESH:D010656,Fever,MESH:D005334,C0015967,T033,386661006.0,False
phenylephrine,14,DB00388,MESH:D010656,Sneezing,MESH:D012912,C0037383,T033,76067001.0,False
phenylephrine,14,DB00388,MESH:D010656,Cough,MESH:D003371,C0010200,T184,49727002.0,False
fluticasone propionate,11,DB00588,MESH:D000068298,Atopic dermatitis,MESH:D003876,C0011615,T047,24079001.0,False
fluticasone propionate,11,DB00588,MESH:D000068298,Lichen simplex chronicus,MESH:D009450,C0149922,T047,53891004.0,False
fluticasone propionate,11,DB00588,MESH:D000068298,Pruritus ani,MESH:D011538,C0033775,T184,90446007.0,False
fluticasone propionate,11,DB00588,MESH:D000068298,Primary cutaneous T-cell lymphoma,MESH:D016410,C0079773,T191,400122007.0,False
fluticasone propionate,11,DB00588,MESH:D000068298,Granuloma annulare,MESH:D016460,C0085074,T047,65508009.0,False
fluticasone propionate,11,DB00588,MESH:D000068298,Allergic rhinitis,MESH:D065631,C2607914,T047,61582004.0,False
fluticasone propionate,11,DB00588,MESH:D000068298,Eruption of skin,MESH:D005076,C0015230,T047,271807003.0,False
fluticasone propionate,11,DB00588,MESH:D000068298,Contact dermatitis,MESH:D003877,C0011616,T047,40275004.0,False
fluticasone propionate,11,DB00588,MESH:D000068298,Pulmonary emphysema,MESH:D011656,C0034067,T047,87433001.0,False
fluticasone propionate,11,DB00588,MESH:D000068298,Discoid lupus erythematosus,MESH:D008179,C0024138,T047,200938002.0,False
fluticasone propionate,11,DB00588,MESH:D000068298,Seborrheic dermatitis,MESH:D012628,C0036508,T047,50563003.0,False
