drug_name,num_ind_dc,drugbank,drug_mesh,disease_name,disease_mesh,disease_umls,cui_semantic_type,snomed_conceptid,in_dmdb
guanadrel,1,DB00226,MESH:C004945,Hypertensive disorder,MESH:D006973,C0020538,T047,38341003.0,False
cyclacillin,3,DB01000,MESH:D003493,Pharyngitis,MESH:D010612,C0031350,T047,405737000.0,False
cyclacillin,3,DB01000,MESH:D003493,Urinary tract infectious disease,MESH:D014552,C0042029,T047,68566005.0,False
cyclacillin,3,DB01000,MESH:D003493,Bronchitis,MESH:D001991,C0006277,T047,32398004.0,False
clindamycin phosphate,9,DB01190,MESH:C007084,Infectious disease of abdomen,MESH:D059413,C1112209,T047,128070006.0,False
clindamycin,9,DB01190,MESH:D002981,Bacterial vaginosis,MESH:D016585,C0085166,T047,419760006.0,False
clindamycin phosphate,9,DB01190,MESH:C007084,Empyema of pleura,MESH:D016724,C0014013,T047,58554001.0,False
clindamycin phosphate,9,DB01190,MESH:C007084,Aspiration pneumonia,MESH:D011015,C0032290,T047,422588002.0,False
clindamycin,9,DB01190,MESH:D002981,Pneumococcal pneumonia,MESH:D011018,C0155862,T047,233607000.0,False
clindamycin phosphate,9,DB01190,MESH:C007084,Acne vulgaris,MESH:D000152,C0001144,T047,88616000.0,False
clindamycin phosphate,9,DB01190,MESH:C007084,Streptococcus pyogenes infection,MESH:D013290,C0554628,T047,302809008.0,False
clindamycin phosphate,9,DB01190,MESH:C007084,Staphylococcal pneumonia,MESH:D011023,C0032308,T047,22754005.0,False
clindamycin phosphate,9,DB01190,MESH:C007084,Infection due to Staphylococcus aureus,MESH:D013203,C1318973,T047,406602003.0,False
saquinavir,1,DB01232,"MESH:D019258,MESH:C508896",Human immunodeficiency virus infection,MESH:D015658,C0019693,T047,86406008.0,False
insulin aspart,1,DB01306,MESH:D061267,Diabetes mellitus,MESH:D003920,C0011849,T047,73211009.0,False
iron,1,DB01592,MESH:D007501,Iron deficiency anemia,MESH:D018798,C0162316,T047,87522002.0,False
mianserin,1,DB06148,MESH:D008803,Major depressive disorder,MESH:D003865,C1269683,T048,370143000.0,False
daclatasvir,1,DB09102,MESH:C549273,Chronic hepatitis C,MESH:D019698,C0524910,T047,128302006.0,False
blonanserin,1,DB09223,MESH:C079310,Schizophrenia,MESH:D012559,C0036341,T048,58214004.0,False
glycerol,1,DB09462,MESH:D005990,Constipation,MESH:D003248,C0009806,T184,14760008.0,False
