drug_name,num_ind_dc,drugbank,drug_mesh,disease_name,disease_mesh,disease_umls,cui_semantic_type,snomed_conceptid,in_dmdb
adapalene,1,DB00210,MESH:D000068816,Acne vulgaris,MESH:D000152,C0001144,T047,88616000.0,False
clotrimazole,6,DB00257,MESH:D003022,Candidal vulvovaginitis,MESH:D002181,C0700345,T047,72605008.0,False
clotrimazole,6,DB00257,MESH:D003022,Diaper rash,MESH:D003963,C0011974,T047,91487003.0,False
clotrimazole,6,DB00257,MESH:D003022,Candidiasis of skin,MESH:D002179,C0006846,T047,49883006.0,False
clotrimazole,6,DB00257,MESH:D003022,Candidiasis of mouth,MESH:D002180,C0006849,T047,79740000.0,False
clotrimazole,6,DB00257,MESH:D003022,Tinea pedis,MESH:D014008,C0040259,T047,6020002.0,False
clotrimazole,6,DB00257,MESH:D003022,Pityriasis versicolor,MESH:D014010,C0040262,T047,56454009.0,False
ketoprofen,4,DB01009,MESH:D007660,Dysmenorrhea,MESH:D004412,C0013390,T046,266599000.0,False
ketoprofen,4,DB01009,MESH:D007660,Osteoarthritis,MESH:D010003,C0029408,T047,396275006.0,False
ketoprofen,4,DB01009,MESH:D007660,Pain,MESH:D010146,C0030193,T184,22253000.0,False
ketoprofen,4,DB01009,MESH:D007660,Rheumatoid arthritis,MESH:D001172,C0003873,T047,69896004.0,False
dexfenfluramine,1,DB01191,MESH:D020372,Obesity,MESH:D009765,C0028754,T047,414916001.0,False
artesunate,2,DB09274,"MESH:C039726,MESH:C111789",Vivax malaria,MESH:D016780,C0024537,T047,27052006.0,False
artesunate,2,DB09274,"MESH:C039726,MESH:C111789",Falciparum malaria,MESH:D016778,C0024535,T047,62676009.0,False
ombitasvir,1,DB09296,MESH:C586094,Chronic hepatitis C,MESH:D019698,C0524910,T047,128302006.0,False
venetoclax,1,DB11581,MESH:C579720,"Chronic lymphoid leukemia, disease",MESH:D015451,C0023434,T191,92814006.0,False
inositol,5,DB13178,MESH:D007294,Pellagra,MESH:D010383,C0030783,T047,418186002.0,False
inositol,5,DB13178,MESH:D007294,Hypoalphalipoproteinemia,MESH:D052456,C0473527,T033,190785000.0,False
inositol,5,DB13178,MESH:D007294,Mixed hyperlipidemia,MESH:D006950,C0020474,T047,267434003.0,False
inositol,5,DB13178,MESH:D007294,Hypertriglyceridemia,MESH:D015228,C0020557,T033,302870006.0,False
inositol,5,DB13178,MESH:D007294,Hypercholesterolemia,MESH:D006937,C0020443,T047,13644009.0,False
