drug_name,num_ind_dc,drugbank,drug_mesh,disease_name,disease_mesh,disease_umls,cui_semantic_type,snomed_conceptid,in_dmdb
lovastatin,6,DB00227,MESH:D008148,Hypertriglyceridemia,MESH:D015228,C0020557,T033,302870006.0,False
lovastatin,6,DB00227,MESH:D008148,Hyperlipidemia,MESH:D006949,C0020473,T047,55822004.0,False
lovastatin,6,DB00227,MESH:D008148,Hypercholesterolemia,MESH:D006937,C0020443,T047,13644009.0,False
lovastatin,6,DB00227,MESH:D008148,Hypoalphalipoproteinemia,MESH:D052456,C0473527,T033,190785000.0,False
lovastatin,6,DB00227,MESH:D008148,Mixed hyperlipidemia,MESH:D006950,C0020474,T047,267434003.0,False
lovastatin,6,DB00227,MESH:D008148,Arteriosclerotic vascular disease,MESH:D001161,C0003850,T047,72092001.0,False
piroxicam,2,DB00554,MESH:D010894,Osteoarthritis,MESH:D010003,C0029408,T047,396275006.0,False
piroxicam,2,DB00554,MESH:D010894,Rheumatoid arthritis,MESH:D001172,C0003873,T047,69896004.0,False
clavulanic acid,8,DB00766,MESH:D019818,Staphylococcal pneumonia,MESH:D011023,C0032308,T047,22754005.0,False
clavulanic acid,8,DB00766,MESH:D019818,Pneumonia due to Klebsiella pneumoniae,MESH:D007710,C0519030,T047,64479007.0,False
clavulanic acid,8,DB00766,MESH:D019818,Rhinoscleroma,MESH:D012226,C0035468,T047,72409005.0,False
clavulanic acid,8,DB00766,MESH:D019818,Pneumococcal pneumonia,MESH:D011018,C0155862,T047,233607000.0,False
clavulanic acid,8,DB00766,MESH:D019818,Bacterial pneumonia,MESH:D018410,C0004626,T047,53084003.0,False
clavulanic acid,8,DB00766,MESH:D019818,Infection due to Escherichia coli,MESH:D004927,C0014836,T047,71057007.0,False
clavulanic acid,8,DB00766,MESH:D019818,Infection due to Staphylococcus aureus,MESH:D013203,C1318973,T047,406602003.0,False
clavulanic acid,8,DB00766,MESH:D019818,Urinary tract infectious disease,MESH:D014552,C0042029,T047,68566005.0,False
ustekinumab,2,DB05679,MESH:D000069549,Psoriasis with arthropathy,MESH:D015535,C0003872,T047,33339001.0,False
ustekinumab,2,DB05679,MESH:D000069549,Psoriasis,MESH:D011565,C0033860,T047,9014002.0,False
alirocumab,2,DB09302,MESH:C571059,Atherosclerosis,MESH:D050197,C0004153,T047,38716007.0,False
alirocumab,2,DB09302,MESH:C571059,Hypercholesterolemia,MESH:D006937,C0020443,T047,13644009.0,False
