drug_name,num_ind_dc,drugbank,drug_mesh,disease_name,disease_mesh,disease_umls,cui_semantic_type,snomed_conceptid,in_dmdb
triflupromazine,3,DB00508,MESH:D014273,Vomiting,MESH:D014839,C0042963,T184,422400008.0,False
triflupromazine,3,DB00508,MESH:D014273,Psychotic disorder,MESH:D011618,C0033975,T048,69322001.0,False
triflupromazine,3,DB00508,MESH:D014273,Nausea,MESH:D009325,C0027497,T184,422587007.0,False
diprophylline,5,DB00651,"MESH:D004400,MESH:C010130",Asthma-chronic obstructive pulmonary disease overlap syndrome,MESH:D000080445,C4038730,T047,1.0692761000119108e+16,False
diprophylline,5,DB00651,"MESH:D004400,MESH:C010130",Chronic bronchitis,MESH:D029481,C0008677,T047,63480004.0,False
diprophylline,5,DB00651,"MESH:D004400,MESH:C010130",Bronchospasm,MESH:D001986,C0006266,T047,4386001.0,False
diprophylline,5,DB00651,"MESH:D004400,MESH:C010130",Pulmonary emphysema,MESH:D011656,C0034067,T047,87433001.0,False
diprophylline,5,DB00651,"MESH:D004400,MESH:C010130",Asthma,MESH:D001249,C0004096,T047,195967001.0,False
chlorhexidine,1,DB00878,"MESH:D002710,MESH:C010882",Gingivitis,MESH:D005891,C0017574,T047,66383009.0,False
avanafil,1,DB06237,MESH:C553414,Impotence,MESH:D007172,C0242350,T047,397803000.0,False
liraglutide,1,DB06655,MESH:D000069450,Diabetes mellitus type 2,MESH:D003924,C0011860,T047,44054006.0,False
crizotinib,1,DB08865,MESH:C551994,Non-small cell lung cancer,MESH:D002289,C0007131,T191,254637007.0,False
lenvatinib,3,DB09078,MESH:C531958,Papillary thyroid carcinoma,MESH:D000077273,C0238463,T191,255029007.0,False
lenvatinib,3,DB09078,MESH:C531958,Follicular thyroid carcinoma,MESH:D018263,C0206682,T191,255028004.0,False
lenvatinib,3,DB09078,MESH:C531958,Renal cell carcinoma,MESH:D002292,C0007134,T191,702391001.0,False
elbasvir,1,DB11574,MESH:C000589335,Chronic hepatitis C,MESH:D019698,C0524910,T047,128302006.0,False
clobetasol propionate,4,DB11750,MESH:D002990,Contact dermatitis,MESH:D003877,C0011616,T047,40275004.0,False
clobetasol propionate,4,DB11750,MESH:D002990,Seborrheic dermatitis,MESH:D012628,C0036508,T047,50563003.0,False
clobetasol propionate,4,DB11750,MESH:D002990,Dermatosis of scalp,MESH:D012536,C0036271,T047,402694007.0,False
clobetasol propionate,4,DB11750,MESH:D002990,Atopic dermatitis,MESH:D003876,C0011615,T047,24079001.0,False
