drug_name,num_ind_dc,drugbank,drug_mesh,disease_name,disease_mesh,disease_umls,cui_semantic_type,snomed_conceptid,in_dmdb
eptacog alfa (activated),4,DB00036,MESH:C103587,Factor VII deficiency,MESH:D005168,C0015503,T047,37193007.0,False
eptacog alfa (activated),4,DB00036,MESH:C103587,Hereditary factor IX deficiency disease,MESH:D002836,C0008533,T047,41788008.0,False
eptacog alfa (activated),4,DB00036,MESH:C103587,Hereditary factor VIII deficiency disease,MESH:D006467,C0019069,T047,28293008.0,False
eptacog alfa (activated),4,DB00036,MESH:C103587,Glanzmann's thrombasthenia,MESH:D013915,C0040015,T047,32942005.0,False
daclizumab,1,DB00111,MESH:C096001,Relapsing remitting multiple sclerosis,MESH:D020529,C0751967,T047,426373005.0,False
erlotinib,1,DB00530,MESH:D000069347,Non-small cell lung cancer,MESH:D002289,C0007131,T191,254637007.0,False
doxapram,1,DB00561,MESH:D004315,Decreased respiratory function,MESH:D012131,C0235063,T046,80954004.0,False
etodolac,4,DB00749,MESH:D017308,Pain,MESH:D010146,C0030193,T184,22253000.0,False
etodolac,4,DB00749,MESH:D017308,Osteoarthritis,MESH:D010003,C0029408,T047,396275006.0,False
etodolac,4,DB00749,MESH:D017308,Juvenile rheumatoid arthritis,MESH:D001171,C3495559,T047,410795001.0,False
etodolac,4,DB00749,MESH:D017308,Rheumatoid arthritis,MESH:D001172,C0003873,T047,69896004.0,False
ciclesonide,3,DB01410,MESH:C120481,Seasonal allergic rhinitis,MESH:D006255,C0018621,T047,367498001.0,False
ciclesonide,3,DB01410,MESH:C120481,Allergic rhinitis,MESH:D065631,C2607914,T047,61582004.0,False
ciclesonide,3,DB01410,MESH:C120481,Asthma,MESH:D001249,C0004096,T047,195967001.0,False
lincomycin,3,DB01627,MESH:D008034,Streptococcal infectious disease,MESH:D013290,C0038395,T047,85769006.0,False
lincomycin,3,DB01627,MESH:D008034,Pneumococcal infectious disease,MESH:D011008,C0032269,T047,16814004.0,False
lincomycin,3,DB01627,MESH:D008034,Staphylococcal infectious disease,MESH:D013203,C0038160,T047,56038003.0,False
cariprazine,1,DB06016,MESH:C533287,Schizophrenia,MESH:D012559,C0036341,T048,58214004.0,False
laquinimod,1,DB06685,MESH:C476223,Relapsing remitting multiple sclerosis,MESH:D020529,C0751967,T047,426373005.0,False
levosalbutamol,1,DB13139,MESH:D064412,Bronchospasm,MESH:D001986,C0006266,T047,4386001.0,False
