drug_name,num_ind_dc,drugbank,drug_mesh,disease_name,disease_mesh,disease_umls,cui_semantic_type,snomed_conceptid,in_dmdb
glycine,4,DB00145,MESH:D005998,Rhinitis,MESH:D012220,C0035455,T047,70076002.0,False
glycine,4,DB00145,MESH:D005998,Allergic rhinitis,MESH:D065631,C2607914,T047,61582004.0,False
glycine,4,DB00145,MESH:D005998,Cough,MESH:D003371,C0010200,T184,49727002.0,False
glycine,4,DB00145,MESH:D005998,Common cold,MESH:D003139,C0009443,T047,82272006.0,False
phenylpropanolamine,8,DB00397,MESH:D010665,Allergic rhinitis,MESH:D065631,C2607914,T047,61582004.0,False
phenylpropanolamine,8,DB00397,MESH:D010665,Rhinitis,MESH:D012220,C0035455,T047,70076002.0,False
phenylpropanolamine,8,DB00397,MESH:D010665,Allergic conjunctivitis,MESH:D003233,C0009766,T047,473460002.0,False
phenylpropanolamine,8,DB00397,MESH:D010665,Common cold,MESH:D003139,C0009443,T047,82272006.0,False
phenylpropanolamine,8,DB00397,MESH:D010665,Sneezing,MESH:D012912,C0037383,T033,76067001.0,False
phenylpropanolamine,8,DB00397,MESH:D010665,Seasonal allergic rhinitis,MESH:D006255,C0018621,T047,367498001.0,False
phenylpropanolamine,8,DB00397,MESH:D010665,Cough,MESH:D003371,C0010200,T184,49727002.0,False
phenylpropanolamine,8,DB00397,MESH:D010665,Vasomotor rhinitis,MESH:D012223,C0035460,T047,8229003.0,False
trovafloxacin,7,DB00685,MESH:C080163,Staphylococcal pneumonia,MESH:D011023,C0032308,T047,22754005.0,False
trovafloxacin,7,DB00685,MESH:C080163,Pneumonia due to Mycoplasma pneumoniae,MESH:D011019,C0032302,T047,46970008.0,False
trovafloxacin,7,DB00685,MESH:C080163,Infectious disease of abdomen,MESH:D059413,C1112209,T047,128070006.0,False
trovafloxacin,7,DB00685,MESH:C080163,Pneumonia due to Streptococcus,MESH:D011018,C0155862,T047,34020007.0,False
trovafloxacin,7,DB00685,MESH:C080163,Urinary tract infectious disease,MESH:D014552,C0042029,T047,68566005.0,False
trovafloxacin,7,DB00685,MESH:C080163,Endomyometritis,MESH:D004716,C0269050,T047,88027004.0,False
trovafloxacin,7,DB00685,MESH:C080163,Chlamydial pneumonia,MESH:D061387,C0339959,T047,233609002.0,False
misoprostol,1,DB00929,"MESH:D016595,MESH:C047042",Postpartum hemorrhage,MESH:D006473,C0032797,T046,47821001.0,False
telbivudine,1,DB01265,MESH:C487779,Chronic type B viral hepatitis,MESH:D019694,C0524909,T047,61977001.0,False
betahistine,1,DB06698,MESH:D001621,Ménière's disease,MESH:D008575,C0025281,T047,13445001.0,False
