drug_name,num_ind_dc,drugbank,drug_mesh,disease_name,disease_mesh,disease_umls,cui_semantic_type,snomed_conceptid,in_dmdb
pegvisomant,1,DB00082,MESH:C406545,Acromegaly,MESH:D000172,C0001206,T047,74107003.0,False
tolcapone,1,DB00323,MESH:C066340,Parkinson's disease,MESH:D010300,C0030567,T047,49049000.0,False
diclofenac,6,DB00586,"MESH:C064142,MESH:D004008,MESH:C000614065",Osteoarthritis,MESH:D010003,C0029408,T047,396275006.0,False
diclofenac,6,DB00586,"MESH:C064142,MESH:D004008,MESH:C000614065",Actinic keratosis,MESH:D055623,C0022602,T191,201101007.0,False
diclofenac,6,DB00586,"MESH:C064142,MESH:D004008,MESH:C000614065",Rheumatoid arthritis,MESH:D001172,C0003873,T047,69896004.0,False
diclofenac,6,DB00586,"MESH:C064142,MESH:D004008,MESH:C000614065",Pain,MESH:D010146,C0030193,T184,22253000.0,False
diclofenac,6,DB00586,"MESH:C064142,MESH:D004008,MESH:C000614065",Dysmenorrhea,MESH:D004412,C0013390,T046,266599000.0,False
diclofenac,6,DB00586,"MESH:C064142,MESH:D004008,MESH:C000614065",Ankylosing spondylitis,MESH:D013167,C0038013,T047,9631008.0,False
pentazocine,2,DB00652,MESH:D010423,Pain,MESH:D010146,C0030193,T184,22253000.0,False
pentazocine,2,DB00652,MESH:D010423,Labor pain,MESH:D048949,C0474368,T184,247412007.0,False
tolterodine,1,DB01036,MESH:D000068737,Urge incontinence of urine,MESH:D053202,C0150045,T184,87557004.0,False
dihydrotachysterol,5,DB01070,MESH:D004097,Hypophosphatemia,MESH:D017674,C0085682,T046,4996001.0,False
dihydrotachysterol,5,DB01070,MESH:D004097,Hypoparathyroidism,MESH:D007011,C0020626,T047,36976004.0,False
dihydrotachysterol,5,DB01070,MESH:D004097,Hypocalcemia,MESH:D006996,C0020598,T046,5291005.0,False
dihydrotachysterol,5,DB01070,MESH:D004097,Rickets,MESH:D012279,C0035579,T047,41345002.0,False
dihydrotachysterol,5,DB01070,MESH:D004097,Tetany,MESH:D013746,C0039621,T047,10629009.0,False
molindone,1,DB01618,MESH:D008972,Schizophrenia,MESH:D012559,C0036341,T048,58214004.0,False
somatrem,1,DB09098,MESH:C447442,Pituitary dwarfism,MESH:D004393,C0013338,T047,367460001.0,False
lesinurad,1,DB11560,MESH:C000593471,Hyperuricemia,MESH:D033461,C0740394,T047,35885006.0,False
imrecoxib,1,DB12354,MESH:C488833,Osteoarthritis,MESH:D010003,C0029408,T047,396275006.0,False
