drug_name,num_ind_dc,drugbank,drug_mesh,disease_name,disease_mesh,disease_umls,cui_semantic_type,snomed_conceptid,in_dmdb
omalizumab,2,DB00043,"MESH:C401983,MESH:D000069444",Chronic idiopathic urticaria,MESH:D000080223,C0578870,T047,302162004.0,False
omalizumab,2,DB00043,"MESH:C401983,MESH:D000069444",Asthma,MESH:D001249,C0004096,T047,195967001.0,False
masoprocol,1,DB00179,MESH:D009637,Actinic keratosis,MESH:D055623,C0022602,T191,201101007.0,False
cetirizine,7,DB00341,MESH:D017332,Allergic rhinitis,MESH:D065631,C2607914,T047,61582004.0,False
cetirizine,7,DB00341,MESH:D017332,Sneezing,MESH:D012912,C0037383,T033,76067001.0,False
cetirizine,7,DB00341,MESH:D017332,Vasomotor rhinitis,MESH:D012223,C0035460,T047,8229003.0,False
cetirizine,7,DB00341,MESH:D017332,Chronic idiopathic urticaria,MESH:D000080223,C0578870,T047,302162004.0,False
cetirizine,7,DB00341,MESH:D017332,Common cold,MESH:D003139,C0009443,T047,82272006.0,False
cetirizine,7,DB00341,MESH:D017332,Seasonal allergic rhinitis,MESH:D006255,C0018621,T047,367498001.0,False
cetirizine,7,DB00341,MESH:D017332,Allergic conjunctivitis,MESH:D003233,C0009766,T047,473460002.0,False
dipivefrine,1,"DB00668,DB00449",MESH:C015173,Open-angle glaucoma,MESH:D005902,C0017612,T047,84494001.0,False
oxcarbazepine,1,DB00776,MESH:C036006,Localization-related epilepsy,MESH:D004828,C0014547,T047,230381009.0,False
dienestrol,2,DB00890,MESH:D004028,Atrophic vaginitis,MESH:D059268,C0221392,T047,52441000.0,False
dienestrol,2,DB00890,MESH:D004028,Dyspareunia,MESH:D004414,C1384606,T033,71315007.0,False
benzocaine,4,DB01086,MESH:D001566,Sore throat symptom,MESH:D010612,C0242429,T184,267102003.0,False
benzocaine,4,DB01086,MESH:D001566,Cough,MESH:D003371,C0010200,T184,49727002.0,False
benzocaine,4,DB01086,MESH:D001566,Itching of skin,MESH:D011537,C0033774,T184,418363000.0,False
benzocaine,4,DB01086,MESH:D001566,Tinea pedis,MESH:D014008,C0040259,T047,6020002.0,False
pixantrone,1,DB06193,MESH:C086548,Non-Hodgkin's lymphoma,MESH:D008228,C0024305,T191,118601006.0,False
polidocanol,1,DB06811,MESH:C008976,Venous varices,MESH:D014648,C0042345,T047,128060009.0,False
avelumab,1,DB11945,MESH:C000609138,Merkel cell carcinoma,MESH:D015266,C0007129,T191,253001006.0,False
