drug_name,num_ind_dc,drugbank,drug_mesh,disease_name,disease_mesh,disease_umls,cui_semantic_type,snomed_conceptid,in_dmdb
valrubicin,1,DB00385,MESH:C016163,Malignant tumor of urinary bladder,MESH:D001749,C0005684,T191,399326009.0,False
alprazolam,2,DB00404,MESH:D000525,Panic disorder,MESH:D016584,C0030319,T048,371631005.0,False
alprazolam,2,DB00404,MESH:D000525,Anxiety,MESH:D001007,C0003467,T041,48694002.0,False
sotalol,1,DB00489,MESH:D013015,Atrial fibrillation,MESH:D001281,C0004238,T047,49436004.0,False
sufentanil,1,DB00708,MESH:D017409,Postoperative pain,MESH:D010149,C0030201,T184,213299007.0,False
tirofiban,1,DB00775,MESH:C078823,Acute coronary syndrome,MESH:D054058,C0948089,T047,394659003.0,False
buprenorphine,2,DB00921,MESH:D002047,Opioid dependence,MESH:D009293,C0524662,T048,75544000.0,False
buprenorphine,2,DB00921,MESH:D002047,Chronic pain,MESH:D059350,C0150055,T047,82423001.0,False
papaverine,1,DB01113,MESH:D010208,Peripheral vascular disease,MESH:D016491,C0085096,T047,400047006.0,False
pioglitazone,1,DB01132,MESH:C060836,Diabetes mellitus type 2,MESH:D003924,C0011860,T047,44054006.0,False
itraconazole,7,DB01167,MESH:D017964,Histoplasmosis,MESH:D006660,C0019655,T047,12962009.0,False
itraconazole,7,DB01167,MESH:D017964,Blastomycosis,MESH:D001759,C0005716,T047,69996000.0,False
itraconazole,7,DB01167,MESH:D017964,Invasive pulmonary aspergillosis,MESH:D055744,C0276653,T047,3214003.0,False
itraconazole,7,DB01167,MESH:D017964,Fusarium infection,MESH:D060585,C0276758,T047,64250002.0,False
itraconazole,7,DB01167,MESH:D017964,Disseminated candidiasis,MESH:C536777,C0153252,T047,70572005.0,False
itraconazole,7,DB01167,MESH:D017964,Candidemia,MESH:D058387,C0877445,T047,432261003.0,False
itraconazole,7,DB01167,MESH:D017964,Aspergillosis,MESH:D001228,C0004030,T047,65553006.0,False
diphenidol,1,DB01231,MESH:C004858,Vertigo,MESH:D014717,C0042571,T184,399153001.0,False
nebivolol,1,DB04861,MESH:D000068577,Hypertensive disorder,MESH:D006973,C0020538,T047,38341003.0,False
demexiptiline,1,DB08998,MESH:C033781,Depressive disorder,MESH:D003866,C0011581,T048,35489007.0,False
