drug_name,num_ind_dc,drugbank,drug_mesh,disease_name,disease_mesh,disease_umls,cui_semantic_type,snomed_conceptid,in_dmdb
ciclosporin,3,DB00091,MESH:D016572,Tear film insufficiency,MESH:D015352,C0013238,T047,46152009.0,False
ciclosporin,3,DB00091,MESH:D016572,Keratoconjunctivitis sicca,MESH:D007638,C0022575,T047,302896008.0,False
ciclosporin,3,DB00091,MESH:D016572,Rheumatoid arthritis,MESH:D001172,C0003873,T047,69896004.0,False
protriptyline,1,DB00344,MESH:D011530,Depressive disorder,MESH:D003866,C0011581,T048,35489007.0,False
primidone,5,DB00794,MESH:D011324,Simple partial seizure,MESH:D004828,C0234974,T047,117891000119100.0,False
primidone,5,DB00794,MESH:D011324,Epilepsy,MESH:D004827,C0014544,T047,84757009.0,False
primidone,5,DB00794,MESH:D011324,Tonic-clonic seizure,MESH:D012640,C0494475,T047,54200006.0,False
primidone,5,DB00794,MESH:D011324,Lennox-Gastaut syndrome,MESH:D065768,C0238111,T047,230418006.0,False
primidone,5,DB00794,MESH:D011324,Tonic-clonic epilepsy,MESH:D004830,C0014549,T047,352818000.0,False
phenprocoumon,3,DB00946,MESH:D010644,Thrombosis,MESH:D013927,C0040053,T046,439127006.0,False
phenprocoumon,3,DB00946,MESH:D010644,Myocardial infarction,MESH:D009203,C0027051,T047,22298006.0,False
phenprocoumon,3,DB00946,MESH:D010644,Thromboembolic disorder,MESH:D013923,C0040038,T047,371039008.0,False
doxepin,6,DB01142,MESH:D004316,Atopic dermatitis,MESH:D003876,C0011615,T047,24079001.0,False
doxepin,6,DB01142,MESH:D004316,Depressive disorder,MESH:D003866,C0011581,T048,35489007.0,False
doxepin,6,DB01142,MESH:D004316,Anxiety,MESH:D001007,C0003467,T041,48694002.0,False
doxepin,6,DB01142,MESH:D004316,"Bipolar affective disorder, current episode depression",MESH:D001714,C0005587,T048,191627008.0,False
doxepin,6,DB01142,MESH:D004316,Itching of skin,MESH:D011537,C0033774,T184,418363000.0,False
doxepin,6,DB01142,MESH:D004316,Lichen simplex chronicus,MESH:D009450,C0149922,T047,53891004.0,False
lanreotide,1,DB06791,"MESH:C056058,MESH:C060347",Acromegaly,MESH:D000172,C0001206,T047,74107003.0,False
riociguat,1,DB08931,MESH:C542595,Pulmonary arterial hypertension,MESH:D000081029,C2973725,T047,11399002.0,False
vonicog alfa,1,DB12872,MESH:D014841,von Willebrand disorder,MESH:D014842,C0042974,T047,128105004.0,False
