drug_name,num_ind_dc,drugbank,drug_mesh,disease_name,disease_mesh,disease_umls,cui_semantic_type,snomed_conceptid,in_dmdb
denileukin diftitox,1,DB00004,MESH:C078456,Primary cutaneous T-cell lymphoma,MESH:D016410,C0079773,T191,400122007.0,False
ranolazine,1,DB00243,MESH:D000069458,Angina pectoris,MESH:D000787,C0002962,T033,194828000.0,False
carisoprodol,2,DB00395,MESH:D002328,Spasticity,MESH:D009128,C0026838,T184,221360009.0,False
carisoprodol,2,DB00395,MESH:D002328,Backache,MESH:D001416,C0004604,T184,161891005.0,False
entecavir,1,DB00442,MESH:C413685,Chronic type B viral hepatitis,MESH:D019694,C0524909,T047,61977001.0,False
pethidine,2,DB00454,MESH:D008614,Pain,MESH:D010146,C0030193,T184,22253000.0,False
pethidine,2,DB00454,MESH:D008614,Labor pain,MESH:D048949,C0474368,T184,247412007.0,False
nafarelin,2,DB00666,MESH:D017274,Precocious puberty,MESH:D011629,C0034013,T033,400179000.0,False
nafarelin,2,DB00666,MESH:D017274,Endometriosis,MESH:D004715,C0014175,T047,129103003.0,False
pilocarpine,3,DB01085,MESH:D010862,Open-angle glaucoma,MESH:D005902,C0017612,T047,84494001.0,False
pilocarpine,3,DB01085,MESH:D010862,Aptyalism,MESH:D014987,C0043352,T184,87715008.0,False
pilocarpine,3,DB01085,MESH:D010862,Ocular hypertension,MESH:D009798,C0028840,T047,4210003.0,False
temocapril,1,DB08836,"MESH:C055603,MESH:C069156",Hypertensive disorder,MESH:D006973,C0020538,T047,38341003.0,False
pramocaine,7,DB09345,MESH:C005548,Pruritus ani,MESH:D011538,C0033775,T184,90446007.0,False
pramocaine,7,DB09345,MESH:C005548,Otitis externa,MESH:D010032,C0029878,T047,3135009.0,False
pramocaine,7,DB09345,MESH:C005548,Proctitis,MESH:D011349,C0033246,T047,3951002.0,False
pramocaine,7,DB09345,MESH:C005548,Hemorrhoids,MESH:D006484,C0019112,T020,70153002.0,False
pramocaine,7,DB09345,MESH:C005548,Itching of skin,MESH:D011537,C0033774,T184,418363000.0,False
pramocaine,7,DB09345,MESH:C005548,Eruption of skin,MESH:D005076,C0015230,T047,271807003.0,False
pramocaine,7,DB09345,MESH:C005548,Tinea pedis,MESH:D014008,C0040259,T047,6020002.0,False
