drug_name,num_ind_dc,drugbank,drug_mesh,disease_name,disease_mesh,disease_umls,cui_semantic_type,snomed_conceptid,in_dmdb
gentamicin,15,DB00798,MESH:D005839,Bacterial meningitis,MESH:D016920,C0085437,T047,95883001.0,False
gentamicin,15,DB00798,MESH:D005839,Sepsis of the newborn,MESH:D000071074,C0456103,T047,206376005.0,False
gentamicin,15,DB00798,MESH:D005839,Infectious disease of abdomen,MESH:D059413,C1112209,T047,128070006.0,False
gentamicin,15,DB00798,MESH:D005839,Paronychia,MESH:D010304,C0030578,T047,71906005.0,False
gentamicin,15,DB00798,MESH:D005839,Infection due to Enterobacteriaceae,MESH:D004756,C0014347,T047,128945009.0,False
gentamicin,15,DB00798,MESH:D005839,Infection due to Escherichia coli,MESH:D004927,C0014836,T047,71057007.0,False
gentamicin,15,DB00798,MESH:D005839,Bacterial infection of skin,MESH:D017192,C0162627,T047,128936008.0,False
gentamicin,15,DB00798,MESH:D005839,Folliculitis,MESH:D005499,C0016436,T047,13600006.0,False
gentamicin,15,DB00798,MESH:D005839,Dacryocystitis,MESH:D003607,C0010930,T047,85777005.0,False
gentamicin,15,DB00798,MESH:D005839,Bacterial pneumonia,MESH:D018410,C0004626,T047,53084003.0,False
gentamicin,15,DB00798,MESH:D005839,Rhinoscleroma,MESH:D012226,C0035468,T047,72409005.0,False
gentamicin,15,DB00798,MESH:D005839,Cholangitis,MESH:D002761,C0008311,T047,82403002.0,False
gentamicin,15,DB00798,MESH:D005839,Furunculosis,MESH:D005667,C0016867,T047,112650006.0,False
gentamicin,15,DB00798,MESH:D005839,Bacterial infection due to Serratia,MESH:D016868,C0085394,T047,71120004.0,False
gentamicin,15,DB00798,MESH:D005839,Bacterial conjunctivitis,MESH:D003234,C0009768,T047,128350005.0,False
benzylpenicillin,36,DB01053,"MESH:D010406,MESH:D010400",Infection due to Clostridium botulinum,MESH:D001906,C0006057,T037,398565003.0,False
benzylpenicillin,36,DB01053,"MESH:D010406,MESH:D010400",Late syphilis,MESH:C536774,C0153188,T047,72083004.0,False
benzylpenicillin,36,DB01053,"MESH:D010406,MESH:D010400",Pasteurella infection,MESH:D010326,C0030636,T047,83172007.0,False
benzylpenicillin,36,DB01053,"MESH:D010406,MESH:D010400",Erysipelas,MESH:D004886,C0014733,T047,44653001.0,False
benzylpenicillin,36,DB01053,"MESH:D010406,MESH:D010400",Sepsis of the newborn,MESH:D000071074,C0456103,T047,206376005.0,False
benzylpenicillin,36,DB01053,"MESH:D010406,MESH:D010400",Secondary syphilis,MESH:C536773,C0149985,T047,240557004.0,False
benzylpenicillin,36,DB01053,"MESH:D010406,MESH:D010400",Neurosyphilis,MESH:D009494,C0027927,T047,26039008.0,False
benzylpenicillin,36,DB01053,"MESH:D010406,MESH:D010400",Infection due to Staphylococcus aureus,MESH:D013203,C1318973,T047,406602003.0,False
benzylpenicillin,36,DB01053,"MESH:D010406,MESH:D010400",Bacterial endocarditis,MESH:D004697,C0014121,T047,301183007.0,False
benzylpenicillin,36,DB01053,"MESH:D010406,MESH:D010400",Scarlet fever,MESH:D012541,C0036285,T047,30242009.0,False
benzylpenicillin,36,DB01053,"MESH:D010406,MESH:D010400",Listeria meningitis,MESH:D008584,C0025293,T047,31568009.0,False
benzylpenicillin,36,DB01053,"MESH:D010406,MESH:D010400",Gastrointestinal anthrax,MESH:C571911,C0152945,T047,111798006.0,False
benzylpenicillin,36,DB01053,"MESH:D010406,MESH:D010400",Inhalational anthrax,MESH:C571912,C0155866,T047,11389007.0,False
benzylpenicillin,36,DB01053,"MESH:D010406,MESH:D010400",Congenital syphilis,MESH:D013590,C0039131,T047,35742006.0,False
benzylpenicillin,36,DB01053,"MESH:D010406,MESH:D010400",Pharyngitis,MESH:D010612,C0031350,T047,405737000.0,False
benzylpenicillin,36,DB01053,"MESH:D010406,MESH:D010400",Syphilis,MESH:D013587,C0039128,T047,76272004.0,False
benzylpenicillin,36,DB01053,"MESH:D010406,MESH:D010400",Cutaneous anthrax,MESH:C531621,C0003177,T047,84980006.0,False
benzylpenicillin,36,DB01053,"MESH:D010406,MESH:D010400",Yaws,MESH:D015001,C0043388,T047,70647001.0,False
benzylpenicillin,36,DB01053,"MESH:D010406,MESH:D010400",Cervicofacial actinomycosis,MESH:D000197,C0001264,T047,23014006.0,False
benzylpenicillin,36,DB01053,"MESH:D010406,MESH:D010400",Diphtheria,MESH:D004165,C0012546,T047,397428000.0,False
benzylpenicillin,36,DB01053,"MESH:D010406,MESH:D010400",Erysipeloid,MESH:D004887,C1276801,T047,400105005.0,False
benzylpenicillin,36,DB01053,"MESH:D010406,MESH:D010400",Meningococcal meningitis,MESH:D008585,C0025294,T047,192644005.0,False
benzylpenicillin,36,DB01053,"MESH:D010406,MESH:D010400",Aspiration pneumonia,MESH:D011015,C0032290,T047,422588002.0,False
benzylpenicillin,36,DB01053,"MESH:D010406,MESH:D010400",Tetanus,MESH:D013742,C0039614,T047,76902006.0,False
benzylpenicillin,36,DB01053,"MESH:D010406,MESH:D010400",Rat bite fever,MESH:D011906,C0034686,T047,1685005.0,False
benzylpenicillin,36,DB01053,"MESH:D010406,MESH:D010400",Latent syphilis,MESH:D013592,C0039133,T047,444150000.0,False
benzylpenicillin,36,DB01053,"MESH:D010406,MESH:D010400",Pneumonia due to Streptococcus,MESH:D011018,C0155862,T047,34020007.0,False
benzylpenicillin,36,DB01053,"MESH:D010406,MESH:D010400",Upper respiratory infection,MESH:D012141,C0041912,T047,54150009.0,False
benzylpenicillin,36,DB01053,"MESH:D010406,MESH:D010400",Pneumococcal meningitis,MESH:D008586,C0025295,T047,51169003.0,False
benzylpenicillin,36,DB01053,"MESH:D010406,MESH:D010400",Actinomycotic infection,MESH:D000196,C0001261,T047,11817007.0,False
benzylpenicillin,36,DB01053,"MESH:D010406,MESH:D010400",Streptococcal infectious disease,MESH:D013290,C0038395,T047,85769006.0,False
benzylpenicillin,36,DB01053,"MESH:D010406,MESH:D010400",Anthrax,MESH:D000881,C0003175,T047,409498004.0,False
benzylpenicillin,36,DB01053,"MESH:D010406,MESH:D010400",Bejel,MESH:D014211,C0004945,T047,240686008.0,False
benzylpenicillin,36,DB01053,"MESH:D010406,MESH:D010400",Gangrenous pneumonia,MESH:D000071067,C0264515,T047,7063008.0,False
benzylpenicillin,36,DB01053,"MESH:D010406,MESH:D010400",Abscess of lung,MESH:D008169,C0024110,T047,73452002.0,False
benzylpenicillin,36,DB01053,"MESH:D010406,MESH:D010400",Pinta,MESH:D010874,C0031946,T047,22064009.0,False
