drug_name,num_ind_dc,drugbank,drug_mesh,disease_name,disease_mesh,disease_umls,cui_semantic_type,snomed_conceptid,in_dmdb
goserelin,1,DB00014,MESH:D017273,Endometriosis,MESH:D004715,C0014175,T047,129103003.0,False
interferon beta-1b,1,DB00068,MESH:D000068576,Relapsing remitting multiple sclerosis,MESH:D020529,C0751967,T047,426373005.0,False
cysteine,4,DB00151,MESH:D003545,Cystic fibrosis of the lung,MESH:D003550,C0392164,T047,86555001.0,False
cysteine,4,DB00151,MESH:D003545,Bronchitis,MESH:D001991,C0006277,T047,32398004.0,False
cysteine,4,DB00151,MESH:D003545,Bronchiectasis,MESH:D001987,C0006267,T047,12295008.0,False
cysteine,4,DB00151,MESH:D003545,Amyloidosis,MESH:D000686,C0002726,T047,17602002.0,False
tacrine,1,DB00382,MESH:D013619,Alzheimer's disease,MESH:D000544,C0002395,T047,26929004.0,False
piperazine,2,DB00592,"MESH:C006589,MESH:C034930",Ascariasis,MESH:D001196,C0003950,T047,2435008.0,False
piperazine,2,DB00592,"MESH:C006589,MESH:C034930",Enterobiasis,MESH:D017229,C0086227,T047,266162007.0,False
tranylcypromine,1,DB00752,MESH:D014191,Major depressive disorder,MESH:D003865,C1269683,T048,370143000.0,False
drostanolone propionate,1,DB00858,"MESH:C100263,MESH:C007561",Malignant tumor of breast,MESH:D001943,C0006142,T191,254837009.0,False
acetophenazine,1,DB01063,MESH:C100162,Psychotic disorder,MESH:D011618,C0033975,T048,69322001.0,False
tetrabenazine,1,DB04844,MESH:D013747,Huntington's chorea,MESH:D006816,C0020179,T047,58756001.0,False
tranilast,5,DB07615,MESH:C012293,Asthma,MESH:D001249,C0004096,T047,195967001.0,False
tranilast,5,DB07615,MESH:C012293,Allergic rhinitis,MESH:D065631,C2607914,T047,61582004.0,False
tranilast,5,DB07615,MESH:C012293,Atopic dermatitis,MESH:D003876,C0011615,T047,24079001.0,False
tranilast,5,DB07615,MESH:C012293,Keloid scar,MESH:D007627,C0022548,T020,33659008.0,False
tranilast,5,DB07615,MESH:C012293,Hypertrophic scar,MESH:D017439,C0162810,T020,19843006.0,False
fidaxomicin,2,DB08874,MESH:C010211,Pseudomembranous enterocolitis,MESH:D004761,C0014358,T047,397683000.0,False
fidaxomicin,2,DB08874,MESH:C010211,Clostridium difficile infection,MESH:D003015,C0343386,T047,186431008.0,False
