drug_name,num_ind_dc,drugbank,drug_mesh,disease_name,disease_mesh,disease_umls,cui_semantic_type,snomed_conceptid,in_dmdb
ergotamine,3,DB00696,MESH:D004878,Vascular headache,MESH:D014653,C0042376,T047,128187005.0,False
ergotamine,3,DB00696,MESH:D004878,Migraine,MESH:D008881,C0149931,T047,37796009.0,False
ergotamine,3,DB00696,MESH:D004878,Cluster headache syndrome,MESH:D003027,C0009088,T047,193031009.0,False
meclozine,2,DB00737,MESH:D008468,Motion sickness,MESH:D009041,C0026603,T047,37031009.0,False
meclozine,2,DB00737,MESH:D008468,Vertigo,MESH:D014717,C0042571,T184,399153001.0,False
hydroflumethiazide,2,DB00774,MESH:D006857,Edema,MESH:D004487,C0013604,T046,267038008.0,False
hydroflumethiazide,2,DB00774,MESH:D006857,Hypertensive disorder,MESH:D006973,C0020538,T047,38341003.0,False
dimenhydrinate,4,DB00985,MESH:D004111,Vomiting,MESH:D014839,C0042963,T184,422400008.0,False
dimenhydrinate,4,DB00985,MESH:D004111,Vertigo,MESH:D014717,C0042571,T184,399153001.0,False
dimenhydrinate,4,DB00985,MESH:D004111,Nausea,MESH:D009325,C0027497,T184,422587007.0,False
dimenhydrinate,4,DB00985,MESH:D004111,Motion sickness,MESH:D009041,C0026603,T047,37031009.0,False
diphenoxylate,1,DB01081,MESH:D004157,Diarrhea,MESH:D003967,C0011991,T184,62315008.0,False
azosemide,1,DB08961,MESH:C018222,Congestive heart failure,MESH:D006333,C0018802,T047,42343007.0,False
ledipasvir,1,DB09027,MESH:C586541,Chronic hepatitis C,MESH:D019698,C0524910,T047,128302006.0,False
alatrofloxacin,6,"DB09335,DB00685",MESH:C106856,Pneumonia due to Mycoplasma pneumoniae,MESH:D011019,C0032302,T047,46970008.0,False
alatrofloxacin,6,"DB09335,DB00685",MESH:C106856,Pneumonia due to Streptococcus,MESH:D011018,C0155862,T047,34020007.0,False
alatrofloxacin,6,"DB09335,DB00685",MESH:C106856,Chlamydial pneumonia,MESH:D061387,C0339959,T047,233609002.0,False
alatrofloxacin,6,"DB09335,DB00685",MESH:C106856,Infectious disease of abdomen,MESH:D059413,C1112209,T047,128070006.0,False
alatrofloxacin,6,"DB09335,DB00685",MESH:C106856,Urinary tract infectious disease,MESH:D014552,C0042029,T047,68566005.0,False
alatrofloxacin,6,"DB09335,DB00685",MESH:C106856,Staphylococcal pneumonia,MESH:D011023,C0032308,T047,22754005.0,False
