drug_name,num_ind_dc,drugbank,drug_mesh,disease_name,disease_mesh,disease_umls,cui_semantic_type,snomed_conceptid,in_dmdb
haloperidol,3,DB00502,MESH:D006220,Gilles de la Tourette's syndrome,MESH:D005879,C0040517,T047,5158005.0,False
haloperidol,3,DB00502,MESH:D006220,Psychotic disorder,MESH:D011618,C0033975,T048,69322001.0,False
haloperidol,3,DB00502,MESH:D006220,Schizophrenia,MESH:D012559,C0036341,T048,58214004.0,False
fenoprofen,3,DB00573,MESH:D005279,Rheumatoid arthritis,MESH:D001172,C0003873,T047,69896004.0,False
fenoprofen,3,DB00573,MESH:D005279,Pain,MESH:D010146,C0030193,T184,22253000.0,False
fenoprofen,3,DB00573,MESH:D005279,Osteoarthritis,MESH:D010003,C0029408,T047,396275006.0,False
sumatriptan,2,DB00669,MESH:D018170,Cluster headache syndrome,MESH:D003027,C0009088,T047,193031009.0,False
sumatriptan,2,DB00669,MESH:D018170,Migraine,MESH:D008881,C0149931,T047,37796009.0,False
tadalafil,3,DB00820,MESH:D000068581,Benign prostatic hyperplasia,MESH:D011470,C1739363,T047,266569009.0,False
tadalafil,3,DB00820,MESH:D000068581,Impotence,MESH:D007172,C0242350,T047,397803000.0,False
tadalafil,3,DB00820,MESH:D000068581,Pulmonary hypertension,MESH:D006976,C0020542,T047,70995007.0,False
mercaptamine,1,DB00847,MESH:D003543,Cystinosis,MESH:D003554,C2931187,T047,190681003.0,False
gliquidone,1,DB01251,MESH:C010969,Diabetes mellitus type 2,MESH:D003924,C0011860,T047,44054006.0,False
lactic acid,1,DB04398,MESH:D019344,Itching of skin,MESH:D011537,C0033774,T184,418363000.0,False
quinestrol,2,DB04575,MESH:D011800,Menopausal flushing,MESH:D019584,C0600142,T184,198436008.0,False
quinestrol,2,DB04575,MESH:D011800,Atrophic vaginitis,MESH:D059268,C0221392,T047,52441000.0,False
acetylcysteine,4,DB06151,MESH:D000111,Cystic fibrosis of the lung,MESH:D003550,C0392164,T047,86555001.0,False
acetylcysteine,4,DB06151,MESH:D000111,Bronchiectasis,MESH:D001987,C0006267,T047,12295008.0,False
acetylcysteine,4,DB06151,MESH:D000111,Bronchitis,MESH:D001991,C0006277,T047,32398004.0,False
acetylcysteine,4,DB06151,MESH:D000111,Amyloidosis,MESH:D000686,C0002726,T047,17602002.0,False
loxoprofen,1,DB09212,MESH:C040656,Rheumatoid arthritis,MESH:D001172,C0003873,T047,69896004.0,False
