drug_name,num_ind_dc,drugbank,drug_mesh,disease_name,disease_mesh,disease_umls,cui_semantic_type,snomed_conceptid,in_dmdb
tridihexethyl,2,DB00505,MESH:C005386,Gastric ulcer,MESH:D013276,C0038358,T047,397825006.0,False
tridihexethyl,2,DB00505,MESH:C005386,Peptic ulcer,MESH:D010437,C0030920,T047,13200003.0,False
pralidoxime,1,DB00733,MESH:C028797,Organophosphate poisoning,MESH:D062025,C0700359,T037,8260003.0,False
trioxsalen,1,DB04571,MESH:D014307,Vitiligo,MESH:D014820,C0042900,T047,56727007.0,False
ingenol mebutate,1,DB05013,"MESH:C486592,MESH:C008125",Actinic keratosis,MESH:D055623,C0022602,T191,201101007.0,False
ecallantide,1,DB05311,MESH:C511194,Hereditary angioneurotic edema,MESH:D054179,C0019243,T047,82966003.0,False
ceftaroline fosamil,5,DB06590,MESH:C515501,Pneumococcal pneumonia,MESH:D011018,C0155862,T047,233607000.0,False
ceftaroline fosamil,5,DB06590,MESH:C515501,Infection due to Staphylococcus aureus,MESH:D013203,C1318973,T047,406602003.0,False
ceftaroline fosamil,5,DB06590,MESH:C515501,Rhinoscleroma,MESH:D012226,C0035468,T047,72409005.0,False
ceftaroline fosamil,5,DB06590,MESH:C515501,Infection due to Escherichia coli,MESH:D004927,C0014836,T047,71057007.0,False
ceftaroline fosamil,5,DB06590,MESH:C515501,Streptococcus pyogenes infection,MESH:D013290,C0554628,T047,302809008.0,False
ticagrelor,2,DB08816,MESH:C503700,Acute coronary syndrome,MESH:D054058,C0948089,T047,394659003.0,False
ticagrelor,2,DB08816,MESH:C503700,Peripheral vascular disease,MESH:D016491,C0085096,T047,400047006.0,False
poractant alfa,1,DB09113,MESH:C068291,Respiratory distress syndrome in the newborn,MESH:D012127,C0035220,T047,46775006.0,False
tramazoline,6,DB13064,MESH:C005370,Seasonal allergic rhinitis,MESH:D006255,C0018621,T047,367498001.0,False
tramazoline,6,DB13064,MESH:C005370,Allergic conjunctivitis,MESH:D003233,C0009766,T047,473460002.0,False
tramazoline,6,DB13064,MESH:C005370,Sneezing,MESH:D012912,C0037383,T033,76067001.0,False
tramazoline,6,DB13064,MESH:C005370,Allergic rhinitis,MESH:D065631,C2607914,T047,61582004.0,False
tramazoline,6,DB13064,MESH:C005370,Vasomotor rhinitis,MESH:D012223,C0035460,T047,8229003.0,False
tramazoline,6,DB13064,MESH:C005370,Common cold,MESH:D003139,C0009443,T047,82272006.0,False
