drug_name,num_ind_dc,drugbank,drug_mesh,disease_name,disease_mesh,disease_umls,cui_semantic_type,snomed_conceptid,in_dmdb
lorazepam,7,DB00186,MESH:D008140,Anxiety,MESH:D001007,C0003467,T041,48694002.0,False
lorazepam,7,DB00186,MESH:D008140,Panic disorder,MESH:D016584,C0030319,T048,371631005.0,False
lorazepam,7,DB00186,MESH:D008140,Status epilepticus,MESH:D013226,C0038220,T047,230456007.0,False
lorazepam,7,DB00186,MESH:D008140,Lennox-Gastaut syndrome,MESH:D065768,C0238111,T047,230418006.0,False
lorazepam,7,DB00186,MESH:D008140,Myoclonic seizure,MESH:D004831,C0014550,T047,37356005.0,False
lorazepam,7,DB00186,MESH:D008140,Absence seizure,MESH:D004832,C0014553,T047,79631006.0,False
lorazepam,7,DB00186,MESH:D008140,Atonic seizure,MESH:D012640,C0270846,T047,42365007.0,False
naftifine,1,DB00735,MESH:C029178,Tinea pedis,MESH:D014008,C0040259,T047,6020002.0,False
cefradine,10,DB01333,MESH:D002515,Pneumonia,MESH:D011014,C0032285,T047,233604007.0,False
cefradine,10,DB01333,MESH:D002515,Infection due to Staphylococcus aureus,MESH:D013203,C1318973,T047,406602003.0,False
cefradine,10,DB01333,MESH:D002515,Pneumonia due to Streptococcus,MESH:D011018,C0155862,T047,34020007.0,False
cefradine,10,DB01333,MESH:D002515,Tonsillitis,MESH:D014069,C0040425,T047,90176007.0,False
cefradine,10,DB01333,MESH:D002515,Prostatitis,MESH:D011472,C0033581,T047,9713002.0,False
cefradine,10,DB01333,MESH:D002515,Streptococcus pyogenes infection,MESH:D013290,C0554628,T047,302809008.0,False
cefradine,10,DB01333,MESH:D002515,Upper respiratory infection,MESH:D012141,C0041912,T047,54150009.0,False
cefradine,10,DB01333,MESH:D002515,Urinary tract infectious disease,MESH:D014552,C0042029,T047,68566005.0,False
cefradine,10,DB01333,MESH:D002515,Pharyngitis,MESH:D010612,C0031350,T047,405737000.0,False
cefradine,10,DB01333,MESH:D002515,Staphylococcal pneumonia,MESH:D011023,C0032308,T047,22754005.0,False
sacrosidase,1,DB06760,"MESH:D013393,MESH:D043324",Sucrase-isomaltase deficiency,MESH:C538139,C1283620,T047,78373000.0,False
roxatidine acetate,3,DB08806,MESH:C053742,Gastroesophageal reflux disease,MESH:D005764,C0017168,T047,235595009.0,False
roxatidine acetate,3,DB08806,MESH:C053742,Zollinger-Ellison syndrome,MESH:D015043,C0043515,T047,53132006.0,False
roxatidine acetate,3,DB08806,MESH:C053742,Gastric ulcer,MESH:D013276,C0038358,T047,397825006.0,False
levomilnacipran,1,DB08918,,Major depressive disorder,MESH:D003865,C1269683,T048,370143000.0,False
gepirone,1,DB12184,MESH:C039979,Major depressive disorder,MESH:D003865,C1269683,T048,370143000.0,False
