drug_name,num_ind_dc,drugbank,drug_mesh,disease_name,disease_mesh,disease_umls,cui_semantic_type,snomed_conceptid,in_dmdb
nevirapine,1,DB00238,MESH:D019829,Human immunodeficiency virus infection,MESH:D015658,C0019693,T047,86406008.0,False
risperidone,2,DB00734,MESH:D018967,Schizophrenia,MESH:D012559,C0036341,T048,58214004.0,False
risperidone,2,DB00734,MESH:D018967,Infantile autism,MESH:D001321,C0004352,T048,408857007.0,False
tolazamide,1,DB00839,MESH:D014042,Diabetes mellitus type 2,MESH:D003924,C0011860,T047,44054006.0,False
salsalate,2,"DB00936,DB01399",MESH:C014182,Rheumatoid arthritis,MESH:D001172,C0003873,T047,69896004.0,False
salsalate,2,"DB00936,DB01399",MESH:C014182,Osteoarthritis,MESH:D010003,C0029408,T047,396275006.0,False
diethylpropion,1,DB00937,MESH:D004053,Obesity,MESH:D009765,C0028754,T047,414916001.0,False
clonazepam,5,DB01068,MESH:D002998,Atonic seizure,MESH:D012640,C0270846,T047,42365007.0,False
clonazepam,5,DB01068,MESH:D002998,Panic disorder,MESH:D016584,C0030319,T048,371631005.0,False
clonazepam,5,DB01068,MESH:D002998,Absence seizure,MESH:D004832,C0014553,T047,79631006.0,False
clonazepam,5,DB01068,MESH:D002998,Lennox-Gastaut syndrome,MESH:D065768,C0238111,T047,230418006.0,False
clonazepam,5,DB01068,MESH:D002998,Myoclonic seizure,MESH:D004831,C0014550,T047,37356005.0,False
econazole,3,DB01127,MESH:D004464,Pityriasis versicolor,MESH:D014010,C0040262,T047,56454009.0,False
econazole,3,DB01127,MESH:D004464,Candidiasis of skin,MESH:D002179,C0006846,T047,49883006.0,False
econazole,3,DB01127,MESH:D004464,Tinea pedis,MESH:D014008,C0040259,T047,6020002.0,False
formaldehyde,1,DB03843,MESH:D005557,Influenza,MESH:D007251,C0021400,T047,6142004.0,False
histamine,2,DB05381,"MESH:C027556,MESH:D006632","Acute myeloid leukemia, disease",MESH:D015470,C0023467,T191,91861009.0,False
histamine,2,DB05381,"MESH:C027556,MESH:D006632",Osteoarthritis,MESH:D010003,C0029408,T047,396275006.0,False
inositol nicotinate,1,DB08949,MESH:C005193,Niacin deficiency,MESH:D010383,C0030783,T047,418279001.0,False
trimetazidine,1,DB09069,MESH:D014292,Angina pectoris,MESH:D000787,C0002962,T033,194828000.0,False
