drug_name,num_ind_dc,drugbank,drug_mesh,disease_name,disease_mesh,disease_umls,cui_semantic_type,snomed_conceptid,in_dmdb
phentolamine,2,DB00692,MESH:D010646,Pheochromocytoma,MESH:D010673,C0031511,T191,302835009.0,False
phentolamine,2,DB00692,MESH:D010646,Peripheral vascular disease,MESH:D016491,C0085096,T047,400047006.0,False
thiabendazole,7,DB00730,MESH:D013827,Infection by Strongyloides,MESH:D013322,C0038463,T047,1214006.0,False
thiabendazole,7,DB00730,MESH:D013827,Cutaneous larva migrans,MESH:D007815,C0546999,T047,19362000.0,False
thiabendazole,7,DB00730,MESH:D013827,Trichuriasis,MESH:D014257,C0040954,T047,3752003.0,False
thiabendazole,7,DB00730,MESH:D013827,Ascariasis,MESH:D001196,C0003950,T047,2435008.0,False
thiabendazole,7,DB00730,MESH:D013827,Infection due to Toxocara,MESH:D014120,C0040553,T047,406619001.0,False
thiabendazole,7,DB00730,MESH:D013827,Infection by larvae of Trichinella spiralis,MESH:D014235,C0040896,T047,88264003.0,False
thiabendazole,7,DB00730,MESH:D013827,Enterobiasis,MESH:D017229,C0086227,T047,266162007.0,False
sulfasalazine,3,DB00795,MESH:D012460,Rheumatoid arthritis,MESH:D001172,C0003873,T047,69896004.0,False
sulfasalazine,3,DB00795,MESH:D012460,Ulcerative colitis,MESH:D003093,C0009324,T047,64766004.0,False
sulfasalazine,3,DB00795,MESH:D012460,Juvenile rheumatoid arthritis,MESH:D001171,C3495559,T047,410795001.0,False
gemifloxacin,5,DB01155,MESH:C103274,Pneumococcal pneumonia,MESH:D011018,C0155862,T047,233607000.0,False
gemifloxacin,5,DB01155,MESH:C103274,Bacterial pneumonia,MESH:D018410,C0004626,T047,53084003.0,False
gemifloxacin,5,DB01155,MESH:C103274,Pneumonia due to Mycoplasma pneumoniae,MESH:D011019,C0032302,T047,46970008.0,False
gemifloxacin,5,DB01155,MESH:C103274,Pneumonia due to Klebsiella pneumoniae,MESH:D007710,C0519030,T047,64479007.0,False
gemifloxacin,5,DB01155,MESH:C103274,Chlamydial pneumonia,MESH:D061387,C0339959,T047,233609002.0,False
chenodiol,1,DB06777,MESH:D002635,Calculus in biliary tract,MESH:D002769,C0008350,T047,266474003.0,False
rilpivirine,1,DB08864,MESH:D000068696,Human immunodeficiency virus infection,MESH:D015658,C0019693,T047,86406008.0,False
bunazosin,1,DB12230,MESH:C018176,Essential hypertension,MESH:D000075222,C0085580,T047,59621000.0,False
