drug_name,num_ind_dc,drugbank,drug_mesh,disease_name,disease_mesh,disease_umls,cui_semantic_type,snomed_conceptid,in_dmdb
clemastine,6,DB00283,MESH:D002974,Urticaria,MESH:D014581,C0042109,T047,126485001.0,False
clemastine,6,DB00283,MESH:D002974,Allergic conjunctivitis,MESH:D003233,C0009766,T047,473460002.0,False
clemastine,6,DB00283,MESH:D002974,Itching of skin,MESH:D011537,C0033774,T184,418363000.0,False
clemastine,6,DB00283,MESH:D002974,Sneezing,MESH:D012912,C0037383,T033,76067001.0,False
clemastine,6,DB00283,MESH:D002974,Vasomotor rhinitis,MESH:D012223,C0035460,T047,8229003.0,False
clemastine,6,DB00283,MESH:D002974,Allergic rhinitis,MESH:D065631,C2607914,T047,61582004.0,False
sapropterin,1,DB00360,MESH:C003402,Classical phenylketonuria,MESH:D010661,C0751434,T047,7573000.0,False
bacitracin,1,DB00626,MESH:D001414,Keratitis,MESH:D007634,C0022568,T047,5888003.0,False
neomycin,5,DB00994,MESH:D009355,Urinary tract infectious disease,MESH:D014552,C0042029,T047,68566005.0,False
neomycin,5,DB00994,MESH:D009355,Otitis externa,MESH:D010032,C0029878,T047,3135009.0,False
neomycin,5,DB00994,MESH:D009355,Uveitis,MESH:D014605,C0042164,T047,128473001.0,False
neomycin,5,DB00994,MESH:D009355,Hepatic encephalopathy,MESH:D006501,C0019151,T047,13920009.0,False
neomycin,5,DB00994,MESH:D009355,Keratitis,MESH:D007634,C0022568,T047,5888003.0,False
insulin detemir,1,DB01307,MESH:D000069057,Diabetes mellitus,MESH:D003920,C0011849,T047,73211009.0,False
tazobactam,5,DB01606,MESH:C043265,Nosocomial pneumonia,MESH:D000077299,C0949083,T047,425464007.0,False
tazobactam,5,DB01606,MESH:C043265,Bacterial pneumonia,MESH:D018410,C0004626,T047,53084003.0,False
tazobactam,5,DB01606,MESH:C043265,Infection due to Staphylococcus aureus,MESH:D013203,C1318973,T047,406602003.0,False
tazobactam,5,DB01606,MESH:C043265,Appendicitis,MESH:D001064,C0003615,T047,74400008.0,False
tazobactam,5,DB01606,MESH:C043265,Abdominal abscess,MESH:D018784,C0243001,T047,75100008.0,False
benzbromarone,2,DB12319,MESH:D001553,Hyperuricemia,MESH:D033461,C0740394,T047,35885006.0,False
benzbromarone,2,DB12319,MESH:D001553,Gout,MESH:D006073,C0018099,T047,90560007.0,False
