drug_name,num_ind_dc,drugbank,drug_mesh,disease_name,disease_mesh,disease_umls,cui_semantic_type,snomed_conceptid,in_dmdb
glucagon,1,DB00040,MESH:D005934,Hypoglycemic disorder,MESH:D007003,C0020615,T047,237630007.0,False
lindane,1,DB00431,MESH:D001556,Infestation by Sarcoptes scabiei var hominis,MESH:D012532,C0036262,T047,128869009.0,False
docosanol,1,DB00632,MESH:C529236,Herpes labialis,MESH:D006560,C0019345,T047,1475003.0,False
phenelzine,1,DB00780,MESH:D010624,Depressive disorder,MESH:D003866,C0011581,T048,35489007.0,False
dacarbazine,1,DB00851,MESH:D003606,Hodgkin's disease,MESH:D006689,C0019829,T191,118599009.0,False
terazosin,2,DB01162,MESH:C041226,Benign prostatic hyperplasia,MESH:D011470,C1739363,T047,266569009.0,False
terazosin,2,DB01162,MESH:C041226,Hypertensive disorder,MESH:D006973,C0020538,T047,38341003.0,False
finasteride,1,DB01216,MESH:D018120,Benign prostatic hyperplasia,MESH:D011470,C1739363,T047,266569009.0,False
isocarboxazid,1,DB01247,MESH:D007520,Major depressive disorder,MESH:D003865,C1269683,T048,370143000.0,False
zuclopenthixol,1,DB01624,,Schizophrenia,MESH:D012559,C0036341,T048,58214004.0,False
pazopanib,2,DB06589,MESH:C516667,Sarcoma of soft tissue,MESH:D012509,C1261473,T191,424952003.0,False
pazopanib,2,DB06589,MESH:C516667,Renal cell carcinoma,MESH:D002292,C0007134,T191,702391001.0,False
agomelatine,1,DB06594,MESH:C084711,Major depressive disorder,MESH:D003865,C1269683,T048,370143000.0,False
antazoline,6,DB08799,MESH:D000865,Sneezing,MESH:D012912,C0037383,T033,76067001.0,False
antazoline,6,DB08799,MESH:D000865,Urticaria,MESH:D014581,C0042109,T047,126485001.0,False
antazoline,6,DB08799,MESH:D000865,Itching of skin,MESH:D011537,C0033774,T184,418363000.0,False
antazoline,6,DB08799,MESH:D000865,Allergic rhinitis,MESH:D065631,C2607914,T047,61582004.0,False
antazoline,6,DB08799,MESH:D000865,Vasomotor rhinitis,MESH:D012223,C0035460,T047,8229003.0,False
antazoline,6,DB08799,MESH:D000865,Allergic conjunctivitis,MESH:D003233,C0009766,T047,473460002.0,False
vaniprevir,1,DB11929,MESH:C540393,Chronic hepatitis C,MESH:D019698,C0524910,T047,128302006.0,False
