drug_name,num_ind_dc,drugbank,drug_mesh,disease_name,disease_mesh,disease_umls,cui_semantic_type,snomed_conceptid,in_dmdb
pancrelipase,1,DB00085,"MESH:D020799,MESH:D010194",Exocrine pancreatic insufficiency,MESH:D010188,C0267963,T047,47367009.0,False
secbutabarbital,1,DB00237,MESH:C084833,Dysuria,MESH:D053159,C0013428,T184,49650001.0,False
trifluridine,2,DB00432,MESH:D014271,Malignant tumor of colon,MESH:D003110,C0007102,T191,363406005.0,False
trifluridine,2,DB00432,MESH:D014271,Herpes simplex keratitis,MESH:D016849,C0019357,T047,9389005.0,False
paramethadione,2,DB00617,MESH:C005731,Absence seizure,MESH:D004832,C0014553,T047,79631006.0,False
paramethadione,2,DB00617,MESH:C005731,Epilepsy,MESH:D004827,C0014544,T047,84757009.0,False
meloxicam,3,DB00814,MESH:C065757,Rheumatoid arthritis,MESH:D001172,C0003873,T047,69896004.0,False
meloxicam,3,DB00814,MESH:C065757,Osteoarthritis,MESH:D010003,C0029408,T047,396275006.0,False
meloxicam,3,DB00814,MESH:C065757,Juvenile rheumatoid arthritis,MESH:D001171,C3495559,T047,410795001.0,False
isoniazid,1,DB00951,MESH:D007538,Pulmonary tuberculosis,MESH:D014397,C0041327,T047,154283005.0,False
fumaric acid,1,DB01677,MESH:C032005,Psoriasis,MESH:D011565,C0033860,T047,9014002.0,False
suramin,1,DB04786,MESH:D013498,African trypanosomiasis,MESH:D014353,C0041228,T047,27031003.0,False
glatiramer acetate,1,DB05259,MESH:D000068717,Multiple sclerosis,MESH:D009103,C0026769,T047,24700007.0,False
bisacodyl,1,DB09020,MESH:D001726,Constipation,MESH:D003248,C0009806,T184,14760008.0,False
methylthioninium chloride,1,DB09241,MESH:D008751,Methemoglobinemia,MESH:D008708,C0025637,T047,38959009.0,False
moxonidine,1,DB09242,MESH:C043482,Essential hypertension,MESH:D000075222,C0085580,T047,59621000.0,False
paritaprevir,1,DB09297,MESH:C585405,Chronic hepatitis C,MESH:D019698,C0524910,T047,128302006.0,False
istradefylline,1,DB11757,MESH:C111599,Parkinson's disease,MESH:D010300,C0030567,T047,49049000.0,False
sarilumab,1,DB11767,MESH:C000592401,Rheumatoid arthritis,MESH:D001172,C0003873,T047,69896004.0,False
alclofenac,2,DB13167,MESH:C084615,Pain,MESH:D010146,C0030193,T184,22253000.0,False
alclofenac,2,DB13167,MESH:C084615,Rheumatoid arthritis,MESH:D001172,C0003873,T047,69896004.0,False
