drug_name,num_ind_dc,drugbank,drug_mesh,disease_name,disease_mesh,disease_umls,cui_semantic_type,snomed_conceptid,in_dmdb
amprenavir,1,DB00701,MESH:C095108,Human immunodeficiency virus infection,MESH:D015658,C0019693,T047,86406008.0,False
loperamide,1,DB00836,MESH:D008139,Diarrhea,MESH:D003967,C0011991,T184,62315008.0,False
norgestimate,4,DB00957,MESH:C017576,Menopausal flushing,MESH:D019584,C0600142,T184,198436008.0,False
norgestimate,4,DB00957,MESH:C017576,Postmenopausal osteoporosis,MESH:D015663,C0029458,T047,102447009.0,False
norgestimate,4,DB00957,MESH:C017576,Atrophic vaginitis,MESH:D059268,C0221392,T047,52441000.0,False
norgestimate,4,DB00957,MESH:C017576,Acne vulgaris,MESH:D000152,C0001144,T047,88616000.0,False
melevodopa,1,DB01235,MESH:C035420,Parkinsonism,MESH:D020734,C0242422,T047,32798002.0,False
arformoterol,3,DB01274,,Chronic bronchitis,MESH:D029481,C0008677,T047,63480004.0,False
arformoterol,3,DB01274,,Chronic obstructive lung disease,MESH:D029424,C0024117,T047,13645005.0,False
arformoterol,3,DB01274,,Pulmonary emphysema,MESH:D011656,C0034067,T047,87433001.0,False
methsuximide,2,DB05246,MESH:C100286,Absence seizure,MESH:D004832,C0014553,T047,79631006.0,False
methsuximide,2,DB05246,MESH:C100286,Epilepsy,MESH:D004827,C0014544,T047,84757009.0,False
telavancin,1,DB06402,MESH:C487637,Bacterial pneumonia,MESH:D018410,C0004626,T047,53084003.0,False
tofacitinib,1,DB08895,MESH:C479163,Rheumatoid arthritis,MESH:D001172,C0003873,T047,69896004.0,False
isoxsuprine,3,DB08941,MESH:D007556,Disorder of blood vessel,MESH:D014652,C0042373,T047,27550009.0,False
isoxsuprine,3,DB08941,MESH:D007556,Cerebrovascular disease,MESH:D002561,C0007820,T046,62914000.0,False
isoxsuprine,3,DB08941,MESH:D007556,Raynaud's disease,MESH:D011928,C0034734,T047,195295006.0,False
simoctocog alfa,1,DB09108,,Hereditary factor VIII deficiency disease,MESH:D006467,C0019069,T047,28293008.0,False
pirlindole,1,DB09244,MESH:C009830,Depressive disorder,MESH:D003866,C0011581,T048,35489007.0,False
tenofovir alafenamide,1,DB09299,MESH:C442442,Human immunodeficiency virus infection,MESH:D015658,C0019693,T047,86406008.0,False
