drug_name,num_ind_dc,drugbank,drug_mesh,disease_name,disease_mesh,disease_umls,cui_semantic_type,snomed_conceptid,in_dmdb
ergocalciferol,8,DB00153,,Postmenopausal osteoporosis,MESH:D015663,C0029458,T047,102447009.0,False
ergocalciferol,8,DB00153,,Vitamin D deficiency,MESH:D014808,C0042870,T047,34713006.0,False
ergocalciferol,8,DB00153,,Hypocalcemia,MESH:D006996,C0020598,T046,5291005.0,False
ergocalciferol,8,DB00153,,Hypoparathyroidism,MESH:D007011,C0020626,T047,36976004.0,False
ergocalciferol,8,DB00153,,Rickets,MESH:D012279,C0035579,T047,41345002.0,False
ergocalciferol,8,DB00153,,Familial x-linked hypophosphatemic vitamin D refractory rickets,MESH:D053098,C3536984,T047,82236004.0,False
ergocalciferol,8,DB00153,,Vitamin deficiency,MESH:D001361,C1510471,T047,85670002.0,False
ergocalciferol,8,DB00153,,Osteoporosis,MESH:D010024,C0029456,T047,64859006.0,False
indinavir,1,DB00224,MESH:D019469,Human immunodeficiency virus infection,MESH:D015658,C0019693,T047,86406008.0,False
olmesartan medoxomil,1,DB00275,"MESH:C437965,MESH:D000068557",Hypertensive disorder,MESH:D006973,C0020538,T047,38341003.0,False
carbimazole,2,DB00389,MESH:D002231,Hyperthyroidism,MESH:D006980,C0020550,T047,34486009.0,False
carbimazole,2,DB00389,MESH:D002231,Graves' disease,MESH:D006111,C0018213,T047,353295004.0,False
felodipine,1,DB01023,MESH:D015736,Hypertensive disorder,MESH:D006973,C0020538,T047,38341003.0,False
amlexanox,1,DB01025,MESH:C045742,Aphthous ulcer of mouth,MESH:D013281,C0038363,T047,426965005.0,False
incadronic acid,2,DB06255,MESH:C071542,Osteoporosis,MESH:D010024,C0029456,T047,64859006.0,False
incadronic acid,2,DB06255,MESH:C071542,Humoral hypercalcemia of malignancy,MESH:C562390,C0149911,T047,47709007.0,False
simeprevir,1,DB06290,MESH:D000069616,Chronic hepatitis C,MESH:D019698,C0524910,T047,128302006.0,False
pralatrexate,1,DB06813,MESH:C418863,Peripheral T-cell lymphoma,MESH:D016411,C0079774,T191,109977009.0,False
luliconazole,1,DB08933,MESH:C112528,Tinea pedis,MESH:D014008,C0040259,T047,6020002.0,False
mebeverine,1,DB12554,MESH:C005096,Irritable bowel syndrome,MESH:D043183,C0022104,T047,10743008.0,False
