drug_name,num_ind_dc,drugbank,drug_mesh,disease_name,disease_mesh,disease_umls,cui_semantic_type,snomed_conceptid,in_dmdb
Vitamin E,1,DB00163,MESH:D014810,Vitamin E deficiency,MESH:D014811,C0042875,T047,54137008.0,False
megestrol acetate,1,DB00351,"MESH:D019290,MESH:D008535",Endometrial carcinoma,MESH:D016889,C0476089,T191,254878006.0,False
azatadine,8,DB00719,MESH:C006656,Sneezing,MESH:D012912,C0037383,T033,76067001.0,False
azatadine,8,DB00719,MESH:C006656,Seasonal allergic rhinitis,MESH:D006255,C0018621,T047,367498001.0,False
azatadine,8,DB00719,MESH:C006656,Itching of skin,MESH:D011537,C0033774,T184,418363000.0,False
azatadine,8,DB00719,MESH:C006656,Common cold,MESH:D003139,C0009443,T047,82272006.0,False
azatadine,8,DB00719,MESH:C006656,Urticaria,MESH:D014581,C0042109,T047,126485001.0,False
azatadine,8,DB00719,MESH:C006656,Vasomotor rhinitis,MESH:D012223,C0035460,T047,8229003.0,False
azatadine,8,DB00719,MESH:C006656,Allergic rhinitis,MESH:D065631,C2607914,T047,61582004.0,False
azatadine,8,DB00719,MESH:C006656,Allergic conjunctivitis,MESH:D003233,C0009766,T047,473460002.0,False
tipranavir,1,DB00932,MESH:C107201,Human immunodeficiency virus infection,MESH:D015658,C0019693,T047,86406008.0,False
tasosartan,1,DB01349,MESH:C086167,Hypertensive disorder,MESH:D006973,C0020538,T047,38341003.0,False
acetic acid,1,DB03166,MESH:D019342,Otitis externa,MESH:D010032,C0029878,T047,3135009.0,False
radium Ra 223 dichloride,1,DB08913,MESH:C581106,Malignant tumor of prostate,MESH:D011471,C0376358,T191,399068003.0,False
bilastine,2,DB11591,MESH:C445659,Urticaria,MESH:D014581,C0042109,T047,126485001.0,False
bilastine,2,DB11591,MESH:C445659,Allergic rhinitis,MESH:D065631,C2607914,T047,61582004.0,False
rilmenidine,1,DB11738,MESH:C032302,Hypertensive disorder,MESH:D006973,C0020538,T047,38341003.0,False
favipiravir,1,DB12466,MESH:C462182,Influenza,MESH:D007251,C0021400,T047,6142004.0,False
olmutinib,1,DB13164,MESH:C000617753,Non-small cell lung cancer,MESH:D002289,C0007131,T191,254637007.0,False
cerliponase alfa,1,DB13173,MESH:C000621431,Late-infantile neuronal ceroid lipofuscinosis,MESH:D009472,C0022340,T047,14637005.0,False
