drug_name,num_ind_dc,drugbank,drug_mesh,disease_name,disease_mesh,disease_umls,cui_semantic_type,snomed_conceptid,in_dmdb
fluconazole,5,DB00196,MESH:D015725,Candidiasis of mouth,MESH:D002180,C0006849,T047,79740000.0,False
fluconazole,5,DB00196,MESH:D015725,Candidemia,MESH:D058387,C0877445,T047,432261003.0,False
fluconazole,5,DB00196,MESH:D015725,Cryptococcal meningitis,MESH:D016919,C0085436,T047,14232007.0,False
fluconazole,5,DB00196,MESH:D015725,Disseminated candidiasis,MESH:C536777,C0153252,T047,70572005.0,False
fluconazole,5,DB00196,MESH:D015725,Candidal vulvovaginitis,MESH:D002181,C0700345,T047,72605008.0,False
methylclothiazide,2,DB00232,MESH:D008736,Edema,MESH:D004487,C0013604,T046,267038008.0,False
methylclothiazide,2,DB00232,MESH:D008736,Hypertensive disorder,MESH:D006973,C0020538,T047,38341003.0,False
sulfanilamide,2,DB00259,MESH:C036944,Candidal vulvovaginitis,MESH:D002181,C0700345,T047,72605008.0,False
sulfanilamide,2,DB00259,MESH:C036944,Vulvovaginitis,MESH:D014848,C0042998,T047,53277000.0,False
tolmetin,3,DB00500,MESH:D014046,Rheumatoid arthritis,MESH:D001172,C0003873,T047,69896004.0,False
tolmetin,3,DB00500,MESH:D014046,Juvenile rheumatoid arthritis,MESH:D001171,C3495559,T047,410795001.0,False
tolmetin,3,DB00500,MESH:D014046,Osteoarthritis,MESH:D010003,C0029408,T047,396275006.0,False
candesartan cilexetil,1,DB00796,"MESH:C077793,MESH:C081643",Hypertensive disorder,MESH:D006973,C0020538,T047,38341003.0,False
sodium oxybate,1,"DB01440,DB09072",MESH:D012978,Cataplexy and narcolepsy,MESH:D009290,C0751362,T047,193042000.0,False
milnacipran,1,DB04896,MESH:C048107,Fibromyalgia,MESH:D005356,C0016053,T047,203082005.0,False
armodafinil,1,DB06413,MESH:C579652,Narcolepsy,MESH:D009290,C0027404,T047,60380001.0,False
algeldrate,6,DB06723,MESH:D000536,Indigestion,MESH:D004415,C0013395,T184,162031009.0,False
algeldrate,6,DB06723,MESH:D000536,Peptic ulcer,MESH:D010437,C0030920,T047,13200003.0,False
algeldrate,6,DB06723,MESH:D000536,Duodenal ulcer disease,MESH:D004381,C0013295,T047,51868009.0,False
algeldrate,6,DB06723,MESH:D000536,Heartburn,MESH:D006356,C0018834,T184,16331000.0,False
algeldrate,6,DB06723,MESH:D000536,Gastric ulcer,MESH:D013276,C0038358,T047,397825006.0,False
algeldrate,6,DB06723,MESH:D000536,Gastroesophageal reflux disease,MESH:D005764,C0017168,T047,235595009.0,False
patiromer calcium,1,DB09263,MESH:C568789,Hyperkalemia,MESH:D006947,C0020461,T033,14140009.0,False
macrogol,2,DB09287,"MESH:C000595213,MESH:C000595211,MESH:C000595212",Tear film insufficiency,MESH:D015352,C0013238,T047,46152009.0,False
macrogol,2,DB09287,"MESH:C000595213,MESH:C000595211,MESH:C000595212",Constipation,MESH:D003248,C0009806,T184,14760008.0,False
