drug_name,num_ind_dc,drugbank,drug_mesh,disease_name,disease_mesh,disease_umls,cui_semantic_type,snomed_conceptid,in_dmdb
digoxin,1,DB00390,MESH:D004077,Atrial fibrillation,MESH:D001281,C0004238,T047,49436004.0,False
fosinopril,1,DB00492,"MESH:C046965,MESH:D017328",Hypertensive disorder,MESH:D006973,C0020538,T047,38341003.0,False
acamprosate,1,DB00659,MESH:C043877,Alcoholism,MESH:D000437,C0001973,T048,7200002.0,False
rifapentine,1,DB01201,MESH:C018421,Pulmonary tuberculosis,MESH:D014397,C0041327,T047,154283005.0,False
potassium iodide,3,DB06715,MESH:D011193,Allergic rhinitis,MESH:D065631,C2607914,T047,61582004.0,False
potassium iodide,3,DB06715,MESH:D011193,Cough,MESH:D003371,C0010200,T184,49727002.0,False
potassium iodide,3,DB06715,MESH:D011193,Common cold,MESH:D003139,C0009443,T047,82272006.0,False
halcinonide,9,DB06786,MESH:D006206,Primary cutaneous T-cell lymphoma,MESH:D016410,C0079773,T191,400122007.0,False
halcinonide,9,DB06786,MESH:D006206,Granuloma annulare,MESH:D016460,C0085074,T047,65508009.0,False
halcinonide,9,DB06786,MESH:D006206,Atopic dermatitis,MESH:D003876,C0011615,T047,24079001.0,False
halcinonide,9,DB06786,MESH:D006206,Pruritus ani,MESH:D011538,C0033775,T184,90446007.0,False
halcinonide,9,DB06786,MESH:D006206,Contact dermatitis,MESH:D003877,C0011616,T047,40275004.0,False
halcinonide,9,DB06786,MESH:D006206,Eruption of skin,MESH:D005076,C0015230,T047,271807003.0,False
halcinonide,9,DB06786,MESH:D006206,Seborrheic dermatitis,MESH:D012628,C0036508,T047,50563003.0,False
halcinonide,9,DB06786,MESH:D006206,Lichen simplex chronicus,MESH:D009450,C0149922,T047,53891004.0,False
halcinonide,9,DB06786,MESH:D006206,Discoid lupus erythematosus,MESH:D008179,C0024138,T047,200938002.0,False
etofenamate,1,DB08984,MESH:C015207,Osteoarthritis,MESH:D010003,C0029408,T047,396275006.0,False
dehydrocholic acid,2,DB11622,MESH:D003685,Disorder of biliary tract,MESH:D001660,C0005424,T047,105997008.0,False
dehydrocholic acid,2,DB11622,MESH:D003685,Constipation,MESH:D003248,C0009806,T184,14760008.0,False
deflazacort,1,DB11921,"MESH:C014725,MESH:C021988",Duchenne muscular dystrophy,MESH:D020388,C0013264,T047,76670001.0,False
