drug_name,num_ind_dc,drugbank,drug_mesh,disease_name,disease_mesh,disease_umls,cui_semantic_type,snomed_conceptid,in_dmdb
allopurinol,3,DB00437,MESH:D000493,Gout,MESH:D006073,C0018099,T047,90560007.0,False
allopurinol,3,DB00437,MESH:D000493,Articular gout,MESH:D015210,C0003868,T047,48440001.0,False
allopurinol,3,DB00437,MESH:D000493,Hyperuricemia,MESH:D033461,C0740394,T047,35885006.0,False
vancomycin,5,DB00512,MESH:D014640,Bacterial endocarditis,MESH:D004697,C0014121,T047,301183007.0,False
vancomycin,5,DB00512,MESH:D014640,Staphylococcal pneumonia,MESH:D011023,C0032308,T047,22754005.0,False
vancomycin,5,DB00512,MESH:D014640,Sepsis of the newborn,MESH:D000071074,C0456103,T047,206376005.0,False
vancomycin,5,DB00512,MESH:D014640,Infection due to Staphylococcus aureus,MESH:D013203,C1318973,T047,406602003.0,False
vancomycin,5,DB00512,MESH:D014640,Pseudomembranous enterocolitis,MESH:D004761,C0014358,T047,397683000.0,False
metaxalone,1,DB00660,MESH:C011301,Spasticity,MESH:D009128,C0026838,T184,221360009.0,False
telithromycin,4,DB00976,MESH:C106791,Pneumonia due to Mycoplasma pneumoniae,MESH:D011019,C0032302,T047,46970008.0,False
telithromycin,4,DB00976,MESH:C106791,Streptococcus pyogenes infection,MESH:D013290,C0554628,T047,302809008.0,False
telithromycin,4,DB00976,MESH:C106791,Pneumococcal pneumonia,MESH:D011018,C0155862,T047,233607000.0,False
telithromycin,4,DB00976,MESH:C106791,Chlamydial pneumonia,MESH:D061387,C0339959,T047,233609002.0,False
dopamine,2,DB00988,MESH:D004298,Low cardiac output syndrome,MESH:D002303,C0600177,T046,44088000.0,False
dopamine,2,DB00988,MESH:D004298,Low blood pressure,MESH:D007022,C0020649,T033,45007003.0,False
levodopa,3,"DB01235,DB00988","MESH:D004295,MESH:D007980",Postencephalitic parkinsonism,MESH:D010301,C0030568,T047,19972008.0,False
levodopa,3,"DB01235,DB00988","MESH:D004295,MESH:D007980",Parkinson's disease,MESH:D010300,C0030567,T047,49049000.0,False
levodopa,3,"DB01235,DB00988","MESH:D004295,MESH:D007980",Parkinsonism,MESH:D020734,C0242422,T047,32798002.0,False
efonidipine,1,DB09235,MESH:C066425,Hypertensive disorder,MESH:D006973,C0020538,T047,38341003.0,False
ebastine,2,DB11742,MESH:C058249,Allergic rhinitis,MESH:D065631,C2607914,T047,61582004.0,False
ebastine,2,DB11742,MESH:C058249,Chronic idiopathic urticaria,MESH:D000080223,C0578870,T047,302162004.0,False
