drug_name,num_ind_dc,drugbank,drug_mesh,disease_name,disease_mesh,disease_umls,cui_semantic_type,snomed_conceptid,in_dmdb
zoledronic acid,4,DB00399,MESH:C088658,Postmenopausal osteoporosis,MESH:D015663,C0029458,T047,102447009.0,False
zoledronic acid,4,DB00399,MESH:C088658,Osteitis deformans,MESH:D010001,C0029401,T047,2089002.0,False
zoledronic acid,4,DB00399,MESH:C088658,Humoral hypercalcemia of malignancy,MESH:C562390,C0149911,T047,47709007.0,False
zoledronic acid,4,DB00399,MESH:C088658,Osteoporosis,MESH:D010024,C0029456,T047,64859006.0,False
zaleplon,1,DB00962,MESH:C085665,Disorders of initiating and maintaining sleep,MESH:D007319,C0021603,T047,194437008.0,False
escitalopram,1,DB01175,,Major depressive disorder,MESH:D003865,C1269683,T048,370143000.0,False
bromazine,2,DB01237,MESH:C011410,Cough,MESH:D003371,C0010200,T184,49727002.0,False
bromazine,2,DB01237,MESH:C011410,Common cold,MESH:D003139,C0009443,T047,82272006.0,False
decitabine,1,DB01262,MESH:C014347,"Acute myeloid leukemia, disease",MESH:D015470,C0023467,T191,91861009.0,False
sertindole,1,DB06144,MESH:C066304,Schizophrenia,MESH:D012559,C0036341,T048,58214004.0,False
magnesium hydroxide,5,DB09104,MESH:D008276,Constipation,MESH:D003248,C0009806,T184,14760008.0,False
magnesium hydroxide,5,DB09104,MESH:D008276,Peptic ulcer,MESH:D010437,C0030920,T047,13200003.0,False
magnesium hydroxide,5,DB09104,MESH:D008276,Indigestion,MESH:D004415,C0013395,T184,162031009.0,False
magnesium hydroxide,5,DB09104,MESH:D008276,Gastroesophageal reflux disease,MESH:D005764,C0017168,T047,235595009.0,False
magnesium hydroxide,5,DB09104,MESH:D008276,Heartburn,MESH:D006356,C0018834,T184,16331000.0,False
sulbactam,6,DB09324,MESH:D013407,Infectious disease of abdomen,MESH:D059413,C1112209,T047,128070006.0,False
sulbactam,6,DB09324,MESH:D013407,Infection due to Staphylococcus aureus,MESH:D013203,C1318973,T047,406602003.0,False
sulbactam,6,DB09324,MESH:D013407,Infection due to Enterobacteriaceae,MESH:D004756,C0014347,T047,128945009.0,False
sulbactam,6,DB09324,MESH:D013407,Cholangitis,MESH:D002761,C0008311,T047,82403002.0,False
sulbactam,6,DB09324,MESH:D013407,Rhinoscleroma,MESH:D012226,C0035468,T047,72409005.0,False
sulbactam,6,DB09324,MESH:D013407,Infection due to Escherichia coli,MESH:D004927,C0014836,T047,71057007.0,False
