drug_name,num_ind_dc,drugbank,drug_mesh,disease_name,disease_mesh,disease_umls,cui_semantic_type,snomed_conceptid,in_dmdb
ceftizoxime,13,DB01332,MESH:D015296,Streptococcus pyogenes infection,MESH:D013290,C0554628,T047,302809008.0,False
ceftizoxime,13,DB01332,MESH:D015296,Infectious disease of abdomen,MESH:D059413,C1112209,T047,128070006.0,False
ceftizoxime,13,DB01332,MESH:D015296,Gonorrhea,MESH:D006069,C0018081,T047,15628003.0,False
ceftizoxime,13,DB01332,MESH:D015296,Infection due to Enterobacteriaceae,MESH:D004756,C0014347,T047,128945009.0,False
ceftizoxime,13,DB01332,MESH:D015296,Infection due to Staphylococcus aureus,MESH:D013203,C1318973,T047,406602003.0,False
ceftizoxime,13,DB01332,MESH:D015296,Staphylococcal pneumonia,MESH:D011023,C0032308,T047,22754005.0,False
ceftizoxime,13,DB01332,MESH:D015296,Meningitis,MESH:D008581,C0025289,T047,7180009.0,False
ceftizoxime,13,DB01332,MESH:D015296,Pneumonia due to Streptococcus,MESH:D011018,C0155862,T047,34020007.0,False
ceftizoxime,13,DB01332,MESH:D015296,Infection due to Escherichia coli,MESH:D004927,C0014836,T047,71057007.0,False
ceftizoxime,13,DB01332,MESH:D015296,Urinary tract infectious disease,MESH:D014552,C0042029,T047,68566005.0,False
ceftizoxime,13,DB01332,MESH:D015296,Bacterial infection due to Serratia,MESH:D016868,C0085394,T047,71120004.0,False
ceftizoxime,13,DB01332,MESH:D015296,Rhinoscleroma,MESH:D012226,C0035468,T047,72409005.0,False
ceftizoxime,13,DB01332,MESH:D015296,Pneumonia,MESH:D011014,C0032285,T047,233604007.0,False
pheniramine,12,DB01620,MESH:D010632,Vasomotor rhinitis,MESH:D012223,C0035460,T047,8229003.0,False
pheniramine,12,DB01620,MESH:D010632,Cough,MESH:D003371,C0010200,T184,49727002.0,False
pheniramine,12,DB01620,MESH:D010632,Allergic rhinitis,MESH:D065631,C2607914,T047,61582004.0,False
pheniramine,12,DB01620,MESH:D010632,Allergic conjunctivitis,MESH:D003233,C0009766,T047,473460002.0,False
pheniramine,12,DB01620,MESH:D010632,Fever,MESH:D005334,C0015967,T033,386661006.0,False
pheniramine,12,DB01620,MESH:D010632,Headache disorder,MESH:D020773,C0393735,T047,230461009.0,False
pheniramine,12,DB01620,MESH:D010632,Sneezing,MESH:D012912,C0037383,T033,76067001.0,False
pheniramine,12,DB01620,MESH:D010632,Sore throat symptom,MESH:D010612,C0242429,T184,267102003.0,False
pheniramine,12,DB01620,MESH:D010632,Urticaria,MESH:D014581,C0042109,T047,126485001.0,False
pheniramine,12,DB01620,MESH:D010632,Seasonal allergic rhinitis,MESH:D006255,C0018621,T047,367498001.0,False
pheniramine,12,DB01620,MESH:D010632,Common cold,MESH:D003139,C0009443,T047,82272006.0,False
pheniramine,12,DB01620,MESH:D010632,Itching of skin,MESH:D011537,C0033774,T184,418363000.0,False
