drug_name,num_ind_dc,drugbank,drug_mesh,disease_name,disease_mesh,disease_umls,cui_semantic_type,snomed_conceptid,in_dmdb
penciclovir,1,DB00299,MESH:C053539,Herpes labialis,MESH:D006560,C0019345,T047,1475003.0,False
azelaic acid,2,DB00548,MESH:C010038,Acne vulgaris,MESH:D000152,C0001144,T047,88616000.0,False
azelaic acid,2,DB00548,MESH:C010038,Rosacea,MESH:D012393,C0035854,T047,398909004.0,False
nicotinic acid,5,DB00627,MESH:D009525,Vitamin deficiency,MESH:D001361,C1510471,T047,85670002.0,False
nicotinic acid,5,DB00627,MESH:D009525,Mixed hyperlipidemia,MESH:D006950,C0020474,T047,267434003.0,False
nicotinic acid,5,DB00627,MESH:D009525,Hypertriglyceridemia,MESH:D015228,C0020557,T033,302870006.0,False
nicotinic acid,5,DB00627,MESH:D009525,Hypercholesterolemia,MESH:D006937,C0020443,T047,13644009.0,False
nicotinic acid,5,DB00627,MESH:D009525,Hyperlipidemia,MESH:D006949,C0020473,T047,55822004.0,False
gonadorelin,1,DB00644,MESH:D007987,Amenorrhea,MESH:D000568,C0002453,T047,14302001.0,False
sulfamethoxazole,4,DB01015,MESH:D013420,Nocardiosis,MESH:D009617,C0028242,T047,29227009.0,False
sulfamethoxazole,4,DB01015,MESH:D013420,Shigellosis,MESH:D004405,C0013371,T047,36188001.0,False
sulfamethoxazole,4,DB01015,MESH:D013420,Toxoplasmosis,MESH:D014123,C0040558,T047,187192000.0,False
sulfamethoxazole,4,DB01015,MESH:D013420,Chlamydial conjunctivitis,MESH:D003235,C0009770,T047,231861005.0,False
trilostane,1,DB01108,MESH:C009954,Hypercortisolism,MESH:D000308,C0001622,T047,47270006.0,False
ceftibuten,2,DB01415,MESH:C054360,Tonsillitis,MESH:D014069,C0040425,T047,90176007.0,False
ceftibuten,2,DB01415,MESH:C054360,Streptococcus pyogenes infection,MESH:D013290,C0554628,T047,302809008.0,False
difenoxin,1,DB01501,"MESH:C028792,MESH:C100010",Diarrhea,MESH:D003967,C0011991,T184,62315008.0,False
axitinib,1,DB06626,MESH:C503983,Renal cell carcinoma,MESH:D002292,C0007134,T191,702391001.0,False
trientine,2,DB06824,MESH:D014266,Renal cell carcinoma,MESH:D002292,C0007134,T191,702391001.0,False
trientine,2,DB06824,MESH:D014266,Wilson's disease,MESH:D006527,C0019202,T047,88518009.0,False
icosapent ethyl,1,"DB08887,DB00159",MESH:C495711,Hypertriglyceridemia,MESH:D015228,C0020557,T033,302870006.0,False
