drug_name,num_ind_dc,drugbank,drug_mesh,disease_name,disease_mesh,disease_umls,cui_semantic_type,snomed_conceptid,in_dmdb
caffeine,12,DB00201,"MESH:C026189,MESH:D002110",Joint pain,MESH:D018771,C0003862,T184,57676002.0,False
caffeine,12,DB00201,"MESH:C026189,MESH:D002110",Headache disorder,MESH:D020773,C0393735,T047,230461009.0,False
caffeine,12,DB00201,"MESH:C026189,MESH:D002110",Migraine,MESH:D008881,C0149931,T047,37796009.0,False
caffeine,12,DB00201,"MESH:C026189,MESH:D002110",Tension-type headache,MESH:D018781,C0033893,T047,398057008.0,False
caffeine,12,DB00201,"MESH:C026189,MESH:D002110",Allergic rhinitis,MESH:D065631,C2607914,T047,61582004.0,False
caffeine,12,DB00201,"MESH:C026189,MESH:D002110",Pain,MESH:D010146,C0030193,T184,22253000.0,False
caffeine,12,DB00201,"MESH:C026189,MESH:D002110",Vascular headache,MESH:D014653,C0042376,T047,128187005.0,False
caffeine,12,DB00201,"MESH:C026189,MESH:D002110",Backache,MESH:D001416,C0004604,T184,161891005.0,False
caffeine,12,DB00201,"MESH:C026189,MESH:D002110",Cluster headache syndrome,MESH:D003027,C0009088,T047,193031009.0,False
caffeine,12,DB00201,"MESH:C026189,MESH:D002110",Dysmenorrhea,MESH:D004412,C0013390,T046,266599000.0,False
caffeine,12,DB00201,"MESH:C026189,MESH:D002110",Common cold,MESH:D003139,C0009443,T047,82272006.0,False
caffeine,12,DB00201,"MESH:C026189,MESH:D002110",Spasticity,MESH:D009128,C0026838,T184,221360009.0,False
desonide,13,DB01260,MESH:D003898,Lichen simplex chronicus,MESH:D009450,C0149922,T047,53891004.0,False
desonide,13,DB01260,MESH:D003898,Discoid lupus erythematosus,MESH:D008179,C0024138,T047,200938002.0,False
desonide,13,DB01260,MESH:D003898,Pruritus ani,MESH:D011538,C0033775,T184,90446007.0,False
desonide,13,DB01260,MESH:D003898,Eruption of skin,MESH:D005076,C0015230,T047,271807003.0,False
desonide,13,DB01260,MESH:D003898,Seborrheic dermatitis,MESH:D012628,C0036508,T047,50563003.0,False
desonide,13,DB01260,MESH:D003898,Contact dermatitis,MESH:D003877,C0011616,T047,40275004.0,False
desonide,13,DB01260,MESH:D003898,Atopic dermatitis,MESH:D003876,C0011615,T047,24079001.0,False
desonide,13,DB01260,MESH:D003898,Primary cutaneous T-cell lymphoma,MESH:D016410,C0079773,T191,400122007.0,False
desonide,13,DB01260,MESH:D003898,Granuloma annulare,MESH:D016460,C0085074,T047,65508009.0,False
desonide,13,DB01260,MESH:D003898,Otitis externa,MESH:D010032,C0029878,T047,3135009.0,False
desonide,13,DB01260,MESH:D003898,Crohn's disease,MESH:D003424,C0010346,T047,34000006.0,False
desonide,13,DB01260,MESH:D003898,Allergic rhinitis,MESH:D065631,C2607914,T047,61582004.0,False
desonide,13,DB01260,MESH:D003898,Asthma,MESH:D001249,C0004096,T047,195967001.0,False
