drug_name,num_ind_dc,drugbank,drug_mesh,disease_name,disease_mesh,disease_umls,cui_semantic_type,snomed_conceptid,in_dmdb
rasburicase,1,DB00049,MESH:C469709,Hyperuricemia,MESH:D033461,C0740394,T047,35885006.0,False
folic acid,3,DB00158,MESH:D005492,Iron deficiency anemia,MESH:D018798,C0162316,T047,87522002.0,False
folic acid,3,DB00158,MESH:D005492,Vitamin deficiency,MESH:D001361,C1510471,T047,85670002.0,False
folic acid,3,DB00158,MESH:D005492,Folic acid deficiency,MESH:D005494,C0016412,T047,190633005.0,False
thioguanine,1,DB00352,MESH:D013866,"Acute myeloid leukemia, disease",MESH:D015470,C0023467,T191,91861009.0,False
acetylsalicylic acid,10,DB00945,MESH:D001241,Myocardial infarction,MESH:D009203,C0027051,T047,22298006.0,False
acetylsalicylic acid,10,DB00945,MESH:D001241,Pain,MESH:D010146,C0030193,T184,22253000.0,False
acetylsalicylic acid,10,DB00945,MESH:D001241,Common cold,MESH:D003139,C0009443,T047,82272006.0,False
acetylsalicylic acid,10,DB00945,MESH:D001241,Toothache,MESH:D014098,C0040460,T184,27355003.0,False
acetylsalicylic acid,10,DB00945,MESH:D001241,Headache disorder,MESH:D020773,C0393735,T047,230461009.0,False
acetylsalicylic acid,10,DB00945,MESH:D001241,Osteoarthritis,MESH:D010003,C0029408,T047,396275006.0,False
acetylsalicylic acid,10,DB00945,MESH:D001241,Backache,MESH:D001416,C0004604,T184,161891005.0,False
acetylsalicylic acid,10,DB00945,MESH:D001241,Migraine,MESH:D008881,C0149931,T047,37796009.0,False
acetylsalicylic acid,10,DB00945,MESH:D001241,Rheumatoid arthritis,MESH:D001172,C0003873,T047,69896004.0,False
acetylsalicylic acid,10,DB00945,MESH:D001241,Joint pain,MESH:D018771,C0003862,T184,57676002.0,False
ammonium lactate,7,DB06768,,Contact dermatitis,MESH:D003877,C0011616,T047,40275004.0,False
ammonium lactate,7,DB06768,,Itching of skin,MESH:D011537,C0033774,T184,418363000.0,False
ammonium lactate,7,DB06768,,Pruritus ani,MESH:D011538,C0033775,T184,90446007.0,False
ammonium lactate,7,DB06768,,Eruption of skin,MESH:D005076,C0015230,T047,271807003.0,False
ammonium lactate,7,DB06768,,Atopic dermatitis,MESH:D003876,C0011615,T047,24079001.0,False
ammonium lactate,7,DB06768,,Seborrheic dermatitis,MESH:D012628,C0036508,T047,50563003.0,False
ammonium lactate,7,DB06768,,Granuloma annulare,MESH:D016460,C0085074,T047,65508009.0,False
