drug_name,num_ind_dc,drugbank,drug_mesh,disease_name,disease_mesh,disease_umls,cui_semantic_type,snomed_conceptid,in_dmdb
topiramate,3,DB00273,MESH:C052342,Tonic-clonic epilepsy,MESH:D004830,C0014549,T047,352818000.0,False
topiramate,3,DB00273,MESH:C052342,Lennox-Gastaut syndrome,MESH:D065768,C0238111,T047,230418006.0,False
topiramate,3,DB00273,MESH:C052342,Simple partial seizure,MESH:D004828,C0234974,T047,117891000119100.0,False
cefotaxime,10,DB00493,MESH:D002439,Bacterial meningitis,MESH:D016920,C0085437,T047,95883001.0,False
cefotaxime,10,DB00493,MESH:D002439,Bacterial pneumonia,MESH:D018410,C0004626,T047,53084003.0,False
cefotaxime,10,DB00493,MESH:D002439,Escherichia coli meningitis,MESH:D020814,C0338395,T047,192655005.0,False
cefotaxime,10,DB00493,MESH:D002439,Bacterial arthritis,MESH:D001170,C1692886,T047,48245008.0,False
cefotaxime,10,DB00493,MESH:D002439,Staphylococcal pneumonia,MESH:D011023,C0032308,T047,22754005.0,False
cefotaxime,10,DB00493,MESH:D002439,Bacterial infection due to Serratia,MESH:D016868,C0085394,T047,71120004.0,False
cefotaxime,10,DB00493,MESH:D002439,Meningococcal meningitis,MESH:D008585,C0025294,T047,192644005.0,False
cefotaxime,10,DB00493,MESH:D002439,Sepsis of the newborn,MESH:D000071074,C0456103,T047,206376005.0,False
cefotaxime,10,DB00493,MESH:D002439,Pneumonia due to Streptococcus,MESH:D011018,C0155862,T047,34020007.0,False
cefotaxime,10,DB00493,MESH:D002439,Infectious disease of abdomen,MESH:D059413,C1112209,T047,128070006.0,False
octatropine methylbromide,2,DB00517,MESH:C100237,Gastric ulcer,MESH:D013276,C0038358,T047,397825006.0,False
octatropine methylbromide,2,DB00517,MESH:C100237,Peptic ulcer,MESH:D010437,C0030920,T047,13200003.0,False
moexipril,1,DB00691,"MESH:C059506,MESH:C058302",Hypertensive disorder,MESH:D006973,C0020538,T047,38341003.0,False
thiamazole,1,DB00763,MESH:D008713,Hyperthyroidism,MESH:D006980,C0020550,T047,34486009.0,False
ambenonium,1,DB01122,MESH:D000549,Myasthenia gravis,MESH:D009157,C0026896,T047,91637004.0,False
flufenamic acid,1,DB02266,MESH:D005439,Pain,MESH:D010146,C0030193,T184,22253000.0,False
benoxaprofen,1,DB04812,MESH:C011677,Rheumatoid arthritis,MESH:D001172,C0003873,T047,69896004.0,False
perampanel,1,DB08883,MESH:C551441,Partial seizure,MESH:D004828,C0014547,T047,29753000.0,False
molsidomine,1,DB09282,MESH:D008981,Angina pectoris,MESH:D000787,C0002962,T033,194828000.0,False
imolamine,1,DB09284,MESH:C002787,Angina pectoris,MESH:D000787,C0002962,T033,194828000.0,False
ketanserin,1,DB12465,MESH:D007650,Hypertensive disorder,MESH:D006973,C0020538,T047,38341003.0,False
