drug_name,num_ind_dc,drugbank,drug_mesh,disease_name,disease_mesh,disease_umls,cui_semantic_type,snomed_conceptid,in_dmdb
somatropin,3,DB00052,MESH:D019382,Prader-Willi syndrome,MESH:D011218,C0032897,T019,89392001.0,False
somatropin,3,DB00052,MESH:D019382,Pituitary dwarfism,MESH:D004393,C0013338,T047,367460001.0,False
somatropin,3,DB00052,MESH:D019382,Turner syndrome,MESH:D014424,C0041408,T019,38804009.0,False
dextromethorphan,9,DB00514,MESH:D003915,Vasomotor rhinitis,MESH:D012223,C0035460,T047,8229003.0,False
dextromethorphan,9,DB00514,MESH:D003915,Sneezing,MESH:D012912,C0037383,T033,76067001.0,False
dextromethorphan,9,DB00514,MESH:D003915,Headache disorder,MESH:D020773,C0393735,T047,230461009.0,False
dextromethorphan,9,DB00514,MESH:D003915,Allergic rhinitis,MESH:D065631,C2607914,T047,61582004.0,False
dextromethorphan,9,DB00514,MESH:D003915,Rhinitis,MESH:D012220,C0035455,T047,70076002.0,False
dextromethorphan,9,DB00514,MESH:D003915,Cough,MESH:D003371,C0010200,T184,49727002.0,False
dextromethorphan,9,DB00514,MESH:D003915,Common cold,MESH:D003139,C0009443,T047,82272006.0,False
dextromethorphan,9,DB00514,MESH:D003915,Fever,MESH:D005334,C0015967,T033,386661006.0,False
dextromethorphan,9,DB00514,MESH:D003915,Sore throat symptom,MESH:D010612,C0242429,T184,267102003.0,False
methylphenobarbital,3,DB00849,MESH:D008618,Anxiety,MESH:D001007,C0003467,T041,48694002.0,False
methylphenobarbital,3,DB00849,MESH:D008618,Epilepsy,MESH:D004827,C0014544,T047,84757009.0,False
methylphenobarbital,3,DB00849,MESH:D008618,Tonic-clonic epilepsy,MESH:D004830,C0014549,T047,352818000.0,False
pranlukast,2,DB01411,MESH:C047681,Asthma,MESH:D001249,C0004096,T047,195967001.0,False
pranlukast,2,DB01411,MESH:C047681,Allergic rhinitis,MESH:D065631,C2607914,T047,61582004.0,False
prazepam,1,DB01588,MESH:D011222,Anxiety,MESH:D001007,C0003467,T041,48694002.0,False
eperisone,1,DB08992,MESH:C030848,Spasm,MESH:D013035,C0037763,T184,45352006.0,False
caroxazone,1,DB09254,MESH:C006919,Depressive disorder,MESH:D003866,C0011581,T048,35489007.0,False
