drug_name,num_ind_dc,drugbank,drug_mesh,disease_name,disease_mesh,disease_umls,cui_semantic_type,snomed_conceptid,in_dmdb
norfloxacin,29,DB01059,MESH:D009643,Pneumonia due to Klebsiella pneumoniae,MESH:D007710,C0519030,T047,64479007.0,False
norfloxacin,29,DB01059,MESH:D009643,Gonorrhea,MESH:D006069,C0018081,T047,15628003.0,False
norfloxacin,29,DB01059,MESH:D009643,Infection due to Staphylococcus aureus,MESH:D013203,C1318973,T047,406602003.0,False
norfloxacin,29,DB01059,MESH:D009643,Cystitis,MESH:D003556,C0010692,T047,38822007.0,False
norfloxacin,29,DB01059,MESH:D009643,Abdominal abscess,MESH:D018784,C0243001,T047,75100008.0,False
norfloxacin,29,DB01059,MESH:D009643,Pneumonia,MESH:D011014,C0032285,T047,233604007.0,False
norfloxacin,29,DB01059,MESH:D009643,Infection due to Enterobacteriaceae,MESH:D004756,C0014347,T047,128945009.0,False
norfloxacin,29,DB01059,MESH:D009643,Infectious disease of abdomen,MESH:D059413,C1112209,T047,128070006.0,False
norfloxacin,29,DB01059,MESH:D009643,Pneumonia due to Mycoplasma pneumoniae,MESH:D011019,C0032302,T047,46970008.0,False
norfloxacin,29,DB01059,MESH:D009643,Infectious diarrheal disease,MESH:D004403,C0013369,T047,19213003.0,False
norfloxacin,29,DB01059,MESH:D009643,Typhoid fever,MESH:D014435,C0041466,T047,4834000.0,False
norfloxacin,29,DB01059,MESH:D009643,Endomyometritis,MESH:D004716,C0269050,T047,88027004.0,False
norfloxacin,29,DB01059,MESH:D009643,Pyelonephritis,MESH:D011704,C0034186,T047,45816000.0,False
norfloxacin,29,DB01059,MESH:D009643,Infection due to Escherichia coli,MESH:D004927,C0014836,T047,71057007.0,False
norfloxacin,29,DB01059,MESH:D009643,Chlamydial pneumonia,MESH:D061387,C0339959,T047,233609002.0,False
norfloxacin,29,DB01059,MESH:D009643,Bacterial conjunctivitis,MESH:D003234,C0009768,T047,128350005.0,False
norfloxacin,29,DB01059,MESH:D009643,Bronchitis,MESH:D001991,C0006277,T047,32398004.0,False
norfloxacin,29,DB01059,MESH:D009643,Anthrax,MESH:D000881,C0003175,T047,409498004.0,False
norfloxacin,29,DB01059,MESH:D009643,Rhinoscleroma,MESH:D012226,C0035468,T047,72409005.0,False
norfloxacin,29,DB01059,MESH:D009643,Urinary tract infectious disease,MESH:D014552,C0042029,T047,68566005.0,False
norfloxacin,29,DB01059,MESH:D009643,Otitis externa,MESH:D010032,C0029878,T047,3135009.0,False
norfloxacin,29,DB01059,MESH:D009643,Bacterial pneumonia,MESH:D018410,C0004626,T047,53084003.0,False
norfloxacin,29,DB01059,MESH:D009643,Staphylococcal pneumonia,MESH:D011023,C0032308,T047,22754005.0,False
norfloxacin,29,DB01059,MESH:D009643,Prostatitis,MESH:D011472,C0033581,T047,9713002.0,False
norfloxacin,29,DB01059,MESH:D009643,Shigellosis,MESH:D004405,C0013371,T047,36188001.0,False
norfloxacin,29,DB01059,MESH:D009643,Streptococcus pyogenes infection,MESH:D013290,C0554628,T047,302809008.0,False
norfloxacin,29,DB01059,MESH:D009643,Pneumococcal pneumonia,MESH:D011018,C0155862,T047,233607000.0,False
norfloxacin,29,DB01059,MESH:D009643,Chancroid,MESH:D002602,C0007947,T047,266143009.0,False
norfloxacin,29,DB01059,MESH:D009643,Nosocomial pneumonia,MESH:D000077299,C0949083,T047,425464007.0,False
