drug_name,num_ind_dc,drugbank,drug_mesh,disease_name,disease_mesh,disease_umls,cui_semantic_type,snomed_conceptid,in_dmdb
cabergoline,1,DB00248,MESH:C047047,Hyperprolactinemia,MESH:D006966,C0020514,T047,237662005.0,False
atomoxetine,1,DB00289,MESH:D000069445,Attention deficit hyperactivity disorder,MESH:D001289,C1263846,T048,406506008.0,False
metformin,1,DB00331,MESH:D008687,Diabetes mellitus type 2,MESH:D003924,C0011860,T047,44054006.0,False
griseofulvin,3,DB00400,MESH:D006118,Tinea pedis,MESH:D014008,C0040259,T047,6020002.0,False
griseofulvin,3,DB00400,MESH:D006118,Tinea capitis,MESH:D014006,C0040250,T047,5441008.0,False
griseofulvin,3,DB00400,MESH:D006118,Onychomycosis due to dermatophyte,MESH:D014009,C0040261,T047,402134005.0,False
estradiol,5,DB00783,MESH:D004958,Premenstrual dysphoric disorder,MESH:D065446,C0520676,T048,596004.0,False
estradiol valerate,5,DB00783,MESH:C015854,Menopausal flushing,MESH:D019584,C0600142,T184,198436008.0,False
estradiol,5,DB00783,MESH:D004958,Postmenopausal osteoporosis,MESH:D015663,C0029458,T047,102447009.0,False
estradiol,5,DB00783,MESH:D004958,Atrophic vaginitis,MESH:D059268,C0221392,T047,52441000.0,False
estradiol,5,DB00783,MESH:D004958,Acne vulgaris,MESH:D000152,C0001144,T047,88616000.0,False
diazepam,6,DB00829,MESH:D003975,Tetanus,MESH:D013742,C0039614,T047,76902006.0,False
diazepam,6,DB00829,MESH:D003975,Spasticity,MESH:D009128,C0026838,T184,221360009.0,False
diazepam,6,DB00829,MESH:D003975,Alcohol withdrawal delirium,MESH:D000430,C0001957,T047,8635005.0,False
diazepam,6,DB00829,MESH:D003975,Anxiety,MESH:D001007,C0003467,T041,48694002.0,False
diazepam,6,DB00829,MESH:D003975,Status epilepticus,MESH:D013226,C0038220,T047,230456007.0,False
diazepam,6,DB00829,MESH:D003975,Epilepsy,MESH:D004827,C0014544,T047,84757009.0,False
oxazepam,2,DB00842,MESH:D010076,Alcohol withdrawal delirium,MESH:D000430,C0001957,T047,8635005.0,False
oxazepam,2,DB00842,MESH:D010076,Anxiety,MESH:D001007,C0003467,T041,48694002.0,False
idebenone,1,DB09081,MESH:C036619,Leber's optic atrophy,MESH:D029242,C0917796,T047,58610003.0,False
