drug_name,num_ind_dc,drugbank,drug_mesh,disease_name,disease_mesh,disease_umls,cui_semantic_type,snomed_conceptid,in_dmdb
nelfinavir,1,DB00220,MESH:D019888,Human immunodeficiency virus infection,MESH:D015658,C0019693,T047,86406008.0,False
pamidronic acid,2,DB00282,MESH:C019248,Osteitis deformans,MESH:D010001,C0029401,T047,2089002.0,False
pamidronic acid,2,DB00282,MESH:C019248,Humoral hypercalcemia of malignancy,MESH:C562390,C0149911,T047,47709007.0,False
mefloquine,1,DB00358,MESH:D015767,Vivax malaria,MESH:D016780,C0024537,T047,27052006.0,False
rofecoxib,6,DB00533,MESH:C116926,Rheumatoid arthritis,MESH:D001172,C0003873,T047,69896004.0,False
rofecoxib,6,DB00533,MESH:C116926,Osteoarthritis,MESH:D010003,C0029408,T047,396275006.0,False
rofecoxib,6,DB00533,MESH:C116926,Migraine,MESH:D008881,C0149931,T047,37796009.0,False
rofecoxib,6,DB00533,MESH:C116926,Dysmenorrhea,MESH:D004412,C0013390,T046,266599000.0,False
rofecoxib,6,DB00533,MESH:C116926,Juvenile rheumatoid arthritis,MESH:D001171,C3495559,T047,410795001.0,False
rofecoxib,6,DB00533,MESH:C116926,Pain,MESH:D010146,C0030193,T184,22253000.0,False
flumetasone,9,DB00663,MESH:D005443,Eruption of skin,MESH:D005076,C0015230,T047,271807003.0,False
flumetasone,9,DB00663,MESH:D005443,Atopic dermatitis,MESH:D003876,C0011615,T047,24079001.0,False
flumetasone,9,DB00663,MESH:D005443,Granuloma annulare,MESH:D016460,C0085074,T047,65508009.0,False
flumetasone,9,DB00663,MESH:D005443,Discoid lupus erythematosus,MESH:D008179,C0024138,T047,200938002.0,False
flumetasone,9,DB00663,MESH:D005443,Contact dermatitis,MESH:D003877,C0011616,T047,40275004.0,False
flumetasone,9,DB00663,MESH:D005443,Lichen simplex chronicus,MESH:D009450,C0149922,T047,53891004.0,False
flumetasone,9,DB00663,MESH:D005443,Seborrheic dermatitis,MESH:D012628,C0036508,T047,50563003.0,False
flumetasone,9,DB00663,MESH:D005443,Pruritus ani,MESH:D011538,C0033775,T184,90446007.0,False
flumetasone,9,DB00663,MESH:D005443,Primary cutaneous T-cell lymphoma,MESH:D016410,C0079773,T191,400122007.0,False
dicycloverine,1,DB00804,MESH:D004025,Irritable bowel syndrome,MESH:D043183,C0022104,T047,10743008.0,False
