drug_name,num_ind_dc,drugbank,drug_mesh,disease_name,disease_mesh,disease_umls,cui_semantic_type,snomed_conceptid,in_dmdb
peginterferon alfa-2a,2,DB00008,MESH:C100416,Chronic hepatitis C,MESH:D019698,C0524910,T047,128302006.0,False
peginterferon alfa-2a,2,DB00008,MESH:C100416,Chronic type B viral hepatitis,MESH:D019694,C0524909,T047,61977001.0,False
eletriptan,1,DB00216,MESH:C115647,Migraine,MESH:D008881,C0149931,T047,37796009.0,False
nafcillin,2,DB00607,MESH:D009254,Infection due to Staphylococcus aureus,MESH:D013203,C1318973,T047,406602003.0,False
nafcillin,2,DB00607,MESH:D009254,Staphylococcal pneumonia,MESH:D011023,C0032308,T047,22754005.0,False
terbutaline,5,DB00871,MESH:D013726,Pulmonary emphysema,MESH:D011656,C0034067,T047,87433001.0,False
terbutaline,5,DB00871,MESH:D013726,Itching of skin,MESH:D011537,C0033774,T184,418363000.0,False
terbutaline,5,DB00871,MESH:D013726,Tear film insufficiency,MESH:D015352,C0013238,T047,46152009.0,False
terbutaline,5,DB00871,MESH:D013726,Asthma,MESH:D001249,C0004096,T047,195967001.0,False
terbutaline,5,DB00871,MESH:D013726,Bronchitis,MESH:D001991,C0006277,T047,32398004.0,False
micafungin,2,DB01141,MESH:C121905,Candidemia,MESH:D058387,C0877445,T047,432261003.0,False
micafungin,2,DB01141,MESH:C121905,Disseminated candidiasis,MESH:C536777,C0153252,T047,70572005.0,False
lopinavir,1,DB01601,MESH:D061466,Human immunodeficiency virus infection,MESH:D015658,C0019693,T047,86406008.0,False
carbenoxolone,1,DB02329,MESH:D002229,Peptic ulcer,MESH:D010437,C0030920,T047,13200003.0,False
tafamidis,1,DB05352,MESH:C547076,Amyloidosis,MESH:D000686,C0002726,T047,17602002.0,False
abiraterone acetate,1,DB05812,"MESH:D000069501,MESH:C089740",Malignant tumor of prostate,MESH:D011471,C0376358,T191,399068003.0,False
lumefantrine,1,DB06708,MESH:C102070,Falciparum malaria,MESH:D016778,C0024535,T047,62676009.0,False
belotecan,2,DB12459,MESH:C116963,Non-small cell lung cancer,MESH:D002289,C0007131,T191,254637007.0,False
belotecan,2,DB12459,MESH:C116963,Malignant tumor of ovary,MESH:D010051,C1140680,T191,363443007.0,False
mizolastine,2,DB12523,MESH:C076170,Perennial allergic rhinitis,MESH:D012221,C0035457,T047,446096008.0,False
mizolastine,2,DB12523,MESH:C076170,Allergic rhinitis,MESH:D065631,C2607914,T047,61582004.0,False
