drug_name,num_ind_dc,drugbank,drug_mesh,disease_name,disease_mesh,disease_umls,cui_semantic_type,snomed_conceptid,in_dmdb
amikacin,13,DB00479,MESH:D000583,Infection due to Enterobacteriaceae,MESH:D004756,C0014347,T047,128945009.0,False
amikacin,13,DB00479,MESH:D000583,Infection due to Escherichia coli,MESH:D004927,C0014836,T047,71057007.0,False
amikacin,13,DB00479,MESH:D000583,Bacterial infection due to Serratia,MESH:D016868,C0085394,T047,71120004.0,False
amikacin,13,DB00479,MESH:D000583,Infectious disease of abdomen,MESH:D059413,C1112209,T047,128070006.0,False
amikacin,13,DB00479,MESH:D000583,Escherichia coli meningitis,MESH:D020814,C0338395,T047,192655005.0,False
amikacin,13,DB00479,MESH:D000583,Cholangitis,MESH:D002761,C0008311,T047,82403002.0,False
amikacin,13,DB00479,MESH:D000583,Rhinoscleroma,MESH:D012226,C0035468,T047,72409005.0,False
amikacin,13,DB00479,MESH:D000583,Bacterial pneumonia,MESH:D018410,C0004626,T047,53084003.0,False
amikacin,13,DB00479,MESH:D000583,Osteomyelitis,MESH:D010019,C0029443,T047,60168000.0,False
amikacin,13,DB00479,MESH:D000583,Staphylococcal pneumonia,MESH:D011023,C0032308,T047,22754005.0,False
amikacin,13,DB00479,MESH:D000583,Bacterial meningitis,MESH:D016920,C0085437,T047,95883001.0,False
amikacin,13,DB00479,MESH:D000583,Nosocomial pneumonia,MESH:D000077299,C0949083,T047,425464007.0,False
amikacin,13,DB00479,MESH:D000583,Sepsis of the newborn,MESH:D000071074,C0456103,T047,206376005.0,False
cefoxitin,12,DB01331,MESH:D002440,Rhinoscleroma,MESH:D012226,C0035468,T047,72409005.0,False
cefoxitin,12,DB01331,MESH:D002440,Endometritis,MESH:D004716,C0014179,T047,78623009.0,False
cefoxitin,12,DB01331,MESH:D002440,Streptococcus pyogenes infection,MESH:D013290,C0554628,T047,302809008.0,False
cefoxitin,12,DB01331,MESH:D002440,Pneumonia due to Streptococcus,MESH:D011018,C0155862,T047,34020007.0,False
cefoxitin,12,DB01331,MESH:D002440,Staphylococcal pneumonia,MESH:D011023,C0032308,T047,22754005.0,False
cefoxitin,12,DB01331,MESH:D002440,Bacterial pneumonia,MESH:D018410,C0004626,T047,53084003.0,False
cefoxitin,12,DB01331,MESH:D002440,Abscess of lung,MESH:D008169,C0024110,T047,73452002.0,False
cefoxitin,12,DB01331,MESH:D002440,Abdominal abscess,MESH:D018784,C0243001,T047,75100008.0,False
cefoxitin,12,DB01331,MESH:D002440,Infection due to Staphylococcus aureus,MESH:D013203,C1318973,T047,406602003.0,False
cefoxitin,12,DB01331,MESH:D002440,Infection due to Escherichia coli,MESH:D004927,C0014836,T047,71057007.0,False
cefoxitin,12,DB01331,MESH:D002440,Gonorrhea,MESH:D006069,C0018081,T047,15628003.0,False
cefoxitin,12,DB01331,MESH:D002440,Infectious disease of abdomen,MESH:D059413,C1112209,T047,128070006.0,False
