drug_name,num_ind_dc,drugbank,drug_mesh,disease_name,disease_mesh,disease_umls,cui_semantic_type,snomed_conceptid,in_dmdb
aminosalicylic acid,1,DB00233,MESH:D010131,Pulmonary tuberculosis,MESH:D014397,C0041327,T047,154283005.0,False
azlocillin,3,DB01061,MESH:D001390,Aspiration pneumonia,MESH:D011015,C0032290,T047,422588002.0,False
azlocillin,3,DB01061,MESH:D001390,Bacterial infection due to Serratia,MESH:D016868,C0085394,T047,71120004.0,False
azlocillin,3,DB01061,MESH:D001390,Urinary tract infectious disease,MESH:D014552,C0042029,T047,68566005.0,False
cloxacillin,4,DB01147,MESH:D003023,Infection due to Staphylococcus aureus,MESH:D013203,C1318973,T047,406602003.0,False
cloxacillin,4,DB01147,MESH:D003023,Staphylococcal pneumonia,MESH:D011023,C0032308,T047,22754005.0,False
cloxacillin,4,DB01147,MESH:D003023,Pharyngitis,MESH:D010612,C0031350,T047,405737000.0,False
cloxacillin,4,DB01147,MESH:D003023,Sinusitis,MESH:D012852,C0037199,T047,36971009.0,False
choline magnesium trisalicylate,4,DB01401,MESH:C017959,Fever,MESH:D005334,C0015967,T033,386661006.0,False
choline magnesium trisalicylate,4,DB01401,MESH:C017959,Osteoarthritis,MESH:D010003,C0029408,T047,396275006.0,False
choline magnesium trisalicylate,4,DB01401,MESH:C017959,Rheumatoid arthritis,MESH:D001172,C0003873,T047,69896004.0,False
choline magnesium trisalicylate,4,DB01401,MESH:C017959,Pain,MESH:D010146,C0030193,T184,22253000.0,False
tolrestat,1,DB02383,MESH:C040550,Diabetic complication,MESH:D048909,C0342257,T046,74627003.0,False
dexlansoprazole,2,DB05351,MESH:D064748,Peptic ulcer,MESH:D010437,C0030920,T047,13200003.0,False
dexlansoprazole,2,DB05351,MESH:D064748,Gastroesophageal reflux disease,MESH:D005764,C0017168,T047,235595009.0,False
telaprevir,1,DB05521,MESH:C486464,Chronic hepatitis C,MESH:D019698,C0524910,T047,128302006.0,False
capsaicin,3,DB06774,MESH:D002211,Postherpetic neuralgia,MESH:D051474,C0032768,T047,2177002.0,False
capsaicin,3,DB06774,MESH:D002211,Neuralgia,MESH:D009437,C0027796,T184,16269008.0,False
capsaicin,3,DB06774,MESH:D002211,Backache,MESH:D001416,C0004604,T184,161891005.0,False
efinaconazole,1,DB09040,MESH:C431707,Onychomycosis due to dermatophyte,MESH:D014009,C0040261,T047,402134005.0,False
susoctocog alfa,1,DB11606,,Acquired factor VIII deficiency disease,MESH:C536392,C0272325,T047,14230004.0,False
efmoroctocog alfa,1,DB11607,MESH:C587014,Hereditary factor VIII deficiency disease,MESH:D006467,C0019069,T047,28293008.0,False
