drug_name,num_ind_dc,drugbank,drug_mesh,disease_name,disease_mesh,disease_umls,cui_semantic_type,snomed_conceptid,in_dmdb
calcium glucoheptonate,3,DB00326,MESH:C007852,Cardiac arrest,MESH:D006323,C0018790,T047,410429000.0,False
calcium glucoheptonate,3,DB00326,MESH:C007852,Hypocalcemia,MESH:D006996,C0020598,T046,5291005.0,False
calcium glucoheptonate,3,DB00326,MESH:C007852,Hyperkalemia,MESH:D006947,C0020461,T033,14140009.0,False
chlorpromazine,4,DB00477,MESH:D002746,Psychotic disorder,MESH:D011618,C0033975,T048,69322001.0,False
chlorpromazine,4,DB00477,MESH:D002746,Acute intermittent porphyria,MESH:D017118,C0162565,T047,234422006.0,False
chlorpromazine,4,DB00477,MESH:D002746,Schizophrenia,MESH:D012559,C0036341,T048,58214004.0,False
chlorpromazine,4,DB00477,MESH:D002746,Disruptive behavior disorder,MESH:D019958,C0012734,T048,54319003.0,False
etoposide,2,DB00773,MESH:D005047,Malignant tumor of testis,MESH:D013736,C0153594,T191,363449006.0,False
etoposide,2,DB00773,MESH:D005047,Small cell carcinoma of lung,MESH:D055752,C0149925,T191,254632001.0,False
didanosine,1,DB00900,MESH:D016049,Human immunodeficiency virus infection,MESH:D015658,C0019693,T047,86406008.0,False
desloratadine,7,DB00967,MESH:C121345,Seasonal allergic rhinitis,MESH:D006255,C0018621,T047,367498001.0,False
desloratadine,7,DB00967,MESH:C121345,Common cold,MESH:D003139,C0009443,T047,82272006.0,False
desloratadine,7,DB00967,MESH:C121345,Vasomotor rhinitis,MESH:D012223,C0035460,T047,8229003.0,False
desloratadine,7,DB00967,MESH:C121345,Chronic idiopathic urticaria,MESH:D000080223,C0578870,T047,302162004.0,False
desloratadine,7,DB00967,MESH:C121345,Allergic rhinitis,MESH:D065631,C2607914,T047,61582004.0,False
desloratadine,7,DB00967,MESH:C121345,Sneezing,MESH:D012912,C0037383,T033,76067001.0,False
desloratadine,7,DB00967,MESH:C121345,Allergic conjunctivitis,MESH:D003233,C0009766,T047,473460002.0,False
pasireotide,1,DB06663,MESH:C517782,Hypercortisolism,MESH:D000308,C0001622,T047,47270006.0,False
carfilzomib,1,DB08889,"MESH:C524865,MESH:C519125",Multiple myeloma,MESH:D009101,C0026764,T191,109989006.0,False
enzalutamide,1,DB08899,MESH:C540278,Malignant tumor of prostate,MESH:D011471,C0376358,T191,399068003.0,False
