drug_name,num_ind_dc,drugbank,drug_mesh,disease_name,disease_mesh,disease_umls,cui_semantic_type,snomed_conceptid,in_dmdb
ampicillin,21,DB00415,MESH:D000667,Cholangitis,MESH:D002761,C0008311,T047,82403002.0,False
ampicillin,21,DB00415,MESH:D000667,Infection due to Enterobacteriaceae,MESH:D004756,C0014347,T047,128945009.0,False
ampicillin,21,DB00415,MESH:D000667,Infectious disease of abdomen,MESH:D059413,C1112209,T047,128070006.0,False
ampicillin,21,DB00415,MESH:D000667,Infection due to Escherichia coli,MESH:D004927,C0014836,T047,71057007.0,False
ampicillin,21,DB00415,MESH:D000667,Urinary tract infectious disease,MESH:D014552,C0042029,T047,68566005.0,False
ampicillin,21,DB00415,MESH:D000667,Pharyngitis,MESH:D010612,C0031350,T047,405737000.0,False
ampicillin,21,DB00415,MESH:D000667,Meningococcal meningitis,MESH:D008585,C0025294,T047,192644005.0,False
ampicillin,21,DB00415,MESH:D000667,Shigellosis,MESH:D004405,C0013371,T047,36188001.0,False
ampicillin,21,DB00415,MESH:D000667,Pneumococcal meningitis,MESH:D008586,C0025295,T047,51169003.0,False
ampicillin,21,DB00415,MESH:D000667,Paratyphoid fever,MESH:D010284,C0030528,T047,85904008.0,False
ampicillin,21,DB00415,MESH:D000667,Gonorrhea,MESH:D006069,C0018081,T047,15628003.0,False
ampicillin,21,DB00415,MESH:D000667,Bacterial meningitis,MESH:D016920,C0085437,T047,95883001.0,False
ampicillin,21,DB00415,MESH:D000667,Staphylococcal pneumonia,MESH:D011023,C0032308,T047,22754005.0,False
ampicillin,21,DB00415,MESH:D000667,Sinusitis,MESH:D012852,C0037199,T047,36971009.0,False
ampicillin,21,DB00415,MESH:D000667,Infection due to Staphylococcus aureus,MESH:D013203,C1318973,T047,406602003.0,False
ampicillin,21,DB00415,MESH:D000667,Bacterial endocarditis,MESH:D004697,C0014121,T047,301183007.0,False
ampicillin,21,DB00415,MESH:D000667,Pneumococcal pneumonia,MESH:D011018,C0155862,T047,233607000.0,False
ampicillin,21,DB00415,MESH:D000667,Escherichia coli meningitis,MESH:D020814,C0338395,T047,192655005.0,False
ampicillin,21,DB00415,MESH:D000667,Bacterial pneumonia,MESH:D018410,C0004626,T047,53084003.0,False
ampicillin,21,DB00415,MESH:D000667,Dysentery,MESH:D004403,C0013369,T047,111939009.0,False
ampicillin,21,DB00415,MESH:D000667,Rhinoscleroma,MESH:D012226,C0035468,T047,72409005.0,False
