drug_name,num_ind_dc,drugbank,drug_mesh,disease_name,disease_mesh,disease_umls,cui_semantic_type,snomed_conceptid,in_dmdb
clorazepate,1,DB00628,MESH:D003009,Anxiety,MESH:D001007,C0003467,T041,48694002.0,False
praziquantel,2,DB01058,"MESH:D011223,MESH:C078071",Infection by Schistosoma,MESH:D012552,C0036323,T047,10087007.0,False
praziquantel,2,DB01058,"MESH:D011223,MESH:C078071",Opisthorchiasis,MESH:D009889,C0029106,T047,1059007.0,False
streptomycin,6,DB01082,MESH:D013307,Tularemia,MESH:D014406,C0041351,T047,19265001.0,False
streptomycin,6,DB01082,MESH:D013307,Plague,MESH:D010930,C0032064,T047,58750007.0,False
streptomycin,6,DB01082,MESH:D013307,Chancroid,MESH:D002602,C0007947,T047,266143009.0,False
streptomycin,6,DB01082,MESH:D013307,Pulmonary tuberculosis,MESH:D014397,C0041327,T047,154283005.0,False
streptomycin,6,DB01082,MESH:D013307,Granuloma inguinale,MESH:D006100,C0018190,T047,28867007.0,False
streptomycin,6,DB01082,MESH:D013307,Brucellosis,MESH:D002006,C0006309,T047,75702008.0,False
diphenylpyraline,6,DB01146,MESH:C009871,Sneezing,MESH:D012912,C0037383,T033,76067001.0,False
diphenylpyraline,6,DB01146,MESH:C009871,Itching of skin,MESH:D011537,C0033774,T184,418363000.0,False
diphenylpyraline,6,DB01146,MESH:C009871,Allergic rhinitis,MESH:D065631,C2607914,T047,61582004.0,False
diphenylpyraline,6,DB01146,MESH:C009871,Allergic conjunctivitis,MESH:D003233,C0009766,T047,473460002.0,False
diphenylpyraline,6,DB01146,MESH:C009871,Vasomotor rhinitis,MESH:D012223,C0035460,T047,8229003.0,False
diphenylpyraline,6,DB01146,MESH:C009871,Urticaria,MESH:D014581,C0042109,T047,126485001.0,False
ursodiol,2,DB01586,MESH:D014580,Primary biliary cirrhosis,MESH:D008105,C0008312,T047,31712002.0,False
ursodiol,2,DB01586,MESH:D014580,Calculus in biliary tract,MESH:D002769,C0008350,T047,266474003.0,False
alcaftadine,1,DB06766,MESH:C557708,Allergic conjunctivitis,MESH:D003233,C0009766,T047,473460002.0,False
tyramine,2,DB08841,MESH:D014439,Hyperlipidemia,MESH:D006949,C0020473,T047,55822004.0,False
tyramine,2,DB08841,MESH:D014439,Hypercholesterolemia,MESH:D006937,C0020443,T047,13644009.0,False
elosulfase alfa,1,DB09051,MESH:C102295,"Mucopolysaccharidosis, MPS-IV-A",MESH:D009085,C0086651,T047,7259005.0,False
omarigliptin,1,DB11992,MESH:C587539,Diabetes mellitus type 2,MESH:D003924,C0011860,T047,44054006.0,False
ozagrel,2,DB12017,MESH:C034364,Spasm of cerebral arteries,MESH:D020301,C0265110,T047,73173006.0,False
ozagrel,2,DB12017,MESH:C034364,Asthma,MESH:D001249,C0004096,T047,195967001.0,False
