drug_name,num_ind_dc,drugbank,drug_mesh,disease_name,disease_mesh,disease_umls,cui_semantic_type,snomed_conceptid,in_dmdb
trihexyphenidyl,4,DB00376,MESH:D014282,Postencephalitic parkinsonism,MESH:D010301,C0030568,T047,19972008.0,False
trihexyphenidyl,4,DB00376,MESH:D014282,Parkinson's disease,MESH:D010300,C0030567,T047,49049000.0,False
trihexyphenidyl,4,DB00376,MESH:D014282,Extrapyramidal disease,MESH:D001480,C0015371,T047,76349003.0,False
trihexyphenidyl,4,DB00376,MESH:D014282,Parkinsonism,MESH:D020734,C0242422,T047,32798002.0,False
celecoxib,5,DB00482,MESH:D000068579,Osteoarthritis,MESH:D010003,C0029408,T047,396275006.0,False
celecoxib,5,DB00482,MESH:D000068579,Ankylosing spondylitis,MESH:D013167,C0038013,T047,9631008.0,False
celecoxib,5,DB00482,MESH:D000068579,Rheumatoid arthritis,MESH:D001172,C0003873,T047,69896004.0,False
celecoxib,5,DB00482,MESH:D000068579,Dysmenorrhea,MESH:D004412,C0013390,T046,266599000.0,False
celecoxib,5,DB00482,MESH:D000068579,Juvenile rheumatoid arthritis,MESH:D001171,C3495559,T047,410795001.0,False
oxamniquine,1,DB01096,MESH:D010073,Infection by Schistosoma,MESH:D012552,C0036323,T047,10087007.0,False
rabeprazole,6,DB01129,MESH:D064750,Gastroesophageal reflux disease,MESH:D005764,C0017168,T047,235595009.0,False
rabeprazole,6,DB01129,MESH:D064750,Peptic ulcer,MESH:D010437,C0030920,T047,13200003.0,False
rabeprazole,6,DB01129,MESH:D064750,Systemic mast cell disease,MESH:D034721,C0221013,T047,397016004.0,False
rabeprazole,6,DB01129,MESH:D064750,Zollinger-Ellison syndrome,MESH:D015043,C0043515,T047,53132006.0,False
rabeprazole,6,DB01129,MESH:D064750,Multiple endocrine adenomas,MESH:D009377,C0027662,T191,60549007.0,False
rabeprazole,6,DB01129,MESH:D064750,Duodenal ulcer disease,MESH:D004381,C0013295,T047,51868009.0,False
rasagiline,1,DB01367,MESH:C031967,Parkinson's disease,MESH:D010300,C0030567,T047,49049000.0,False
aceclofenac,4,DB06736,MESH:C056498,Backache,MESH:D001416,C0004604,T184,161891005.0,False
aceclofenac,4,DB06736,MESH:C056498,Osteoarthritis,MESH:D010003,C0029408,T047,396275006.0,False
aceclofenac,4,DB06736,MESH:C056498,Ankylosing spondylitis,MESH:D013167,C0038013,T047,9631008.0,False
aceclofenac,4,DB06736,MESH:C056498,Rheumatoid arthritis,MESH:D001172,C0003873,T047,69896004.0,False
tibolone,1,DB09070,MESH:C027385,Postmenopausal osteoporosis,MESH:D015663,C0029458,T047,102447009.0,False
