drug_name,num_ind_dc,drugbank,drug_mesh,disease_name,disease_mesh,disease_umls,cui_semantic_type,snomed_conceptid,in_dmdb
dexbrompheniramine,6,DB00405,MESH:C015121,Allergic rhinitis,MESH:D065631,C2607914,T047,61582004.0,False
dexbrompheniramine,6,DB00405,MESH:C015121,Urticaria,MESH:D014581,C0042109,T047,126485001.0,False
dexbrompheniramine,6,DB00405,MESH:C015121,Itching of skin,MESH:D011537,C0033774,T184,418363000.0,False
dexbrompheniramine,6,DB00405,MESH:C015121,Vasomotor rhinitis,MESH:D012223,C0035460,T047,8229003.0,False
dexbrompheniramine,6,DB00405,MESH:C015121,Seasonal allergic rhinitis,MESH:D006255,C0018621,T047,367498001.0,False
dexbrompheniramine,6,DB00405,MESH:C015121,Allergic conjunctivitis,MESH:D003233,C0009766,T047,473460002.0,False
epinastine,1,DB00751,MESH:C053090,Allergic conjunctivitis,MESH:D003233,C0009766,T047,473460002.0,False
amantadine,4,DB00915,MESH:D000547,Extrapyramidal disease,MESH:D001480,C0015371,T047,76349003.0,False
amantadine,4,DB00915,MESH:D000547,Parkinson's disease,MESH:D010300,C0030567,T047,49049000.0,False
amantadine,4,DB00915,MESH:D000547,Parkinsonism,MESH:D020734,C0242422,T047,32798002.0,False
amantadine,4,DB00915,MESH:D000547,Postencephalitic parkinsonism,MESH:D010301,C0030568,T047,19972008.0,False
emedastine,3,DB01084,MESH:C043345,Urticaria,MESH:D014581,C0042109,T047,126485001.0,False
emedastine,3,DB01084,MESH:C043345,Itching of skin,MESH:D011537,C0033774,T184,418363000.0,False
emedastine,3,DB01084,MESH:C043345,Allergic conjunctivitis,MESH:D003233,C0009766,T047,473460002.0,False
tetracosactide,1,DB01284,MESH:D003366,Adrenal cortical hypofunction,MESH:D000309,C0405580,T047,386584007.0,False
amineptine,1,DB04836,MESH:C011597,Depressive disorder,MESH:D003866,C0011581,T048,35489007.0,False
mepenzolate,2,DB04843,MESH:C005101,Peptic ulcer,MESH:D010437,C0030920,T047,13200003.0,False
mepenzolate,2,DB04843,MESH:C005101,Gastric ulcer,MESH:D013276,C0038358,T047,397825006.0,False
bepotastine,1,DB04890,"MESH:C511534,MESH:C108476",Allergic conjunctivitis,MESH:D003233,C0009766,T047,473460002.0,False
peginterferon beta-1a,1,DB09122,MESH:C428112,Relapsing remitting multiple sclerosis,MESH:D020529,C0751967,T047,426373005.0,False
brexpiprazole,2,DB09128,MESH:C000591922,Major depressive disorder,MESH:D003865,C1269683,T048,370143000.0,False
brexpiprazole,2,DB09128,MESH:C000591922,Schizophrenia,MESH:D012559,C0036341,T048,58214004.0,False
