drug_name,num_ind_dc,drugbank,drug_mesh,disease_name,disease_mesh,disease_umls,cui_semantic_type,snomed_conceptid,in_dmdb
fusidic acid,61,DB02703,MESH:D005672,Furunculosis,MESH:D005667,C0016867,T047,112650006.0,False
fusidic acid,61,DB02703,MESH:D005672,Relapsing fever,MESH:D012061,C0035021,T047,420079008.0,False
fusidic acid,61,DB02703,MESH:D005672,Acne vulgaris,MESH:D000152,C0001144,T047,88616000.0,False
fusidic acid,61,DB02703,MESH:D005672,Cutaneous anthrax,MESH:C531621,C0003177,T047,84980006.0,False
fusidic acid,61,DB02703,MESH:D005672,Trachoma,MESH:D014141,C0040592,T047,2576002.0,False
fusidic acid,61,DB02703,MESH:D005672,Staphylococcal infectious disease,MESH:D013203,C0038160,T047,56038003.0,False
fusidic acid,61,DB02703,MESH:D005672,Rocky Mountain spotted fever,MESH:D012373,C0035793,T047,186772009.0,False
fusidic acid,61,DB02703,MESH:D005672,Paronychia,MESH:D010304,C0030578,T047,71906005.0,False
fusidic acid,61,DB02703,MESH:D005672,Folliculitis,MESH:D005499,C0016436,T047,13600006.0,False
fusidic acid,61,DB02703,MESH:D005672,Chancroid,MESH:D002602,C0007947,T047,266143009.0,False
fusidic acid,61,DB02703,MESH:D005672,Infection due to Escherichia coli,MESH:D004927,C0014836,T047,71057007.0,False
fusidic acid,61,DB02703,MESH:D005672,Brill-Zinsser disease,MESH:D014438,C0006181,T047,47761007.0,False
fusidic acid,61,DB02703,MESH:D005672,Cholera,MESH:D002771,C0008354,T047,63650001.0,False
fusidic acid,61,DB02703,MESH:D005672,Infection due to Enterobacteriaceae,MESH:D004756,C0014347,T047,128945009.0,False
fusidic acid,61,DB02703,MESH:D005672,Bronchitis,MESH:D001991,C0006277,T047,32398004.0,False
fusidic acid,61,DB02703,MESH:D005672,Syphilis,MESH:D013587,C0039128,T047,76272004.0,False
fusidic acid,61,DB02703,MESH:D005672,Ornithosis,MESH:D009956,C0029291,T047,75116005.0,False
fusidic acid,61,DB02703,MESH:D005672,Lymphogranuloma venereum,MESH:D008219,C0024286,T047,186946009.0,False
fusidic acid,61,DB02703,MESH:D005672,Chlamydial infection,MESH:D002690,C0008149,T047,105629000.0,False
fusidic acid,61,DB02703,MESH:D005672,Gastrointestinal anthrax,MESH:C571911,C0152945,T047,111798006.0,False
fusidic acid,61,DB02703,MESH:D005672,Uveitis,MESH:D014605,C0042164,T047,128473001.0,False
fusidic acid,61,DB02703,MESH:D005672,Rickettsialpox,MESH:D000073605,C0035597,T047,75096007.0,False
fusidic acid,61,DB02703,MESH:D005672,Bacterial pneumonia,MESH:D018410,C0004626,T047,53084003.0,False
fusidic acid,61,DB02703,MESH:D005672,Nosocomial pneumonia,MESH:D000077299,C0949083,T047,425464007.0,False
fusidic acid,61,DB02703,MESH:D005672,Streptococcal infectious disease,MESH:D013290,C0038395,T047,85769006.0,False
fusidic acid,61,DB02703,MESH:D005672,Bartonellosis,MESH:D001474,C0004771,T047,266123003.0,False
fusidic acid,61,DB02703,MESH:D005672,Pneumonia,MESH:D011014,C0032285,T047,233604007.0,False
fusidic acid,61,DB02703,MESH:D005672,Scrub typhus,MESH:D012612,C0036472,T047,271425001.0,False
fusidic acid,61,DB02703,MESH:D005672,Anterior uveitis,MESH:D014606,C0042165,T047,410692006.0,False
fusidic acid,61,DB02703,MESH:D005672,Bacterial infection due to Serratia,MESH:D016868,C0085394,T047,71120004.0,False
fusidic acid,61,DB02703,MESH:D005672,Allergic conjunctivitis,MESH:D003233,C0009766,T047,473460002.0,False
fusidic acid,61,DB02703,MESH:D005672,Listeriosis,MESH:D008088,C0023860,T047,4241002.0,False
fusidic acid,61,DB02703,MESH:D005672,Murine typhus,MESH:D014437,C0041472,T047,25668000.0,False
fusidic acid,61,DB02703,MESH:D005672,Pharyngitis,MESH:D010612,C0031350,T047,405737000.0,False
fusidic acid,61,DB02703,MESH:D005672,Rosacea,MESH:D012393,C0035854,T047,398909004.0,False
fusidic acid,61,DB02703,MESH:D005672,Keratoconjunctivitis,MESH:D007637,C0022573,T047,88151007.0,False
fusidic acid,61,DB02703,MESH:D005672,Anthrax,MESH:D000881,C0003175,T047,409498004.0,False
fusidic acid,61,DB02703,MESH:D005672,Tularemia,MESH:D014406,C0041351,T047,19265001.0,False
fusidic acid,61,DB02703,MESH:D005672,Bacterial conjunctivitis,MESH:D003234,C0009768,T047,128350005.0,False
fusidic acid,61,DB02703,MESH:D005672,Brucellosis,MESH:D002006,C0006309,T047,75702008.0,False
fusidic acid,61,DB02703,MESH:D005672,Staphylococcal pneumonia,MESH:D011023,C0032308,T047,22754005.0,False
fusidic acid,61,DB02703,MESH:D005672,Infectious disease of abdomen,MESH:D059413,C1112209,T047,128070006.0,False
fusidic acid,61,DB02703,MESH:D005672,Sinusitis,MESH:D012852,C0037199,T047,36971009.0,False
fusidic acid,61,DB02703,MESH:D005672,Gonorrhea,MESH:D006069,C0018081,T047,15628003.0,False
fusidic acid,61,DB02703,MESH:D005672,Actinomycotic infection,"MESH:D000196,MESH:D000193",C0001261,T047,11817007.0,False
fusidic acid,61,DB02703,MESH:D005672,Granuloma inguinale,MESH:D006100,C0018190,T047,28867007.0,False
fusidic acid,61,DB02703,MESH:D005672,Disease caused by rickettsiae,MESH:D012282,C0035585,T047,37246009.0,False
fusidic acid,61,DB02703,MESH:D005672,Yaws,MESH:D015001,C0043388,T047,70647001.0,False
fusidic acid,61,DB02703,MESH:D005672,Boutonneuse fever,MESH:D001907,C0006060,T047,186774005.0,False
fusidic acid,61,DB02703,MESH:D005672,Q fever,MESH:D011778,C0034362,T047,186788009.0,False
fusidic acid,61,DB02703,MESH:D005672,Bacterial infection of skin,MESH:D017192,C0162627,T047,128936008.0,False
fusidic acid,61,DB02703,MESH:D005672,Pneumococcal infectious disease,MESH:D011008,C0032269,T047,16814004.0,False
fusidic acid,61,DB02703,MESH:D005672,Bacterial meningitis,MESH:D016920,C0085437,T047,95883001.0,False
fusidic acid,61,DB02703,MESH:D005672,Sepsis of the newborn,MESH:D000071074,C0456103,T047,206376005.0,False
fusidic acid,61,DB02703,MESH:D005672,Pneumonia due to Mycoplasma pneumoniae,MESH:D011019,C0032302,T047,46970008.0,False
fusidic acid,61,DB02703,MESH:D005672,Inhalational anthrax,MESH:C571912,C0155866,T047,11389007.0,False
fusidic acid,61,DB02703,MESH:D005672,Dacryocystitis,MESH:D003607,C0010930,T047,85777005.0,False
fusidic acid,61,DB02703,MESH:D005672,Rhinoscleroma,MESH:D012226,C0035468,T047,72409005.0,False
fusidic acid,61,DB02703,MESH:D005672,Urinary tract infectious disease,MESH:D014552,C0042029,T047,68566005.0,False
fusidic acid,61,DB02703,MESH:D005672,Cholangitis,MESH:D002761,C0008311,T047,82403002.0,False
fusidic acid,61,DB02703,MESH:D005672,Inclusion conjunctivitis,MESH:D003235,C0009770,T047,266109000.0,False
