drug_name,num_ind_dc,drugbank,drug_mesh,disease_name,disease_mesh,disease_umls,cui_semantic_type,snomed_conceptid,in_dmdb
pentobarbital,2,DB00312,MESH:D010424,Status epilepticus,MESH:D013226,C0038220,T047,230456007.0,False
pentobarbital,2,DB00312,MESH:D010424,Epilepsy,MESH:D004827,C0014544,T047,84757009.0,False
sulfadiazine,5,DB00359,MESH:D013411,Toxoplasmosis,MESH:D014123,C0040558,T047,187192000.0,False
sulfadiazine,5,DB00359,MESH:D013411,Chorioretinitis,MESH:D002825,C0008513,T047,46627006.0,False
sulfadiazine,5,DB00359,MESH:D013411,Ulcerative colitis,MESH:D003093,C0009324,T047,64766004.0,False
sulfadiazine,5,DB00359,MESH:D013411,Skin ulcer,MESH:D012883,C0037299,T047,46742003.0,False
sulfadiazine,5,DB00359,MESH:D013411,Congenital toxoplasmosis,MESH:D014125,C0040560,T047,73893000.0,False
clofibrate,1,DB00636,MESH:D002994,Hyperlipidemia,MESH:D006949,C0020473,T047,55822004.0,False
mefenamic acid,2,DB00784,MESH:D008528,Pain,MESH:D010146,C0030193,T184,22253000.0,False
mefenamic acid,2,DB00784,MESH:D008528,Dysmenorrhea,MESH:D004412,C0013390,T046,266599000.0,False
frovatriptan,1,DB00998,MESH:C108128,Migraine,MESH:D008881,C0149931,T047,37796009.0,False
desipramine,1,DB01151,MESH:D003891,Depressive disorder,MESH:D003866,C0011581,T048,35489007.0,False
bezafibrate,2,DB01393,MESH:D001629,Hypercholesterolemia,MESH:D006937,C0020443,T047,13644009.0,False
bezafibrate,2,DB01393,MESH:D001629,Hyperlipidemia,MESH:D006949,C0020473,T047,55822004.0,False
fluspirilene,1,DB04842,MESH:D005484,Schizophrenia,MESH:D012559,C0036341,T048,58214004.0,False
azidocillin,1,DB08795,MESH:C100243,Respiratory tract infection,MESH:D012141,C0035243,T047,275498002.0,False
potassium citrate,2,DB09125,MESH:D019357,Hypokalemia,MESH:D007008,C0020621,T033,43339004.0,False
potassium citrate,2,DB09125,MESH:D019357,Renal tubular acidosis,MESH:D000141,C0001126,T047,1776003.0,False
etizolam,1,DB09166,MESH:C044610,Anxiety,MESH:D001007,C0003467,T041,48694002.0,False
naftopidil,1,DB12092,MESH:C064357,Benign prostatic hyperplasia,MESH:D011470,C1739363,T047,266569009.0,False
