drug_name,num_ind_dc,drugbank,drug_mesh,disease_name,disease_mesh,disease_umls,cui_semantic_type,snomed_conceptid,in_dmdb
calcitonin (salmon synthetic),2,DB00017,MESH:C028815,Osteitis deformans,MESH:D010001,C0029401,T047,2089002.0,False
calcitonin (salmon synthetic),2,DB00017,MESH:C028815,Postmenopausal osteoporosis,MESH:D015663,C0029458,T047,102447009.0,False
sorafenib,2,DB00398,MESH:C471405,Renal cell carcinoma,MESH:D002292,C0007134,T191,702391001.0,False
sorafenib,2,DB00398,MESH:C471405,Liver cell carcinoma,MESH:D006528,C2239176,T191,109841003.0,False
pentosan polysulfate,1,DB00686,MESH:D010426,Ulcerative cystitis,MESH:D018856,C0282488,T047,111409009.0,False
potassium chloride,2,DB00761,MESH:D011189,Constipation,MESH:D003248,C0009806,T184,14760008.0,False
potassium chloride,2,DB00761,MESH:D011189,Hypokalemia,MESH:D007008,C0020621,T033,43339004.0,False
levomenthol,5,DB00825,MESH:D008610,Pityriasis versicolor,MESH:D014010,C0040262,T047,56454009.0,False
levomenthol,5,DB00825,MESH:D008610,Itching of skin,MESH:D011537,C0033774,T184,418363000.0,False
levomenthol,5,DB00825,MESH:D008610,Diaper rash,MESH:D003963,C0011974,T047,91487003.0,False
levomenthol,5,DB00825,MESH:D008610,Backache,MESH:D001416,C0004604,T184,161891005.0,False
levomenthol,5,DB00825,MESH:D008610,Seborrheic dermatitis,MESH:D012628,C0036508,T047,50563003.0,False
vardenafil,1,DB00862,MESH:D000069058,Impotence,MESH:D007172,C0242350,T047,397803000.0,False
asfotase alfa,1,DB05768,"MESH:C570710,MESH:D000469",Hypophosphatasia,MESH:D007014,C0020630,T047,190859005.0,False
certolizumab pegol,4,DB08904,MESH:D000068582,Crohn's disease,MESH:D003424,C0010346,T047,34000006.0,False
certolizumab pegol,4,DB08904,MESH:D000068582,Rheumatoid arthritis,MESH:D001172,C0003873,T047,69896004.0,False
certolizumab pegol,4,DB08904,MESH:D000068582,Psoriasis with arthropathy,MESH:D015535,C0003872,T047,33339001.0,False
certolizumab pegol,4,DB08904,MESH:D000068582,Ankylosing spondylitis,MESH:D013167,C0038013,T047,9631008.0,False
dasabuvir,1,DB09183,MESH:C588260,Chronic hepatitis C,MESH:D019698,C0524910,T047,128302006.0,False
landiolol,1,DB12212,MESH:C077049,Tachyarrhythmia,MESH:D013610,C0080203,T033,6285003.0,False
