drug_name,num_ind_dc,drugbank,drug_mesh,disease_name,disease_mesh,disease_umls,cui_semantic_type,snomed_conceptid,in_dmdb
nicotine,2,DB00184,"MESH:D009538,MESH:D061485",Niacin deficiency,MESH:D010383,C0030783,T047,418279001.0,False
nicotine,2,DB00184,"MESH:D009538,MESH:D061485",Nicotine dependence,MESH:D014029,C0028043,T048,56294008.0,False
nabumetone,2,DB00461,MESH:C035605,Osteoarthritis,MESH:D010003,C0029408,T047,396275006.0,False
nabumetone,2,DB00461,MESH:C035605,Rheumatoid arthritis,MESH:D001172,C0003873,T047,69896004.0,False
glyceryl trinitrate,1,DB00727,MESH:D005996,Angina pectoris,MESH:D000787,C0002962,T033,194828000.0,False
phenoxybenzamine,1,DB00925,MESH:D010643,Pheochromocytoma,MESH:D010673,C0031511,T191,302835009.0,False
levofloxacin,10,DB01137,MESH:D064704,Bacterial pneumonia,MESH:D018410,C0004626,T047,53084003.0,False
levofloxacin,10,DB01137,MESH:D064704,Pyelonephritis,MESH:D011704,C0034186,T047,45816000.0,False
levofloxacin,10,DB01137,MESH:D064704,Anthrax,MESH:D000881,C0003175,T047,409498004.0,False
levofloxacin,10,DB01137,MESH:D064704,Staphylococcal pneumonia,MESH:D011023,C0032308,T047,22754005.0,False
levofloxacin,10,DB01137,MESH:D064704,Chlamydial pneumonia,MESH:D061387,C0339959,T047,233609002.0,False
levofloxacin,10,DB01137,MESH:D064704,Pneumonia due to Streptococcus,MESH:D011018,C0155862,T047,34020007.0,False
levofloxacin,10,DB01137,MESH:D064704,Streptococcus pyogenes infection,MESH:D013290,C0554628,T047,302809008.0,False
levofloxacin,10,DB01137,MESH:D064704,Infection due to Staphylococcus aureus,MESH:D013203,C1318973,T047,406602003.0,False
levofloxacin,10,DB01137,MESH:D064704,Bacterial conjunctivitis,MESH:D003234,C0009768,T047,128350005.0,False
levofloxacin,10,DB01137,MESH:D064704,Pneumonia due to Mycoplasma pneumoniae,MESH:D011019,C0032302,T047,46970008.0,False
nelarabine,1,DB01280,MESH:C104457,T-cell acute lymphoblastic leukemia,MESH:D054218,C1961099,T191,277575008.0,False
quinupristin,1,DB01369,MESH:C113825,Streptococcus pyogenes infection,MESH:D013290,C0554628,T047,302809008.0,False
stanozolol,1,DB06718,MESH:D013197,Hereditary angioneurotic edema,MESH:D054179,C0019243,T047,82966003.0,False
menadiol sodium diphosphate,2,DB09332,,Obstructive hyperbilirubinemia,MESH:D041781,C0022354,T047,59848001.0,False
menadiol sodium diphosphate,2,DB09332,,Hemorrhage,MESH:D006470,C0019080,T046,50960005.0,False
