drug_name,num_ind_dc,drugbank,drug_mesh,disease_name,disease_mesh,disease_umls,cui_semantic_type,snomed_conceptid,in_dmdb
fluvoxamine,2,DB00176,MESH:D016666,Social phobia,MESH:D000072861,C0031572,T048,25501002.0,False
fluvoxamine,2,DB00176,MESH:D016666,Obsessive-compulsive disorder,MESH:D009771,C0028768,T048,191736004.0,False
terconazole,1,DB00251,MESH:C037815,Candidal vulvovaginitis,MESH:D002181,C0700345,T047,72605008.0,False
paracetamol,10,DB00316,MESH:D000082,Pain,MESH:D010146,C0030193,T184,22253000.0,False
paracetamol,10,DB00316,MESH:D000082,Tension-type headache,MESH:D018781,C0033893,T047,398057008.0,False
paracetamol,10,DB00316,MESH:D000082,Common cold,MESH:D003139,C0009443,T047,82272006.0,False
paracetamol,10,DB00316,MESH:D000082,Backache,MESH:D001416,C0004604,T184,161891005.0,False
paracetamol,10,DB00316,MESH:D000082,Migraine,MESH:D008881,C0149931,T047,37796009.0,False
paracetamol,10,DB00316,MESH:D000082,Toothache,MESH:D014098,C0040460,T184,27355003.0,False
paracetamol,10,DB00316,MESH:D000082,Allergic rhinitis,MESH:D065631,C2607914,T047,61582004.0,False
paracetamol,10,DB00316,MESH:D000082,Headache disorder,MESH:D020773,C0393735,T047,230461009.0,False
paracetamol,10,DB00316,MESH:D000082,Fever,MESH:D005334,C0015967,T033,386661006.0,False
paracetamol,10,DB00316,MESH:D000082,Joint pain,MESH:D018771,C0003862,T184,57676002.0,False
dyclonine,1,DB00645,MESH:C100063,Itching of skin,MESH:D011537,C0033774,T184,418363000.0,False
metirosine,1,DB00765,MESH:D019805,Pheochromocytoma,MESH:D010673,C0031511,T191,302835009.0,False
cytarabine,2,DB00987,MESH:D003561,"Acute promyelocytic leukemia, FAB M3",MESH:D015473,C0023487,T191,110004001.0,False
cytarabine,2,DB00987,MESH:D003561,"Acute myeloid leukemia, disease",MESH:D015470,C0023467,T191,91861009.0,False
isosorbide mononitrate,1,DB01020,MESH:C030397,Angina pectoris,MESH:D000787,C0002962,T033,194828000.0,False
captodiame,1,DB09014,MESH:C495502,Anxiety disorder,MESH:D001008,C0003469,T048,197480006.0,False
magnesium carbonate,5,DB09481,MESH:C005479,Constipation,MESH:D003248,C0009806,T184,14760008.0,False
magnesium carbonate,5,DB09481,MESH:C005479,Heartburn,MESH:D006356,C0018834,T184,16331000.0,False
magnesium carbonate,5,DB09481,MESH:C005479,Indigestion,MESH:D004415,C0013395,T184,162031009.0,False
magnesium carbonate,5,DB09481,MESH:C005479,Gastroesophageal reflux disease,MESH:D005764,C0017168,T047,235595009.0,False
magnesium carbonate,5,DB09481,MESH:C005479,Peptic ulcer,MESH:D010437,C0030920,T047,13200003.0,False
