drug_name,num_ind_dc,drugbank,drug_mesh,disease_name,disease_mesh,disease_umls,cui_semantic_type,snomed_conceptid,in_dmdb
butalbital,1,DB00241,MESH:C004470,Tension-type headache,MESH:D018781,C0033893,T047,398057008.0,False
riluzole,1,DB00740,MESH:D019782,Amyotrophic lateral sclerosis,MESH:D000690,C0002736,T047,86044005.0,False
hydrochlorothiazide,2,DB00999,MESH:D006852,Edema,MESH:D004487,C0013604,T046,267038008.0,False
hydrochlorothiazide,2,DB00999,MESH:D006852,Hypertensive disorder,MESH:D006973,C0020538,T047,38341003.0,False
irbesartan,2,DB01029,MESH:C081309,Diabetic renal disease,MESH:D003928,C0011881,T047,127013003.0,False
irbesartan,2,DB01029,MESH:C081309,Hypertensive disorder,MESH:D006973,C0020538,T047,38341003.0,False
estrone sulphate,1,"DB04574,DB00655",MESH:C009927,Atrophic vaginitis,MESH:D059268,C0221392,T047,52441000.0,False
bosutinib,1,DB06616,MESH:C471992,Blastic phase chronic myeloid leukemia,MESH:D001752,C0005699,T191,413656006.0,False
azapropazone,4,DB07402,MESH:D001032,Ankylosing spondylitis,MESH:D013167,C0038013,T047,9631008.0,False
azapropazone,4,DB07402,MESH:D001032,Rheumatoid arthritis,MESH:D001172,C0003873,T047,69896004.0,False
azapropazone,4,DB07402,MESH:D001032,Gout,MESH:D006073,C0018099,T047,90560007.0,False
azapropazone,4,DB07402,MESH:D001032,Osteoarthritis,MESH:D010003,C0029408,T047,396275006.0,False
zinc oxide,9,DB09321,MESH:D015034,Eruption of skin,MESH:D005076,C0015230,T047,271807003.0,False
zinc oxide,9,DB09321,MESH:D015034,Tinea pedis,MESH:D014008,C0040259,T047,6020002.0,False
zinc oxide,9,DB09321,MESH:D015034,Candidiasis of skin,MESH:D002179,C0006846,T047,49883006.0,False
zinc oxide,9,DB09321,MESH:D015034,Itching of skin,MESH:D011537,C0033774,T184,418363000.0,False
zinc oxide,9,DB09321,MESH:D015034,Pruritus ani,MESH:D011538,C0033775,T184,90446007.0,False
zinc oxide,9,DB09321,MESH:D015034,Hemorrhoids,MESH:D006484,C0019112,T020,70153002.0,False
zinc oxide,9,DB09321,MESH:D015034,Diaper rash,MESH:D003963,C0011974,T047,91487003.0,False
zinc oxide,9,DB09321,MESH:D015034,Proctitis,MESH:D011349,C0033246,T047,3951002.0,False
zinc oxide,9,DB09321,MESH:D015034,Pityriasis versicolor,MESH:D014010,C0040262,T047,56454009.0,False
