drug_name,num_ind_dc,drugbank,drug_mesh,disease_name,disease_mesh,disease_umls,cui_semantic_type,snomed_conceptid,in_dmdb
gramicidin,1,DB00027,MESH:D006096,Bacterial conjunctivitis,MESH:D003234,C0009768,T047,128350005.0,False
valproic acid,2,DB00313,MESH:D014635,Absence seizure,MESH:D004832,C0014553,T047,79631006.0,False
valproic acid,2,DB00313,MESH:D014635,Epilepsy,MESH:D004827,C0014544,T047,84757009.0,False
zidovudine,1,DB00495,MESH:D015215,Human immunodeficiency virus infection,MESH:D015658,C0019693,T047,86406008.0,False
cefixime,7,DB00671,MESH:D020682,Gonorrhea,MESH:D006069,C0018081,T047,15628003.0,False
cefixime,7,DB00671,MESH:D020682,Tonsillitis,MESH:D014069,C0040425,T047,90176007.0,False
cefixime,7,DB00671,MESH:D020682,Streptococcus pyogenes infection,MESH:D013290,C0554628,T047,302809008.0,False
cefixime,7,DB00671,MESH:D020682,Bronchitis,MESH:D001991,C0006277,T047,32398004.0,False
cefixime,7,DB00671,MESH:D020682,Urinary tract infectious disease,MESH:D014552,C0042029,T047,68566005.0,False
cefixime,7,DB00671,MESH:D020682,Pharyngitis,MESH:D010612,C0031350,T047,405737000.0,False
cefixime,7,DB00671,MESH:D020682,Upper respiratory infection,MESH:D012141,C0041912,T047,54150009.0,False
clopidogrel,2,DB00758,MESH:C055162,Acute coronary syndrome,MESH:D054058,C0948089,T047,394659003.0,False
clopidogrel,2,DB00758,MESH:C055162,Cerebral embolism,MESH:D020766,C0007780,T047,75543006.0,False
brompheniramine,6,DB00835,MESH:D001977,Seasonal allergic rhinitis,MESH:D006255,C0018621,T047,367498001.0,False
brompheniramine,6,DB00835,MESH:D001977,Urticaria,MESH:D014581,C0042109,T047,126485001.0,False
brompheniramine,6,DB00835,MESH:D001977,Itching of skin,MESH:D011537,C0033774,T184,418363000.0,False
brompheniramine,6,DB00835,MESH:D001977,Allergic conjunctivitis,MESH:D003233,C0009766,T047,473460002.0,False
brompheniramine,6,DB00835,MESH:D001977,Vasomotor rhinitis,MESH:D012223,C0035460,T047,8229003.0,False
brompheniramine,6,DB00835,MESH:D001977,Allergic rhinitis,MESH:D065631,C2607914,T047,61582004.0,False
levobunolol,2,DB01210,MESH:D002040,Open-angle glaucoma,MESH:D005902,C0017612,T047,84494001.0,False
levobunolol,2,DB01210,MESH:D002040,Ocular hypertension,MESH:D009798,C0028840,T047,4210003.0,False
levomethadyl acetate,1,DB01227,,Opioid dependence,MESH:D009293,C0524662,T048,75544000.0,False
carbetocin,1,DB01282,MESH:C020731,Prader-Willi syndrome,MESH:D011218,C0032897,T019,89392001.0,False
phendimetrazine,1,DB01579,MESH:C100294,Obesity,MESH:D009765,C0028754,T047,414916001.0,False
boceprevir,1,DB08873,MESH:C512204,Chronic hepatitis C,MESH:D019698,C0524910,T047,128302006.0,False
