drug_name,num_ind_dc,drugbank,drug_mesh,disease_name,disease_mesh,disease_umls,cui_semantic_type,snomed_conceptid,in_dmdb
atenolol,3,DB00335,MESH:D001262,Myocardial infarction,MESH:D009203,C0027051,T047,22298006.0,False
atenolol,3,DB00335,MESH:D001262,Angina pectoris,MESH:D000787,C0002962,T033,194828000.0,False
atenolol,3,DB00335,MESH:D001262,Hypertensive disorder,MESH:D006973,C0020538,T047,38341003.0,False
olopatadine,3,DB00768,MESH:D000069605,Allergic rhinitis,MESH:D065631,C2607914,T047,61582004.0,False
olopatadine,3,DB00768,MESH:D000069605,Seasonal allergic rhinitis,MESH:D006255,C0018621,T047,367498001.0,False
olopatadine,3,DB00768,MESH:D000069605,Allergic conjunctivitis,MESH:D003233,C0009766,T047,473460002.0,False
isotretinoin,1,DB00982,MESH:D015474,Hypertensive disorder,MESH:D006973,C0020538,T047,38341003.0,False
lomustine,2,DB01206,MESH:D008130,Neoplasm of brain,MESH:D001932,C0006118,T191,126952004.0,False
lomustine,2,DB01206,MESH:D008130,Hodgkin's disease,MESH:D006689,C0019829,T191,118599009.0,False
metipranolol,2,DB01214,MESH:D014290,Ocular hypertension,MESH:D009798,C0028840,T047,4210003.0,False
metipranolol,2,DB01214,MESH:D014290,Open-angle glaucoma,MESH:D005902,C0017612,T047,84494001.0,False
pirbuterol,5,DB01291,MESH:C009118,Bronchitis,MESH:D001991,C0006277,T047,32398004.0,False
pirbuterol,5,DB01291,MESH:C009118,Asthma,MESH:D001249,C0004096,T047,195967001.0,False
pirbuterol,5,DB01291,MESH:C009118,Disorder of lung,MESH:D008171,C0024115,T047,19829001.0,False
pirbuterol,5,DB01291,MESH:C009118,Bronchiectasis,MESH:D001987,C0006267,T047,12295008.0,False
pirbuterol,5,DB01291,MESH:C009118,Pulmonary emphysema,MESH:D011656,C0034067,T047,87433001.0,False
oxprenolol,3,DB01580,MESH:D010096,Anxiety,MESH:D001007,C0003467,T041,48694002.0,False
oxprenolol,3,DB01580,MESH:D010096,Angina pectoris,MESH:D000787,C0002962,T033,194828000.0,False
oxprenolol,3,DB01580,MESH:D010096,Hypertensive disorder,MESH:D006973,C0020538,T047,38341003.0,False
terpin,1,DB13163,MESH:C005804,Cough,MESH:D003371,C0010200,T184,49727002.0,False
