drug_name,num_ind_dc,drugbank,drug_mesh,disease_name,disease_mesh,disease_umls,cui_semantic_type,snomed_conceptid,in_dmdb
eptifibatide,1,DB00063,MESH:C086648,Acute coronary syndrome,MESH:D054058,C0948089,T047,394659003.0,False
pantoprazole,4,DB00213,MESH:C064276,Multiple endocrine adenomas,MESH:D009377,C0027662,T191,60549007.0,False
pantoprazole,4,DB00213,MESH:C064276,Gastroesophageal reflux disease,MESH:D005764,C0017168,T047,235595009.0,False
pantoprazole,4,DB00213,MESH:C064276,Zollinger-Ellison syndrome,MESH:D015043,C0043515,T047,53132006.0,False
pantoprazole,4,DB00213,MESH:C064276,Peptic ulcer,MESH:D010437,C0030920,T047,13200003.0,False
gefitinib,1,DB00317,MESH:C419708,Non-small cell lung cancer,MESH:D002289,C0007131,T191,254637007.0,False
lisuride,3,DB00589,MESH:D008090,Migraine,MESH:D008881,C0149931,T047,37796009.0,False
lisuride,3,DB00589,MESH:D008090,Amenorrhea,MESH:D000568,C0002453,T047,14302001.0,False
lisuride,3,DB00589,MESH:D008090,Acromegaly,MESH:D000172,C0001206,T047,74107003.0,False
pemetrexed,1,DB00642,MESH:D000068437,Non-small cell lung cancer,MESH:D002289,C0007131,T191,254637007.0,False
eprosartan,1,DB00876,MESH:C068373,Hypertensive disorder,MESH:D006973,C0020538,T047,38341003.0,False
levosimendan,1,DB00922,MESH:C076731,Congestive heart failure,MESH:D006333,C0018802,T047,42343007.0,False
tocilizumab,4,DB06273,MESH:C502936,Angiofollicular lymph node hyperplasia,MESH:D005871,C0017531,T047,207036003.0,False
tocilizumab,4,DB06273,MESH:C502936,Giant cell arteritis,MESH:D013700,C0039483,T047,414341000.0,False
tocilizumab,4,DB06273,MESH:C502936,Rheumatoid arthritis,MESH:D001172,C0003873,T047,69896004.0,False
tocilizumab,4,DB06273,MESH:C502936,Juvenile rheumatoid arthritis,MESH:D001171,C3495559,T047,410795001.0,False
safinamide,1,DB06654,MESH:C092797,Parkinson's disease,MESH:D010300,C0030567,T047,49049000.0,False
deutetrabenazine,2,DB12161,MESH:C000609690,Tardive dyskinesia,MESH:D000071057,C0686347,T047,102449007.0,False
deutetrabenazine,2,DB12161,MESH:C000609690,Huntington's chorea,MESH:D006816,C0020179,T047,58756001.0,False
opipramol,1,DB12930,MESH:D009888,Depressive disorder,MESH:D003866,C0011581,T048,35489007.0,False
