drug_name,num_ind_dc,drugbank,drug_mesh,disease_name,disease_mesh,disease_umls,cui_semantic_type,snomed_conceptid,in_dmdb
anakinra,2,DB00026,MESH:D053590,Rheumatoid arthritis,MESH:D001172,C0003873,T047,69896004.0,False
anakinra,2,DB00026,MESH:D053590,Cryopyrin associated periodic syndrome,MESH:D056587,C2316212,T047,430079001.0,False
infliximab,5,DB00065,MESH:D000069285,Rheumatoid arthritis,MESH:D001172,C0003873,T047,69896004.0,False
infliximab,5,DB00065,MESH:D000069285,Ulcerative colitis,MESH:D003093,C0009324,T047,64766004.0,False
infliximab,5,DB00065,MESH:D000069285,Crohn's disease,MESH:D003424,C0010346,T047,34000006.0,False
infliximab,5,DB00065,MESH:D000069285,Ankylosing spondylitis,MESH:D013167,C0038013,T047,9631008.0,False
infliximab,5,DB00065,MESH:D000069285,Psoriasis with arthropathy,MESH:D015535,C0003872,T047,33339001.0,False
methocarbamol,1,DB00423,MESH:D008721,Spasticity,MESH:D009128,C0026838,T184,221360009.0,False
darifenacin,1,DB00496,MESH:C101207,Urge incontinence of urine,MESH:D053202,C0150045,T184,87557004.0,False
desoximetasone,9,DB00547,MESH:D003899,Primary cutaneous T-cell lymphoma,MESH:D016410,C0079773,T191,400122007.0,False
desoximetasone,9,DB00547,MESH:D003899,Granuloma annulare,MESH:D016460,C0085074,T047,65508009.0,False
desoximetasone,9,DB00547,MESH:D003899,Pruritus ani,MESH:D011538,C0033775,T184,90446007.0,False
desoximetasone,9,DB00547,MESH:D003899,Discoid lupus erythematosus,MESH:D008179,C0024138,T047,200938002.0,False
desoximetasone,9,DB00547,MESH:D003899,Atopic dermatitis,MESH:D003876,C0011615,T047,24079001.0,False
desoximetasone,9,DB00547,MESH:D003899,Lichen simplex chronicus,MESH:D009450,C0149922,T047,53891004.0,False
desoximetasone,9,DB00547,MESH:D003899,Contact dermatitis,MESH:D003877,C0011616,T047,40275004.0,False
desoximetasone,9,DB00547,MESH:D003899,Eruption of skin,MESH:D005076,C0015230,T047,271807003.0,False
desoximetasone,9,DB00547,MESH:D003899,Seborrheic dermatitis,MESH:D012628,C0036508,T047,50563003.0,False
almotriptan,1,DB00918,MESH:C409045,Migraine,MESH:D008881,C0149931,T047,37796009.0,False
tavaborole,1,DB09041,MESH:C512998,Onychomycosis due to dermatophyte,MESH:D014009,C0040261,T047,402134005.0,False
