drug_name,num_ind_dc,drugbank,drug_mesh,disease_name,disease_mesh,disease_umls,cui_semantic_type,snomed_conceptid,in_dmdb
progesterone,6,DB00396,"MESH:C003549,MESH:D011374",Atrophic vaginitis,MESH:D059268,C0221392,T047,52441000.0,False
progesterone,6,DB00396,"MESH:C003549,MESH:D011374",Dysfunctional uterine bleeding,MESH:D008796,C0025874,T046,19155002.0,False
progesterone,6,DB00396,"MESH:C003549,MESH:D011374",Menopausal flushing,MESH:D019584,C0600142,T184,198436008.0,False
progesterone,6,DB00396,"MESH:C003549,MESH:D011374",Endometriosis,MESH:D004715,C0014175,T047,129103003.0,False
progesterone,6,DB00396,"MESH:C003549,MESH:D011374",Postmenopausal osteoporosis,MESH:D015663,C0029458,T047,102447009.0,False
progesterone,6,DB00396,"MESH:C003549,MESH:D011374",Endometrial carcinoma,MESH:D016889,C0476089,T191,254878006.0,False
zafirlukast,1,DB00549,MESH:C062735,Asthma,MESH:D001249,C0004096,T047,195967001.0,False
methanthelinium,3,DB00940,MESH:C084588,Urinary incontinence,MESH:D014549,C0042024,T046,165232002.0,False
methanthelinium,3,DB00940,MESH:C084588,Peptic ulcer,MESH:D010437,C0030920,T047,13200003.0,False
methanthelinium,3,DB00940,MESH:C084588,Gastric ulcer,MESH:D013276,C0038358,T047,397825006.0,False
eculizumab,1,DB01257,MESH:C481642,Paroxysmal nocturnal hemoglobinuria,MESH:D006457,C0024790,T047,1963002.0,False
citric acid,3,DB04272,MESH:D019343,Pain,MESH:D010146,C0030193,T184,22253000.0,False
citric acid,3,DB04272,MESH:D019343,Headache disorder,MESH:D020773,C0393735,T047,230461009.0,False
citric acid,3,DB04272,MESH:D019343,Indigestion,MESH:D004415,C0013395,T184,162031009.0,False
canakinumab,5,DB06168,MESH:C541220,Deficiency of mevalonate kinase,MESH:D054078,C0342731,T047,124327008.0,False
canakinumab,5,DB06168,MESH:C541220,Articular gout,MESH:D015210,C0003868,T047,48440001.0,False
canakinumab,5,DB06168,MESH:C541220,Cryopyrin associated periodic syndrome,MESH:D056587,C2316212,T047,430079001.0,False
canakinumab,5,DB06168,MESH:C541220,TNF receptor-associated periodic fever syndrome (TRAPS),MESH:C536657,C1275126,T019,403833009.0,False
canakinumab,5,DB06168,MESH:C541220,Familial Mediterranean fever,MESH:D010505,C0031069,T047,12579009.0,False
tapentadol,1,DB06204,MESH:C523979,Pain,MESH:D010146,C0030193,T184,22253000.0,False
udenafil,1,DB06267,MESH:C419664,Impotence,MESH:D007172,C0242350,T047,397803000.0,False
tafluprost,2,DB08819,MESH:C485333,Open-angle glaucoma,MESH:D005902,C0017612,T047,84494001.0,False
tafluprost,2,DB08819,MESH:C485333,Ocular hypertension,MESH:D009798,C0028840,T047,4210003.0,False
pembrolizumab,1,DB09037,MESH:C582435,Non-small cell lung cancer,MESH:D002289,C0007131,T191,254637007.0,False
sennosides,1,DB11365,MESH:D012676,Constipation,MESH:D003248,C0009806,T184,14760008.0,False
