drug_name,num_ind_dc,drugbank,drug_mesh,disease_name,disease_mesh,disease_umls,cui_semantic_type,snomed_conceptid,in_dmdb
terfenadine,7,DB00342,MESH:D016593,Chronic idiopathic urticaria,MESH:D000080223,C0578870,T047,302162004.0,False
terfenadine,7,DB00342,MESH:D016593,Vasomotor rhinitis,MESH:D012223,C0035460,T047,8229003.0,False
terfenadine,7,DB00342,MESH:D016593,Allergic rhinitis,MESH:D065631,C2607914,T047,61582004.0,False
terfenadine,7,DB00342,MESH:D016593,Sneezing,MESH:D012912,C0037383,T033,76067001.0,False
terfenadine,7,DB00342,MESH:D016593,Seasonal allergic rhinitis,MESH:D006255,C0018621,T047,367498001.0,False
terfenadine,7,DB00342,MESH:D016593,Common cold,MESH:D003139,C0009443,T047,82272006.0,False
terfenadine,7,DB00342,MESH:D016593,Allergic conjunctivitis,MESH:D003233,C0009766,T047,473460002.0,False
benzquinamide,1,DB00767,MESH:C100234,Postoperative nausea and vomiting,MESH:D020250,C0520909,T184,1488000.0,False
cefadroxil,4,DB01140,MESH:D002434,Tonsillitis,MESH:D014069,C0040425,T047,90176007.0,False
cefadroxil,4,DB01140,MESH:D002434,Urinary tract infectious disease,MESH:D014552,C0042029,T047,68566005.0,False
cefadroxil,4,DB01140,MESH:D002434,Streptococcus pyogenes infection,MESH:D013290,C0554628,T047,302809008.0,False
cefadroxil,4,DB01140,MESH:D002434,Infection due to Staphylococcus aureus,MESH:D013203,C1318973,T047,406602003.0,False
insulin glulisine,1,DB01309,MESH:C479079,Diabetes mellitus,MESH:D003920,C0011849,T047,73211009.0,False
benzoic acid,5,DB03793,MESH:D019817,Induratio penis plastica,MESH:D010411,C0030848,T047,1335005.0,False
benzoic acid,5,DB03793,MESH:D019817,Systemic sclerosis,MESH:D012594,C0011644,T047,89155008.0,False
benzoic acid,5,DB03793,MESH:D019817,Hyperammonemia,MESH:D022124,C0220994,T046,9360008.0,False
benzoic acid,5,DB03793,MESH:D019817,Dermatomyositis,MESH:D003882,C0011633,T047,396230008.0,False
benzoic acid,5,DB03793,MESH:D019817,Pemphigus,MESH:D010392,C0030807,T047,65172003.0,False
sodium stibogluconate,1,DB05630,MESH:D000967,Leishmaniasis,MESH:D007896,C0023281,T047,80612004.0,False
olodaterol,1,DB09080,MESH:C549647,Chronic obstructive lung disease,MESH:D029424,C0024117,T047,13645005.0,False
ripasudil,2,DB13165,MESH:C584679,Ocular hypertension,MESH:D009798,C0028840,T047,4210003.0,False
ripasudil,2,DB13165,MESH:C584679,Glaucoma,MESH:D005901,C0017601,T047,23986001.0,False
