drug_name,num_ind_dc,drugbank,drug_mesh,disease_name,disease_mesh,disease_umls,cui_semantic_type,snomed_conceptid,in_dmdb
trazodone,1,DB00656,MESH:D014196,Major depressive disorder,MESH:D003865,C1269683,T048,370143000.0,False
carbinoxamine,7,DB00748,MESH:C004649,Seasonal allergic rhinitis,MESH:D006255,C0018621,T047,367498001.0,False
carbinoxamine,7,DB00748,MESH:C004649,Itching of skin,MESH:D011537,C0033774,T184,418363000.0,False
carbinoxamine,7,DB00748,MESH:C004649,Allergic conjunctivitis,MESH:D003233,C0009766,T047,473460002.0,False
carbinoxamine,7,DB00748,MESH:C004649,Urticaria,MESH:D014581,C0042109,T047,126485001.0,False
carbinoxamine,7,DB00748,MESH:C004649,Vasomotor rhinitis,MESH:D012223,C0035460,T047,8229003.0,False
carbinoxamine,7,DB00748,MESH:C004649,Allergic rhinitis,MESH:D065631,C2607914,T047,61582004.0,False
carbinoxamine,7,DB00748,MESH:C004649,Common cold,MESH:D003139,C0009443,T047,82272006.0,False
ranitidine,6,DB00863,MESH:D011899,Gastric ulcer,MESH:D013276,C0038358,T047,397825006.0,False
ranitidine,6,DB00863,MESH:D011899,Duodenal ulcer disease,MESH:D004381,C0013295,T047,51868009.0,False
ranitidine,6,DB00863,MESH:D011899,Zollinger-Ellison syndrome,MESH:D015043,C0043515,T047,53132006.0,False
ranitidine,6,DB00863,MESH:D011899,Indigestion,MESH:D004415,C0013395,T184,162031009.0,False
ranitidine,6,DB00863,MESH:D011899,Heartburn,MESH:D006356,C0018834,T184,16331000.0,False
ranitidine,6,DB00863,MESH:D011899,Gastroesophageal reflux disease,MESH:D005764,C0017168,T047,235595009.0,False
rivastigmine,1,DB00989,MESH:D000068836,Alzheimer's disease,"MESH:D000544,MESH:C566998",C0002395,T047,26929004.0,False
oxymorphone,3,DB01192,MESH:D010111,Labor pain,MESH:D048949,C0474368,T184,247412007.0,False
oxymorphone,3,DB01192,MESH:D010111,Pain,MESH:D010146,C0030193,T184,22253000.0,False
oxymorphone,3,DB01192,MESH:D010111,Chronic pain,MESH:D059350,C0150055,T047,82423001.0,False
ospemifene,1,DB04938,MESH:C119141,Dyspareunia,MESH:D004414,C1384606,T033,71315007.0,False
gemigliptin,1,DB12412,MESH:C534891,Diabetes mellitus type 2,MESH:D003924,C0011860,T047,44054006.0,False
