drug_name,num_ind_dc,drugbank,drug_mesh,disease_name,disease_mesh,disease_umls,cui_semantic_type,snomed_conceptid,in_dmdb
amfetamine,3,DB00182,"MESH:C090411,MESH:D000661",Obesity,MESH:D009765,C0028754,T047,414916001.0,False
amfetamine,3,DB00182,"MESH:C090411,MESH:D000661",Narcolepsy,MESH:D009290,C0027404,T047,60380001.0,False
amfetamine,3,DB00182,"MESH:C090411,MESH:D000661",Attention deficit hyperactivity disorder,MESH:D001289,C1263846,T048,406506008.0,False
ziprasidone,1,DB00246,MESH:C092292,Schizophrenia,MESH:D012559,C0036341,T048,58214004.0,False
nitric oxide,2,DB00435,MESH:D009569,Persistent pulmonary hypertension of the newborn,MESH:D010547,C0031190,T019,233815004.0,False
nitric oxide,2,DB00435,MESH:D009569,Pulmonary hypertension,MESH:D006976,C0020542,T047,70995007.0,False
cinnarizine,3,DB00568,MESH:D002936,Vertigo,MESH:D014717,C0042571,T184,399153001.0,False
cinnarizine,3,DB00568,MESH:D002936,Nausea,MESH:D009325,C0027497,T184,422587007.0,False
cinnarizine,3,DB00568,MESH:D002936,Motion sickness,MESH:D009041,C0026603,T047,37031009.0,False
estrone,1,DB00655,MESH:D004970,Acne vulgaris,MESH:D000152,C0001144,T047,88616000.0,False
sibutramine,1,DB01105,MESH:C058254,Obesity,MESH:D009765,C0028754,T047,414916001.0,False
bismuth subsalicylate,2,DB01294,MESH:C015715,Diarrhea,MESH:D003967,C0011991,T184,62315008.0,False
bismuth subsalicylate,2,DB01294,MESH:C015715,Indigestion,MESH:D004415,C0013395,T184,162031009.0,False
topiroxostat,2,DB01685,MESH:C504882,Hyperuricemia,MESH:D033461,C0740394,T047,35885006.0,False
topiroxostat,2,DB01685,MESH:C504882,Gout,MESH:D006073,C0018099,T047,90560007.0,False
carmofur,1,DB09010,MESH:C017367,Malignant tumor of colon,MESH:D003110,C0007102,T191,363406005.0,False
dexpanthenol,5,DB09357,MESH:C007288,Paralytic ileus,MESH:D007418,C0030446,T047,55525008.0,False
dexpanthenol,5,DB09357,MESH:C007288,Gastroparesis,MESH:D018589,C0152020,T047,235675006.0,False
dexpanthenol,5,DB09357,MESH:C007288,Diaper rash,MESH:D003963,C0011974,T047,91487003.0,False
dexpanthenol,5,DB09357,MESH:C007288,Eczema,MESH:D004485,C0013595,T047,43116000.0,False
dexpanthenol,5,DB09357,MESH:C007288,Disorder of skin,MESH:D012871,C0037274,T047,95320005.0,False
