drug_name,num_ind_dc,drugbank,drug_mesh,disease_name,disease_mesh,disease_umls,cui_semantic_type,snomed_conceptid,in_dmdb
insulin glargine,2,DB00047,MESH:D000069036,Diabetes mellitus type 1,MESH:D003922,C0011854,T047,46635009.0,False
insulin glargine,2,DB00047,MESH:D000069036,Diabetes mellitus type 2,MESH:D003924,C0011860,T047,44054006.0,False
olanzapine,3,DB00334,MESH:C076029,Schizophrenia,MESH:D012559,C0036341,T048,58214004.0,False
olanzapine,3,DB00334,MESH:C076029,Major depressive disorder,MESH:D003865,C1269683,T048,370143000.0,False
olanzapine,3,DB00334,MESH:C076029,"Bipolar affective disorder, current episode depression",MESH:D001714,C0005587,T048,191627008.0,False
amlodipine,4,DB00381,MESH:D017311,Prinzmetal angina,MESH:D000788,C0002963,T047,87343002.0,False
amlodipine,4,DB00381,MESH:D017311,Cerebrovascular accident,MESH:D020521,C0038454,T047,230690007.0,False
amlodipine,4,DB00381,MESH:D017311,Hypertensive disorder,MESH:D006973,C0020538,T047,38341003.0,False
amlodipine,4,DB00381,MESH:D017311,Angina pectoris,MESH:D000787,C0002962,T033,194828000.0,False
propranolol,6,DB00571,MESH:D011433,Hypertrophic cardiomyopathy,MESH:D002312,C0007194,T047,233873004.0,False
propranolol,6,DB00571,MESH:D011433,Angina pectoris,MESH:D000787,C0002962,T033,194828000.0,False
propranolol,6,DB00571,MESH:D011433,Supraventricular tachycardia,MESH:D013617,C0039240,T047,6456007.0,False
propranolol,6,DB00571,MESH:D011433,Atrial fibrillation,MESH:D001281,C0004238,T047,49436004.0,False
propranolol,6,DB00571,MESH:D011433,Hypertensive disorder,MESH:D006973,C0020538,T047,38341003.0,False
propranolol,6,DB00571,MESH:D011433,Hemangioma,"MESH:D006391,MESH:D005918",C0018916,T191,400210000.0,False
carbenicillin,2,DB00578,MESH:D002228,Prostatitis,MESH:D011472,C0033581,T047,9713002.0,False
carbenicillin,2,DB00578,MESH:D002228,Urinary tract infectious disease,MESH:D014552,C0042029,T047,68566005.0,False
adefovir dipivoxil,1,DB00718,"MESH:C053001,MESH:C106812",Chronic type B viral hepatitis,MESH:D019694,C0524909,T047,61977001.0,False
cyclopentolate,1,DB00979,MESH:D003519,Dilated pupil,MESH:D015878,C0026961,T184,37125009.0,False
flecainide,1,DB01195,MESH:D005424,Atrial fibrillation,MESH:D001281,C0004238,T047,49436004.0,False
quinfamide,1,DB12780,MESH:C026546,Amebic infection,MESH:D000562,C0002438,T047,111910009.0,False
