drug_name,num_ind_dc,drugbank,drug_mesh,disease_name,disease_mesh,disease_umls,cui_semantic_type,snomed_conceptid,in_dmdb
meprobamate,1,DB00371,MESH:D008620,Anxiety,MESH:D001007,C0003467,T041,48694002.0,False
nimodipine,1,DB00393,MESH:D009553,Subarachnoid intracranial hemorrhage,MESH:D013345,C0038525,T047,21454007.0,False
fluorouracil,3,DB00544,MESH:D005472,Actinic keratosis,MESH:D055623,C0022602,T191,201101007.0,False
fluorouracil,3,DB00544,MESH:D005472,Malignant tumor of stomach,MESH:D013274,C0024623,T191,363349007.0,False
fluorouracil,3,DB00544,MESH:D005472,Malignant tumor of colon,MESH:D003110,C0007102,T191,363406005.0,False
medroxyprogesterone,6,DB00603,"MESH:D017258,MESH:D008525",Menopausal flushing,MESH:D019584,C0600142,T184,198436008.0,False
medroxyprogesterone,6,DB00603,"MESH:D017258,MESH:D008525",Endometrial carcinoma,MESH:D016889,C0476089,T191,254878006.0,False
medroxyprogesterone,6,DB00603,"MESH:D017258,MESH:D008525",Postmenopausal osteoporosis,MESH:D015663,C0029458,T047,102447009.0,False
medroxyprogesterone,6,DB00603,"MESH:D017258,MESH:D008525",Endometriosis,MESH:D004715,C0014175,T047,129103003.0,False
medroxyprogesterone,6,DB00603,"MESH:D017258,MESH:D008525",Dysfunctional uterine bleeding,MESH:D008796,C0025874,T046,19155002.0,False
medroxyprogesterone,6,DB00603,"MESH:D017258,MESH:D008525",Atrophic vaginitis,MESH:D059268,C0221392,T047,52441000.0,False
telmisartan,2,DB00966,MESH:C084178,Cerebrovascular accident,MESH:D020521,C0038454,T047,230690007.0,False
telmisartan,2,DB00966,MESH:C084178,Hypertensive disorder,MESH:D006973,C0020538,T047,38341003.0,False
leflunomide,2,"DB01097,DB08880",MESH:C045463,Rheumatoid arthritis,MESH:D001172,C0003873,T047,69896004.0,False
leflunomide,2,"DB01097,DB08880",MESH:C045463,Psoriasis with arthropathy,MESH:D015535,C0003872,T047,33339001.0,False
retapamulin,1,DB01256,"MESH:C508887,MESH:C475718",Impetigo,MESH:D007169,C0021099,T047,48277006.0,False
vernakalant,1,DB06217,MESH:C524581,Atrial fibrillation,MESH:D001281,C0004238,T047,49436004.0,False
ferric carboxymaltose,1,DB08917,MESH:C522335,Iron deficiency anemia,MESH:D018798,C0162316,T047,87522002.0,False
ocrelizumab,1,DB11988,MESH:C533411,Primary progressive multiple sclerosis,MESH:D020528,C0751964,T047,428700003.0,False
benznidazole,1,DB11989,MESH:C009999,Infection by Trypanosoma cruzi,MESH:D014355,C0041234,T047,77506005.0,False
