drug_name,num_ind_dc,drugbank,drug_mesh,disease_name,disease_mesh,disease_umls,cui_semantic_type,snomed_conceptid,in_dmdb
ibritumomab tiuxetan,1,DB00078,MESH:C422802,Follicular non-Hodgkin's lymphoma,MESH:D008224,C0024301,T191,308121000.0,False
alemtuzumab,1,DB00087,MESH:C096529,Relapsing remitting multiple sclerosis,MESH:D020529,C0751967,T047,426373005.0,False
duloxetine,2,DB00476,MESH:D000068736,Major depressive disorder,MESH:D003865,C1269683,T048,370143000.0,False
duloxetine,2,DB00476,MESH:D000068736,Fibromyalgia,MESH:D005356,C0016053,T047,203082005.0,False
cyclobenzaprine,1,DB00924,MESH:C004704,Spasticity,MESH:D009128,C0026838,T184,221360009.0,False
dipyridamole,1,DB00975,MESH:D004176,Atrial fibrillation,MESH:D001281,C0004238,T047,49436004.0,False
melatonin,1,DB01065,MESH:D008550,Disorders of initiating and maintaining sleep,MESH:D007319,C0021603,T047,194437008.0,False
bupropion,5,DB01156,MESH:D016642,Seasonal affective disorder,MESH:D016574,C0085159,T048,247803002.0,False
bupropion,5,DB01156,MESH:D016642,Major depressive disorder,MESH:D003865,C1269683,T048,370143000.0,False
bupropion,5,DB01156,MESH:D016642,Obesity,MESH:D009765,C0028754,T047,414916001.0,False
bupropion,5,DB01156,MESH:D016642,Nicotine dependence,MESH:D014029,C0028043,T048,56294008.0,False
bupropion,5,DB01156,MESH:D016642,Depressive disorder,MESH:D003866,C0011581,T048,35489007.0,False
propafenone,1,DB01182,MESH:D011405,Paroxysmal atrial fibrillation,MESH:D001281,C0235480,T047,282825002.0,False
calcium polystyrene sulfonate,1,DB01344,MESH:C003321,Hyperkalemia,MESH:D006947,C0020461,T033,14140009.0,False
colchicine,2,DB01394,MESH:D003078,Gout,MESH:D006073,C0018099,T047,90560007.0,False
colchicine,2,DB01394,MESH:D003078,Familial Mediterranean fever,MESH:D010505,C0031069,T047,12579009.0,False
tiaprofenic acid,3,DB01600,MESH:C021270,Osteoarthritis,MESH:D010003,C0029408,T047,396275006.0,False
tiaprofenic acid,3,DB01600,MESH:C021270,Pain,MESH:D010146,C0030193,T184,22253000.0,False
tiaprofenic acid,3,DB01600,MESH:C021270,Rheumatoid arthritis,MESH:D001172,C0003873,T047,69896004.0,False
brentuximab vedotin,1,DB08870,MESH:C547738,Hodgkin's disease,MESH:D006689,C0019829,T191,118599009.0,False
iguratimod,1,DB12233,MESH:C519076,Rheumatoid arthritis,MESH:D001172,C0003873,T047,69896004.0,False
