drug_name,num_ind_dc,drugbank,drug_mesh,disease_name,disease_mesh,disease_umls,cui_semantic_type,snomed_conceptid,in_dmdb
mometasone furoate,11,DB00764,MESH:D000068656,Primary cutaneous T-cell lymphoma,MESH:D016410,C0079773,T191,400122007.0,False
mometasone furoate,11,DB00764,MESH:D000068656,Lichen simplex chronicus,MESH:D009450,C0149922,T047,53891004.0,False
mometasone furoate,11,DB00764,MESH:D000068656,Seborrheic dermatitis,MESH:D012628,C0036508,T047,50563003.0,False
mometasone furoate,11,DB00764,MESH:D000068656,Atopic dermatitis,MESH:D003876,C0011615,T047,24079001.0,False
mometasone furoate,11,DB00764,MESH:D000068656,Asthma,MESH:D001249,C0004096,T047,195967001.0,False
mometasone furoate,11,DB00764,MESH:D000068656,Pruritus ani,MESH:D011538,C0033775,T184,90446007.0,False
mometasone furoate,11,DB00764,MESH:D000068656,Allergic rhinitis,MESH:D065631,C2607914,T047,61582004.0,False
mometasone furoate,11,DB00764,MESH:D000068656,Eruption of skin,MESH:D005076,C0015230,T047,271807003.0,False
mometasone furoate,11,DB00764,MESH:D000068656,Contact dermatitis,MESH:D003877,C0011616,T047,40275004.0,False
mometasone furoate,11,DB00764,MESH:D000068656,Discoid lupus erythematosus,MESH:D008179,C0024138,T047,200938002.0,False
mometasone furoate,11,DB00764,MESH:D000068656,Granuloma annulare,MESH:D016460,C0085074,T047,65508009.0,False
metronidazole,11,DB00916,MESH:D008795,Amebic liver abscess,MESH:D008101,C0023886,T047,75119003.0,False
metronidazole,11,DB00916,MESH:D008795,Abdominal abscess,MESH:D018784,C0243001,T047,75100008.0,False
metronidazole,11,DB00916,MESH:D008795,Abscess of brain,MESH:D001922,C0006105,T047,441806004.0,False
metronidazole,11,DB00916,MESH:D008795,Rosacea,MESH:D012393,C0035854,T047,398909004.0,False
metronidazole,11,DB00916,MESH:D008795,Infection by Trichomonas,MESH:D014245,C0040921,T047,56335008.0,False
metronidazole,11,DB00916,MESH:D008795,Bacterial vaginosis,MESH:D016585,C0085166,T047,419760006.0,False
metronidazole,11,DB00916,MESH:D008795,Infectious disease of abdomen,MESH:D059413,C1112209,T047,128070006.0,False
metronidazole,11,DB00916,MESH:D008795,Abscess of liver,MESH:D008100,C0023885,T047,27916005.0,False
metronidazole,11,DB00916,MESH:D008795,Bacterial endocarditis,MESH:D004697,C0014121,T047,301183007.0,False
metronidazole,11,DB00916,MESH:D008795,Giardiasis,MESH:D005873,C0017536,T047,58265007.0,False
metronidazole,11,DB00916,MESH:D008795,Endometritis,MESH:D004716,C0014179,T047,78623009.0,False
