drug_name,num_ind_dc,drugbank,drug_mesh,disease_name,disease_mesh,disease_umls,cui_semantic_type,snomed_conceptid,in_dmdb
cefalexin,4,DB00567,MESH:D002506,Pneumonia due to Streptococcus,MESH:D011018,C0155862,T047,34020007.0,False
cefalexin,4,DB00567,MESH:D002506,Infection due to Staphylococcus aureus,MESH:D013203,C1318973,T047,406602003.0,False
cefalexin,4,DB00567,MESH:D002506,Streptococcus pyogenes infection,MESH:D013290,C0554628,T047,302809008.0,False
cefalexin,4,DB00567,MESH:D002506,Prostatitis,MESH:D011472,C0033581,T047,9713002.0,False
amiloride,2,DB00594,MESH:D000584,Hypertensive disorder,MESH:D006973,C0020538,T047,38341003.0,False
amiloride,2,DB00594,MESH:D000584,Edema,MESH:D004487,C0013604,T046,267038008.0,False
chloroquine,5,DB00608,"MESH:C023676,MESH:D002738",Discoid lupus erythematosus,MESH:D008179,C0024138,T047,200938002.0,False
chloroquine,5,DB00608,"MESH:C023676,MESH:D002738",Vivax malaria,MESH:D016780,C0024537,T047,27052006.0,False
chloroquine,5,DB00608,"MESH:C023676,MESH:D002738",Systemic lupus erythematosus,MESH:D008180,C0024141,T047,55464009.0,False
chloroquine,5,DB00608,"MESH:C023676,MESH:D002738",Falciparum malaria,MESH:D016778,C0024535,T047,62676009.0,False
chloroquine,5,DB00608,"MESH:C023676,MESH:D002738",Rheumatoid arthritis,MESH:D001172,C0003873,T047,69896004.0,False
nefazodone,1,DB01149,MESH:C051752,Major depressive disorder,MESH:D003865,C1269683,T048,370143000.0,False
pergolide,1,DB01186,MESH:D010479,Parkinsonism,MESH:D020734,C0242422,T047,32798002.0,False
dronedarone,1,DB04855,MESH:C118667,Atrial fibrillation,MESH:D001281,C0004238,T047,49436004.0,False
ramucirumab,1,DB05578,MESH:C543333,Non-small cell lung cancer,MESH:D002289,C0007131,T191,254637007.0,False
alogliptin,1,DB06203,MESH:C520853,Diabetes mellitus type 2,MESH:D003924,C0011860,T047,44054006.0,False
butriptyline,1,DB09016,MESH:C100242,Depressive disorder,MESH:D003866,C0011581,T048,35489007.0,False
cobicistat,1,DB09065,MESH:D000069547,Human immunodeficiency virus infection,MESH:D015658,C0019693,T047,86406008.0,False
nicorandil,1,DB09220,MESH:D020108,Angina pectoris,MESH:D000787,C0002962,T033,194828000.0,False
mebanazine,1,DB09248,MESH:C004343,Depressive disorder,MESH:D003866,C0011581,T048,35489007.0,False
edaravone,1,DB12243,MESH:C005435,Amyotrophic lateral sclerosis,MESH:D000690,C0002736,T047,86044005.0,False
reproterol,1,DB12846,MESH:C014792,Asthma,MESH:D001249,C0004096,T047,195967001.0,False
