drug_name,num_ind_dc,drugbank,drug_mesh,disease_name,disease_mesh,disease_umls,cui_semantic_type,snomed_conceptid,in_dmdb
grepafloxacin,3,DB00365,MESH:C075375,Pneumonia due to Streptococcus,MESH:D011018,C0155862,T047,34020007.0,False
grepafloxacin,3,DB00365,MESH:C075375,Pneumonia due to Mycoplasma pneumoniae,MESH:D011019,C0032302,T047,46970008.0,False
grepafloxacin,3,DB00365,MESH:C075375,Gonorrhea,MESH:D006069,C0018081,T047,15628003.0,False
acetazolamide,5,DB00819,MESH:D000086,Absence seizure,MESH:D004832,C0014553,T047,79631006.0,False
acetazolamide,5,DB00819,MESH:D000086,Open-angle glaucoma,MESH:D005902,C0017612,T047,84494001.0,False
acetazolamide,5,DB00819,MESH:D000086,Edema,MESH:D004487,C0013604,T046,267038008.0,False
acetazolamide,5,DB00819,MESH:D000086,Angle-closure glaucoma,MESH:D015812,C0017605,T047,392291006.0,False
acetazolamide,5,DB00819,MESH:D000086,Anoxia due to high altitude,MESH:D000532,C0002351,T047,42883007.0,False
hydroxycarbamide,5,DB01005,MESH:D006918,Malignant tumor of ovary,MESH:D010051,C1140680,T191,363443007.0,False
hydroxycarbamide,5,DB01005,MESH:D006918,Malignant tumor of head and/or neck,MESH:D006258,C0278996,T191,255056009.0,False
hydroxycarbamide,5,DB01005,MESH:D006918,Chronic myeloid leukemia,MESH:D015464,C0023473,T191,92818009.0,False
hydroxycarbamide,5,DB01005,MESH:D006918,Malignant melanoma,MESH:D008545,C0025202,T191,372244006.0,False
hydroxycarbamide,5,DB01005,MESH:D006918,Hb SS disease,MESH:D000755,C0002895,T047,127040003.0,False
everolimus,3,DB01590,MESH:D000068338,Carcinoma of breast,MESH:D001943,C0678222,T191,254838004.0,False
everolimus,3,DB01590,MESH:D000068338,Tuberous sclerosis syndrome,MESH:D014402,C0041341,T191,7199000.0,False
everolimus,3,DB01590,MESH:D000068338,Renal cell carcinoma,MESH:D002292,C0007134,T191,702391001.0,False
sulfadiazine silver,1,DB05245,MESH:D012837,Skin ulcer,MESH:D012883,C0037299,T047,46742003.0,False
ponatinib,1,DB08901,MESH:C545373,Chronic myeloid leukemia,MESH:D015464,C0023473,T191,92818009.0,False
eliglustat,1,DB09039,MESH:C522917,Glucosylceramide beta-glucosidase deficiency,MESH:D005776,C0017205,T047,190794006.0,False
diiodohydroxyquinoline,1,DB09115,MESH:D004103,Amebic infection,MESH:D000562,C0002438,T047,111910009.0,False
