drug_name,num_ind_dc,drugbank,drug_mesh,disease_name,disease_mesh,disease_umls,cui_semantic_type,snomed_conceptid,in_dmdb
prochlorperazine,1,DB00433,MESH:D011346,Schizophrenia,MESH:D012559,C0036341,T048,58214004.0,False
lamotrigine,4,DB00555,MESH:C047781,Epilepsy,MESH:D004827,C0014544,T047,84757009.0,False
lamotrigine,4,DB00555,MESH:C047781,Lennox-Gastaut syndrome,MESH:D065768,C0238111,T047,230418006.0,False
lamotrigine,4,DB00555,MESH:C047781,Simple partial seizure,MESH:D004828,C0234974,T047,117891000119100.0,False
lamotrigine,4,DB00555,MESH:C047781,Tonic-clonic seizure,MESH:D012640,C0494475,T047,54200006.0,False
cefpodoxime proxetil,7,DB01416,"MESH:C053267,MESH:C053268",Pneumococcal pneumonia,MESH:D011018,C0155862,T047,233607000.0,False
cefpodoxime proxetil,7,DB01416,"MESH:C053267,MESH:C053268",Bacterial pneumonia,MESH:D018410,C0004626,T047,53084003.0,False
cefpodoxime proxetil,7,DB01416,"MESH:C053267,MESH:C053268",Tonsillitis,MESH:D014069,C0040425,T047,90176007.0,False
cefpodoxime proxetil,7,DB01416,"MESH:C053267,MESH:C053268",Pharyngitis,MESH:D010612,C0031350,T047,405737000.0,False
cefpodoxime proxetil,7,DB01416,"MESH:C053267,MESH:C053268",Infection due to Staphylococcus aureus,MESH:D013203,C1318973,T047,406602003.0,False
cefpodoxime proxetil,7,DB01416,"MESH:C053267,MESH:C053268",Gonorrhea,MESH:D006069,C0018081,T047,15628003.0,False
cefpodoxime proxetil,7,DB01416,"MESH:C053267,MESH:C053268",Streptococcus pyogenes infection,MESH:D013290,C0554628,T047,302809008.0,False
methyltestosterone,3,DB06710,MESH:D008777,Delayed puberty,MESH:D011628,C0034012,T046,400003000.0,False
methyltestosterone,3,DB06710,MESH:D008777,Male hypogonadism,MESH:D005058,C0151721,T047,48723006.0,False
methyltestosterone,3,DB06710,MESH:D008777,Menopausal flushing,MESH:D019584,C0600142,T184,198436008.0,False
sulfur,4,DB09353,MESH:D013455,Aphthous ulcer of mouth,MESH:D013281,C0038363,T047,426965005.0,False
sulfur,4,DB09353,MESH:D013455,Acne vulgaris,MESH:D000152,C0001144,T047,88616000.0,False
sulfur,4,DB09353,MESH:D013455,Acute necrotizing ulcerative gingivitis,MESH:D005892,C0017575,T047,399050001.0,False
sulfur,4,DB09353,MESH:D013455,Seborrheic dermatitis,MESH:D012628,C0036508,T047,50563003.0,False
pyronaridine,2,DB12975,MESH:C027871,Falciparum malaria,MESH:D016778,C0024535,T047,62676009.0,False
pyronaridine,2,DB12975,MESH:C027871,Vivax malaria,MESH:D016780,C0024537,T047,27052006.0,False
