drug_name,num_ind_dc,drugbank,drug_mesh,disease_name,disease_mesh,disease_umls,cui_semantic_type,snomed_conceptid,in_dmdb
trimethoprim,3,DB00440,MESH:D014295,Shigellosis,MESH:D004405,C0013371,T047,36188001.0,False
trimethoprim,3,DB00440,MESH:D014295,Bacterial conjunctivitis,MESH:D003234,C0009768,T047,128350005.0,False
trimethoprim,3,DB00440,MESH:D014295,Urinary tract infectious disease,MESH:D014552,C0042029,T047,68566005.0,False
lansoprazole,5,DB00448,MESH:D064747,Gastroesophageal reflux disease,MESH:D005764,C0017168,T047,235595009.0,False
lansoprazole,5,DB00448,MESH:D064747,Zollinger-Ellison syndrome,MESH:D015043,C0043515,T047,53132006.0,False
lansoprazole,5,DB00448,MESH:D064747,Gastric ulcer,MESH:D013276,C0038358,T047,397825006.0,False
lansoprazole,5,DB00448,MESH:D064747,Peptic ulcer,MESH:D010437,C0030920,T047,13200003.0,False
lansoprazole,5,DB00448,MESH:D064747,Duodenal ulcer disease,MESH:D004381,C0013295,T047,51868009.0,False
ketorolac,1,DB00465,"MESH:D020911,MESH:D020910",Allergic conjunctivitis,MESH:D003233,C0009766,T047,473460002.0,False
acetohydroxamic acid,1,DB00551,MESH:C006358,Urinary tract infectious disease,MESH:D014552,C0042029,T047,68566005.0,False
nizatidine,7,DB00585,MESH:D016567,Duodenal ulcer disease,MESH:D004381,C0013295,T047,51868009.0,False
nizatidine,7,DB00585,MESH:D016567,Gastric ulcer,MESH:D013276,C0038358,T047,397825006.0,False
nizatidine,7,DB00585,MESH:D016567,Gastroesophageal reflux disease,MESH:D005764,C0017168,T047,235595009.0,False
nizatidine,7,DB00585,MESH:D016567,Heartburn,MESH:D006356,C0018834,T184,16331000.0,False
nizatidine,7,DB00585,MESH:D016567,Peptic reflux disease,MESH:D004942,C0014869,T047,57643001.0,False
nizatidine,7,DB00585,MESH:D016567,Peptic ulcer,MESH:D010437,C0030920,T047,13200003.0,False
nizatidine,7,DB00585,MESH:D016567,Indigestion,MESH:D004415,C0013395,T184,162031009.0,False
tretinoin,3,DB00755,MESH:D014212,"Acute promyelocytic leukemia, FAB M3",MESH:D015473,C0023487,T191,110004001.0,False
tretinoin,3,DB00755,MESH:D014212,Chloasma,MESH:D008548,C0025218,T047,36209000.0,False
tretinoin,3,DB00755,MESH:D014212,Acne vulgaris,MESH:D000152,C0001144,T047,88616000.0,False
thalidomide,1,DB01041,MESH:D013792,Multiple myeloma,MESH:D009101,C0026764,T191,109989006.0,False
nitrazepam,1,DB01595,MESH:D009567,Myoclonic seizure,MESH:D004831,C0014550,T047,37356005.0,False
tienilic acid,1,DB04831,MESH:D013989,Hypertensive disorder,MESH:D006973,C0020538,T047,38341003.0,False
sucroferric oxyhydroxide,1,DB09146,"MESH:C092844,MESH:C000599459",Hyperphosphatemia,MESH:D054559,C0085681,T047,20165001.0,False
ipragliflozin,1,DB11698,MESH:C572941,Diabetes mellitus type 2,MESH:D003924,C0011860,T047,44054006.0,False
