drug_name,num_ind_dc,drugbank,drug_mesh,disease_name,disease_mesh,disease_umls,cui_semantic_type,snomed_conceptid,in_dmdb
ivermectin,2,DB00602,MESH:D007559,Infection by Onchocerca volvulus,MESH:D009855,C0029001,T047,38539003.0,False
ivermectin,2,DB00602,MESH:D007559,Infection by Strongyloides,MESH:D013322,C0038463,T047,1214006.0,False
imatinib,7,DB00619,MESH:D000068877,Dermatofibrosarcoma protuberans,MESH:D018223,C0392784,T191,276799004.0,False
imatinib,7,DB00619,MESH:D000068877,Idiopathic hypereosinophilic syndrome,MESH:D017681,C0206141,T047,423294001.0,False
imatinib,7,DB00619,MESH:D000068877,Systemic mast cell disease,MESH:D034721,C0221013,T047,397016004.0,False
imatinib,7,DB00619,MESH:D000068877,Chronic phase chronic myeloid leukemia,MESH:D015466,C0023474,T191,413847001.0,False
imatinib,7,DB00619,MESH:D000068877,Blastic phase chronic myeloid leukemia,MESH:D001752,C0005699,T191,413656006.0,False
imatinib,7,DB00619,MESH:D000068877,Chronic eosinophilic leukemia,MESH:C580364,C0346421,T191,413836008.0,False
imatinib,7,DB00619,MESH:D000068877,Gastrointestinal stromal tumor,MESH:D046152,C0238198,T191,420120006.0,False
verapamil,5,DB00661,MESH:D014700,Angina pectoris,MESH:D000787,C0002962,T033,194828000.0,False
verapamil,5,DB00661,MESH:D014700,Prinzmetal angina,MESH:D000788,C0002963,T047,87343002.0,False
verapamil,5,DB00661,MESH:D014700,Acute coronary syndrome,MESH:D054058,C0948089,T047,394659003.0,False
verapamil,5,DB00661,MESH:D014700,Atrial fibrillation,MESH:D001281,C0004238,T047,49436004.0,False
verapamil,5,DB00661,MESH:D014700,Hypertensive disorder,MESH:D006973,C0020538,T047,38341003.0,False
balsalazide,1,"DB01014,DB00244",MESH:C038637,Ulcerative colitis,MESH:D003093,C0009324,T047,64766004.0,False
quetiapine,2,DB01224,MESH:D000069348,Schizophrenia,MESH:D012559,C0036341,T048,58214004.0,False
quetiapine,2,DB01224,MESH:D000069348,"Bipolar affective disorder, current episode depression",MESH:D001714,C0005587,T048,191627008.0,False
bupranolol,2,DB08808,MESH:D002046,Glaucoma,MESH:D005901,C0017601,T047,23986001.0,False
bupranolol,2,DB08808,MESH:D002046,Hypertensive disorder,MESH:D006973,C0020538,T047,38341003.0,False
dosulepin,1,DB09167,MESH:D004308,Major depressive disorder,MESH:D003865,C1269683,T048,370143000.0,False
