drug_name,num_ind_dc,drugbank,drug_mesh,disease_name,disease_mesh,disease_umls,cui_semantic_type,snomed_conceptid,in_dmdb
medrysone,6,DB00253,MESH:C100283,Uveitis,MESH:D014605,C0042164,T047,128473001.0,False
medrysone,6,DB00253,MESH:C100283,Corneal ulcer,MESH:D003320,C0010043,T020,91514001.0,False
medrysone,6,DB00253,MESH:C100283,Allergic conjunctivitis,MESH:D003233,C0009766,T047,473460002.0,False
medrysone,6,DB00253,MESH:C100283,Rosacea,MESH:D012393,C0035854,T047,398909004.0,False
medrysone,6,DB00253,MESH:C100283,Iritis,MESH:D007500,C0022081,T047,65074000.0,False
medrysone,6,DB00253,MESH:C100283,Iridocyclitis,MESH:D015863,C0022073,T047,77971008.0,False
alendronic acid,2,DB00630,MESH:D019386,Postmenopausal osteoporosis,MESH:D015663,C0029458,T047,102447009.0,False
alendronic acid,2,DB00630,MESH:D019386,Osteitis deformans,MESH:D010001,C0029401,T047,2089002.0,False
diflunisal,4,DB00861,MESH:D004061,Osteoarthritis,MESH:D010003,C0029408,T047,396275006.0,False
diflunisal,4,DB00861,MESH:D004061,Rheumatoid arthritis,MESH:D001172,C0003873,T047,69896004.0,False
diflunisal,4,DB00861,MESH:D004061,Pain,MESH:D010146,C0030193,T184,22253000.0,False
diflunisal,4,DB00861,MESH:D004061,Chronic pain,MESH:D059350,C0150055,T047,82423001.0,False
polythiazide,1,DB01324,MESH:D011139,Hypertensive disorder,MESH:D006973,C0020538,T047,38341003.0,False
mepyramine,9,DB06691,MESH:D011738,Common cold,MESH:D003139,C0009443,T047,82272006.0,False
mepyramine,9,DB06691,MESH:D011738,Allergic conjunctivitis,MESH:D003233,C0009766,T047,473460002.0,False
mepyramine,9,DB06691,MESH:D011738,Seasonal allergic rhinitis,MESH:D006255,C0018621,T047,367498001.0,False
mepyramine,9,DB06691,MESH:D011738,Sneezing,MESH:D012912,C0037383,T033,76067001.0,False
mepyramine,9,DB06691,MESH:D011738,Allergic rhinitis,MESH:D065631,C2607914,T047,61582004.0,False
mepyramine,9,DB06691,MESH:D011738,Dysmenorrhea,MESH:D004412,C0013390,T046,266599000.0,False
mepyramine,9,DB06691,MESH:D011738,Vasomotor rhinitis,MESH:D012223,C0035460,T047,8229003.0,False
mepyramine,9,DB06691,MESH:D011738,Urticaria,MESH:D014581,C0042109,T047,126485001.0,False
mepyramine,9,DB06691,MESH:D011738,Itching of skin,MESH:D011537,C0033774,T184,418363000.0,False
azilsartan medoxomil,1,DB08822,"MESH:C521273,MESH:C557413",Hypertensive disorder,MESH:D006973,C0020538,T047,38341003.0,False
teriflunomide,1,DB08880,MESH:C527525,Multiple sclerosis,MESH:D009103,C0026769,T047,24700007.0,False
catridecacog,1,DB09310,,Hereditary factor XIII A subunit deficiency,MESH:C567691,C2584877,T047,439455002.0,False
